sample_id,price
100179,12.15
245611,13.75
146263,16.6
95658,8.086
36806,45.06
148239,7.035
92659,13.58
3780,11.23
196940,15.85
20472,6.867
121721,24.14
127336,4.098
20801,57.56
30103,6.246
68691,13.75
230703,19.92
3342,48.8
115635,16.94
221565,11.74
265927,18.02
290421,11.086
222203,2.4
40595,6.652
157931,14.164
41814,9.24
250478,43.12
130232,4.42
155825,13.81
42104,9.3
148748,49.3
247548,45.25
262167,25.05
100183,14.28
168985,2.697
18411,79.4
111287,20.5
156813,3.885
194861,2.883
104298,13.52
59033,17.98
31133,8.016
299318,2.855
255038,9.875
220578,71.06
38995,9.8
253068,8.96
282143,12.25
226531,15.266
233215,56.44
33295,5.246
198185,20.17
238324,3.307
121672,23.14
21434,13.64
61747,13.52
270417,16.28
105202,12.33
202880,9.22
79564,15.914
251317,36.0
205434,13.1
15315,8.484
276163,13.95
245021,18.31
25664,29.03
90451,4.54
5215,10.99
68223,41.28
135447,28.86
58777,41.34
73979,21.8
173699,5.18
201120,9.46
64448,10.555
243239,28.75
280496,24.34
293812,9.875
35203,3.166
31858,32.5
162188,5.516
193450,18.62
34991,5.727
232133,15.85
294874,1.829
160416,13.555
104466,14.13
284624,1.974
19742,58.28
87611,19.77
227957,89.4
68427,13.414
204601,28.8
107223,9.8
237588,24.69
1313,5.277
196900,6.625
22107,32.5
73030,4.664
181909,23.75
23045,12.695
142744,126.94
169122,10.51
239815,17.19
41952,21.94
227911,5.113
31484,8.11
252567,2.146
225977,27.83
48243,11.87
201046,29.27
161001,101.8
292827,21.45
159584,9.875
281316,11.47
224188,1.913
281823,11.52
214851,24.14
67570,29.1
102740,15.33
11978,23.0
289925,18.66
40458,4.805
278700,21.94
38662,10.74
99886,17.28
172816,12.99
275563,9.14
26172,7.15
277062,5.234
82592,10.97
266300,8.58
202617,41.53
234007,34.8
78684,11.59
42824,7.49
128386,8.91
252965,5.31
277363,6.535
54646,10.07
149645,16.6
206564,10.13
29321,16.14
193776,10.07
60214,33.3
133606,12.88
95844,18.73
75072,3.03
71643,23.28
297677,4.984
298180,15.555
267622,5.81
129731,17.69
72776,14.734
286221,28.11
93467,4.61
173148,14.34
143720,72.75
52592,16.08
225085,10.6
213670,6.105
142420,54.7
1008,5.63
128631,32.2
44224,6.684
16363,29.69
64551,24.05
217996,19.77
262406,2.65
165161,17.28
238864,21.94
227930,23.05
77202,12.41
193685,14.016
114683,24.55
197108,21.72
200477,2.48
144035,26.72
281994,3.955
63221,82.25
269260,19.72
284873,2.848
94407,30.78
243579,26.23
51262,19.05
115285,12.914
247763,50.1
298054,17.98
275947,4.78
33858,12.25
189285,105.06
62318,42.88
93113,3.826
155548,2.44
220244,35.6
22363,5.5
295868,1.934
212510,71.06
232238,7.406
269310,11.84
134611,9.26
154663,15.945
248314,4.99
59089,24.64
37902,7.984
247147,19.77
80803,18.28
121057,15.586
30163,10.92
154861,9.75
41265,14.31
160502,11.305
290401,10.945
62782,15.81
151651,5.5
226249,15.78
48224,9.69
146944,102.6
3438,15.2
161259,83.9
47173,29.81
25800,5.113
50001,13.35
290756,5.234
181986,23.42
10843,11.79
190551,2.172
85154,6.58
134653,5.645
229643,5.434
95464,4.32
54059,11.84
115479,6.55
97906,20.94
127371,5.668
24362,8.34
118312,9.55
22583,11.79
19732,50.7
212955,8.52
21886,8.016
224325,13.555
203894,1.731
191752,6.52
286196,22.58
248824,26.03
43717,20.02
262589,12.016
140499,18.23
242880,15.69
201240,6.79
89117,2.658
298713,7.64
271738,3.99
38576,26.56
950,13.13
79433,9.71
66341,11.664
55422,12.305
182312,14.555
866,16.14
162209,2.826
287083,24.19
265459,5.33
296124,3.902
15509,10.266
112466,18.17
101382,19.2
282568,17.72
92557,5.215
283523,8.055
168873,10.23
223932,9.44
199772,6.637
33589,10.67
235524,40.22
100593,22.03
295833,5.875
194828,7.83
173679,12.59
84443,9.9
19827,28.86
159217,48.8
200101,4.805
40815,20.17
106079,13.93
287913,15.88
286246,29.03
230574,9.16
73645,89.75
56580,37.72
185057,7.227
110193,18.66
265456,4.305
272119,20.12
73684,10.9
84917,6.926
254051,4.773
213640,3.121
5941,7.758
192025,91.9
295491,9.12
14394,14.46
219359,15.266
292038,5.0
236046,18.36
219569,6.7
251251,4.844
193520,12.38
153393,4.637
112673,6.39
66961,11.97
59610,24.44
187539,15.49
196138,75.4
27796,3.875
192821,37.94
217441,15.72
106554,13.93
203432,4.395
73634,89.0
53665,4.348
226789,11.64
46549,10.03
234314,18.39
112654,5.33
239127,10.58
93245,10.445
207744,8.055
17530,4.55
221997,37.34
45669,4.93
166053,10.875
270552,15.65
183394,27.48
7286,90.8
111584,18.31
168394,5.92
294463,12.64
18251,59.44
203229,34.3
2599,15.62
154170,9.26
213714,11.42
11554,11.445
262927,7.688
156465,11.55
53995,51.4
129260,44.62
281072,11.11
29191,15.33
246389,22.3
102936,9.28
63126,20.72
21235,17.39
176587,8.84
111728,14.43
140389,4.344
224260,13.49
95308,25.45
149658,10.51
97804,6.434
174598,19.2
19672,56.44
216342,5.535
281952,5.59
53666,43.12
258593,11.62
33650,12.805
43438,10.6
148107,28.0
98687,11.62
213206,3.738
245479,50.78
236509,21.45
251785,16.08
20793,38.56
64682,25.2
150402,17.77
131447,15.72
47344,19.2
56390,16.14
28935,14.016
276468,6.652
129644,15.17
129059,40.88
161246,46.8
147844,35.38
143756,14.92
103131,7.355
286238,19.12
8708,23.05
241039,4.74
89737,11.33
147371,34.53
68808,7.164
89225,21.06
184365,11.57
109431,33.3
77529,30.11
252679,25.61
74699,10.76
225191,23.1
47314,7.93
190037,14.05
283484,4.742
4624,6.176
37365,2.664
150520,9.38
160793,12.97
288758,5.676
70721,15.52
153130,9.92
253230,8.414
11371,12.46
134200,6.15
46636,8.83
255775,22.81
134099,13.87
132998,17.55
245102,17.05
106588,15.75
40475,7.914
35737,9.836
75488,4.965
243789,20.34
93502,13.555
233628,16.28
86958,15.914
98928,7.355
215242,49.4
264446,4.406
199345,9.52
153369,17.0
242403,11.62
195633,39.03
253943,11.82
210835,9.14
203602,11.016
24911,41.94
82198,7.57
222247,24.23
192793,23.84
104529,7.37
31090,12.97
11109,4.016
125529,6.99
120658,24.8
235470,27.44
216872,13.08
1366,71.06
133729,24.8
139689,20.67
279258,6.367
97282,5.2
288383,8.83
116389,10.42
173568,23.52
262785,2.81
92633,11.26
219247,24.05
254679,15.586
68759,23.47
114484,17.08
77864,8.11
264420,8.18
68473,19.12
284648,2.531
33357,2.867
103968,27.48
49470,19.08
28890,6.85
200182,17.88
104436,39.25
88704,5.508
49343,20.6
146051,15.016
75411,9.24
81149,14.7
290573,60.38
151498,15.39
291639,55.12
56972,6.82
70534,12.195
182536,9.32
254227,13.61
133565,10.67
86422,2.959
198654,15.17
224439,9.46
122263,9.0
246957,8.6
228792,21.45
151419,32.5
180019,8.125
269000,10.2
126116,9.9
72182,16.94
50911,29.2
22336,2.848
85561,63.84
248192,4.914
93970,5.125
213816,8.96
16889,14.1
15442,15.555
203089,10.555
279417,4.28
193127,6.58
198525,26.14
219538,28.22
90945,35.66
254383,12.51
115404,9.4
96786,3.71
259493,12.41
173435,25.14
73281,11.375
199003,20.8
238125,48.62
230530,22.67
27633,10.07
92118,5.312
212816,11.04
89159,3.56
131701,13.38
34332,13.58
78208,12.805
130144,20.67
181900,6.324
147260,59.9
21298,13.73
78630,16.52
145463,18.36
181331,3.578
68026,15.945
107328,11.52
12930,48.22
255057,7.54
273075,23.28
41615,28.52
87308,25.61
5700,2.44
171022,25.1
95699,12.12
7807,28.75
14094,10.67
220034,95.56
188365,5.676
294134,8.32
289489,8.75
29363,7.473
142340,15.81
159952,1.748
239851,24.44
86371,16.48
181699,5.82
95608,9.875
167151,43.38
203800,12.695
260961,5.508
561,21.62
219613,11.42
298494,8.25
118689,14.31
270488,14.13
153189,4.88
258769,11.26
135071,8.87
269187,19.33
66891,11.72
237849,9.625
213497,39.97
96083,8.11
209195,8.11
258460,15.98
102916,8.77
11926,27.83
84021,2.396
160011,16.08
192787,8.4
186032,11.64
269038,10.23
210521,13.81
259077,8.29
245588,15.08
61349,20.17
2440,52.03
93741,3.264
126159,13.16
108584,11.35
138883,8.71
100547,17.55
114363,19.48
19186,38.3
58644,18.84
143305,43.47
248939,38.2
155123,9.38
260415,3.922
58579,10.29
261276,13.555
178859,7.504
157472,152.1
6061,13.95
212250,13.33
242470,11.2
284155,4.008
159980,15.266
187478,18.62
275879,2.947
206880,11.375
99207,29.39
271559,7.133
206246,15.17
250007,14.4
116474,7.098
96162,11.33
203860,25.88
20598,27.89
187229,2.797
71704,20.72
190838,13.05
235135,11.33
235858,14.43
199593,123.5
145032,59.9
181022,4.816
59796,36.38
177029,18.05
261606,31.16
193771,8.51
294082,56.22
190929,9.24
89431,23.95
235156,32.9
225340,17.58
129273,5.086
172668,8.96
109500,15.2
186350,7.37
68038,27.94
31763,16.55
41720,16.14
206618,9.945
172690,15.3
292208,27.72
273819,21.77
243462,9.06
222467,34.03
195771,93.0
280455,8.52
42717,11.664
108167,82.25
149325,31.03
23108,12.78
213975,48.62
211807,32.38
216954,3.352
280860,15.42
156949,106.3
86615,3.205
269871,7.34
145774,54.03
123375,24.84
234458,6.58
93601,6.023
82740,13.555
585,22.67
153138,27.27
268890,2.697
12259,12.07
263044,56.22
124328,11.06
69112,11.945
21188,31.53
246496,1.683
196498,52.66
224332,5.203
96918,5.438
295943,10.266
40707,11.23
65413,10.18
282995,13.35
133095,23.14
162703,9.26
181635,7.88
263120,57.56
3844,22.58
115790,84.9
113251,25.1
71533,10.99
148489,26.67
88065,9.52
165586,10.03
49484,9.664
294861,3.941
151927,8.45
96260,32.38
224569,4.406
93633,15.555
161841,39.34
4587,5.438
64108,25.34
285222,4.035
152321,28.75
72587,12.94
76131,8.305
241293,19.56
23244,27.89
35269,4.793
121417,9.586
33621,4.805
200873,19.8
47677,12.305
130261,118.75
218381,29.75
173929,8.234
149574,27.66
168096,7.688
118282,11.42
87015,2.986
14230,16.42
82975,68.8
42344,2.875
242296,13.93
111057,90.44
136594,7.227
253070,7.15
96763,8.55
33204,11.59
270874,23.8
256601,4.867
208413,21.11
298683,18.17
150326,8.195
220519,5.555
9857,9.42
290547,28.17
67868,4.89
211946,9.16
54814,14.86
225051,9.65
160216,10.78
281718,7.258
91925,28.56
170581,4.508
145478,51.2
271849,6.684
13784,101.4
179242,67.75
146924,101.4
160154,15.945
206004,71.06
137077,21.84
232088,2.852
138573,25.0
72899,37.4
69429,17.58
68563,18.12
238751,8.66
161463,136.8
104111,7.793
241769,15.3
172917,4.69
238606,5.723
124573,19.97
2595,58.97
77740,7.49
142206,56.0
220175,20.38
37564,7.258
98411,6.402
48457,10.35
101213,10.35
177251,29.39
290059,19.77
269407,9.06
131995,4.938
67627,14.83
257663,21.58
66787,7.758
207505,25.61
98495,14.13
192061,31.98
53926,17.55
81707,16.14
249939,3.98
15944,5.59
165256,14.19
51295,16.05
68267,8.32
91451,6.492
2643,24.34
172860,8.195
52304,12.25
37360,8.984
131094,146.2
225345,28.92
273492,2.393
132873,33.03
122581,8.414
8477,20.94
291815,76.3
9906,18.31
235965,14.61
150813,4.137
137502,6.14
37884,10.42
32935,76.0
16356,25.1
160397,10.945
246582,8.414
251047,68.0
238229,7.742
268140,22.58
285647,10.07
205476,15.016
72760,22.53
123497,23.0
135883,23.14
294868,6.625
182893,14.86
34256,19.72
40245,5.27
163481,23.1
122295,27.0
103549,13.22
41805,10.76
176189,27.38
247981,22.48
273162,5.227
218014,9.4
173287,31.1
228521,35.16
4085,41.84
250264,3.893
243175,13.44
111173,4.547
28397,8.055
245278,4.51
225737,40.38
62994,25.66
242806,29.86
49803,12.05
61129,21.53
228049,34.3
249685,10.05
45483,14.13
131429,8.88
111526,15.65
80331,5.414
247751,7.438
125678,16.14
17653,12.46
247554,6.91
275883,17.83
206589,10.67
251032,7.52
259755,25.34
84440,25.34
159961,13.24
112877,13.93
253382,16.52
250983,35.03
282664,48.03
97341,31.4
36515,8.734
83147,8.055
192661,21.72
152197,29.33
72332,84.9
118545,55.12
262703,20.94
198416,18.1
71620,69.94
244418,28.11
224198,11.914
99432,17.66
186420,2.97
289158,21.4
299075,2.24
262174,28.28
233857,102.2
240224,19.72
6756,128.5
150633,11.18
272890,13.78
67600,14.734
35062,25.5
288668,10.555
279969,19.64
138058,31.98
110543,15.914
134521,5.203
188758,27.83
34525,10.695
81272,9.18
80680,14.016
144552,4.62
7534,12.51
93379,21.28
114906,15.88
282486,3.088
154308,16.31
108083,5.33
131798,18.97
199061,9.984
185391,16.62
237552,21.72
269109,10.07
64217,13.984
17615,6.773
108257,17.25
218391,27.61
108677,5.586
189533,7.773
51148,35.6
81843,5.63
52612,40.47
180601,23.47
291151,8.75
147446,25.88
299342,4.55
45505,4.316
253050,8.18
54180,14.95
98146,16.19
33091,7.273
12835,6.79
276059,2.623
72065,23.52
71828,44.62
294942,5.258
149166,7.164
198178,25.45
165351,7.914
20252,62.84
237631,10.875
71004,2.518
280509,7.082
289924,11.26
54746,8.64
176590,43.3
38846,8.21
194370,14.984
177458,14.95
66525,10.42
67988,7.57
32466,10.99
38063,23.9
53939,23.75
30198,16.42
232255,21.23
108071,20.77
191326,29.56
297511,3.646
113972,29.69
296502,34.38
32107,23.47
164098,4.664
192778,24.19
30013,5.406
197109,18.1
191931,3.697
199065,12.15
235818,4.914
204768,13.95
219877,28.92
127940,28.17
204244,35.3
150236,9.44
192756,19.89
126326,4.78
51976,18.84
90862,14.7
209828,32.84
265703,17.44
292515,36.8
213828,22.3
278903,13.695
58531,12.05
13995,4.164
208619,14.28
22631,14.37
57620,54.47
24744,10.13
293147,4.51
142405,51.1
241784,20.89
134121,3.373
153927,23.66
74538,16.62
171555,6.066
276092,4.434
18849,52.22
177283,69.1
118811,16.28
143713,25.77
123583,16.55
70883,6.418
159299,4.266
100,4.52
40128,8.984
185633,62.1
92987,11.49
54133,19.48
181961,11.55
115533,18.58
31238,7.258
293072,2.436
296357,11.33
290944,16.11
232184,16.25
95223,20.25
6067,31.47
102264,36.9
90041,21.02
90616,8.11
62663,19.77
48305,4.605
220246,5.895
112759,16.97
162741,16.28
212595,21.77
281378,17.47
294187,2.26
24375,4.195
217378,8.62
236052,16.97
22340,10.6
38836,5.055
111996,7.37
296349,10.03
78659,12.23
166750,10.58
181280,4.36
77402,7.984
84240,12.88
88957,12.43
6917,4.047
17551,2.76
197490,15.36
225904,8.375
42862,15.98
101377,155.8
54696,7.67
96298,10.99
174007,19.17
125763,17.08
178461,16.48
135641,24.6
61107,13.44
268057,7.67
138586,15.2
226417,14.016
66135,26.14
132622,4.46
147831,53.06
146885,46.72
36446,20.47
59507,127.94
291266,8.266
59032,7.293
212230,17.22
28134,3.252
109823,24.34
278006,8.484
70225,34.75
179951,8.07
204742,12.59
31700,5.95
263696,14.34
107748,9.625
54177,25.72
103713,13.22
252849,32.44
12584,30.3
208075,2.633
2908,11.82
265635,2.68
232851,31.16
47534,9.38
116116,25.05
295695,4.188
231017,14.86
168527,12.59
150335,10.01
169818,19.33
129882,13.52
64693,10.695
201247,22.2
206710,15.17
35852,4.62
66557,32.06
270879,27.11
98390,8.16
134361,7.49
221624,26.19
270028,4.344
265893,1.88
220059,108.0
32841,12.99
128188,33.97
193657,17.69
55555,12.43
159073,10.945
247278,4.645
210903,6.58
196686,21.89
193876,18.47
108395,13.81
277014,12.43
268519,10.16
224617,15.65
298159,16.66
25635,16.8
109882,8.96
270257,18.31
126196,54.47
18378,6.58
295107,27.27
218450,12.86
149391,21.11
267166,10.07
54508,17.0
168959,3.387
119411,15.69
80409,8.79
91737,7.324
188998,14.766
103642,25.25
233233,2.125
63970,5.387
93980,16.19
143005,24.1
2109,98.25
277665,45.6
256184,2.354
285066,17.47
156971,130.0
261957,18.81
168263,43.12
99515,15.05
126749,1.788
227782,43.22
166618,40.12
39951,2.629
257848,3.832
108150,22.48
200530,32.12
297760,27.61
62432,14.555
256205,17.28
170972,5.285
281533,17.25
273034,6.773
134965,9.73
287158,11.2
129771,15.65
125804,17.44
260441,9.16
103079,17.58
104291,18.36
92654,7.67
63907,24.69
141737,10.375
91965,26.34
186422,5.215
208110,9.77
150732,10.83
177490,11.42
25248,20.94
105702,11.33
125023,2.244
238925,6.316
25272,36.53
114246,45.88
221673,23.14
126294,22.25
81752,9.984
142107,84.56
53451,31.92
66905,38.56
3427,6.35
76962,5.47
288495,6.375
30669,10.23
120053,8.21
99805,10.445
110607,50.5
105933,14.92
10890,16.52
203610,12.27
59194,22.9
252812,26.78
204655,18.66
83686,8.14
97682,27.55
297431,5.223
243788,27.44
229366,16.77
142987,42.7
169795,13.02
186398,10.03
49005,16.86
230152,12.07
220700,6.297
187447,12.25
171027,10.9
268837,4.492
260436,8.125
78469,14.016
187518,3.223
94427,3.674
7978,11.18
238128,8.77
176944,20.47
261059,15.33
143866,103.44
141597,11.62
113784,6.043
162718,3.893
15235,46.16
168739,8.11
29198,26.5
172392,10.67
140857,17.08
232539,31.61
200770,16.08
95206,12.46
21225,18.36
165923,21.89
286031,9.06
123402,8.52
141345,26.72
185235,10.76
149059,38.03
126256,10.18
55783,29.1
10149,14.19
23157,21.11
62986,71.9
83341,8.125
211693,12.43
270827,50.78
92432,9.46
222635,12.15
1697,73.3
31580,6.16
258898,14.7
21527,10.07
50846,19.2
156214,20.6
76180,6.52
78263,26.4
121612,20.5
207258,32.78
130277,48.03
14924,8.55
10881,6.39
235096,27.0
292225,6.05
95527,115.5
14258,19.77
108941,16.62
235808,27.38
225930,16.38
177018,7.37
159079,11.55
178963,12.75
51085,11.47
212100,7.133
160711,4.027
75286,13.75
286053,4.57
152792,11.23
70066,10.23
159387,13.47
10572,8.414
220281,15.72
106708,14.89
203718,19.69
185346,14.8
219491,16.02
281638,7.605
79927,19.17
213410,21.58
112120,24.23
48286,15.17
148933,7.453
66895,23.7
182996,5.887
14150,25.4
11061,27.22
273229,5.95
211317,14.4
231288,13.24
77503,7.52
273639,3.234
150509,19.69
77546,10.2
18828,25.88
191665,8.62
91317,12.016
279237,10.4
8579,17.33
58640,20.34
201927,32.56
208477,9.96
246076,25.3
8845,5.695
261725,3.588
142778,54.03
218490,33.97
233234,25.88
245731,17.08
44727,7.293
80256,28.11
32469,2.684
102725,8.96
105769,43.47
31581,8.4
189690,10.01
42953,19.44
273979,9.836
183110,51.1
262975,13.47
135559,12.75
144351,42.03
156961,122.06
78202,25.61
5839,14.22
98816,68.8
167014,23.95
19528,38.47
188562,10.03
163994,7.34
205167,15.016
159055,7.844
24339,3.443
246105,36.75
259530,25.25
240687,16.66
114356,15.11
46411,22.16
259424,9.3
55130,9.1
270067,4.465
42354,12.67
55257,32.97
268795,17.77
203007,23.14
82346,12.99
171973,3.344
253670,7.844
91929,29.45
107945,8.375
88463,7.004
249589,6.742
144291,38.1
193784,64.9
241171,13.695
10026,2.633
116696,33.97
160409,13.64
122791,6.7
18520,4.547
13879,6.7
108740,8.734
135218,5.035
52274,29.81
229017,22.25
93398,3.348
203053,6.36
193750,12.86
252485,7.723
66717,13.58
96895,15.65
106272,1.8545
232218,11.28
19384,60.16
116893,28.69
94264,16.66
117901,39.56
478,14.34
124898,36.1
138891,16.14
218022,6.73
295673,8.96
41419,9.22
111707,21.02
164308,23.8
102693,5.98
141165,15.42
129284,4.137
227998,8.47
127882,20.8
3329,21.45
144976,81.94
38810,5.168
107415,27.16
42496,12.75
250788,15.88
209778,14.164
209136,19.08
81425,3.01
96085,28.62
167970,13.27
78824,9.336
158275,13.13
251270,18.31
107409,70.2
180559,6.383
199297,5.59
71013,16.83
104377,15.72
299076,9.836
52017,10.18
185939,9.42
24224,7.52
45119,8.71
88307,49.3
12908,12.305
102792,22.86
232971,40.88
119791,18.02
67478,16.22
233932,7.64
205940,5.01
34137,18.17
91420,18.58
230500,6.348
99710,18.89
235133,31.73
277213,14.46
19400,61.84
237456,15.016
121658,23.9
277650,33.84
72039,132.0
71798,29.75
182421,4.78
115809,15.586
181534,15.75
278074,9.195
221153,10.445
34217,8.945
76530,21.19
99918,4.24
195304,65.6
121675,15.11
6391,13.27
74840,19.33
144601,5.99
39779,4.875
110498,39.25
58544,8.414
245826,24.23
32038,17.98
290287,11.64
138206,5.707
254594,20.77
88596,2.44
30663,14.016
26006,35.72
145548,30.23
148101,26.23
141848,13.16
6906,11.57
279520,19.33
192534,12.59
11945,3.584
259340,9.04
61497,12.43
220790,11.72
277751,32.25
229576,13.02
116966,13.44
204069,19.72
126551,10.375
295654,5.406
270357,36.44
18148,58.28
232214,6.883
162939,19.17
12546,21.58
251774,24.48
11133,21.19
84116,9.836
246757,9.36
122786,12.41
115689,27.61
49148,14.58
274677,8.62
102435,4.39
273393,14.07
263331,6.22
195072,3.53
142437,17.58
293080,41.53
163937,6.46
111016,11.42
171733,5.812
1756,41.34
77414,22.34
173275,15.78
205642,9.75
52045,13.3
155623,14.83
91604,7.31
8252,25.2
28345,18.23
203742,13.984
293998,17.36
140772,9.26
142390,82.56
280907,40.12
145442,14.34
62879,22.3
90372,4.688
36505,5.97
18625,8.14
202358,13.44
108642,70.2
291391,21.67
183424,26.67
266503,9.484
141135,4.867
185316,8.75
207405,9.96
119435,18.78
77520,3.252
288397,44.1
246351,31.1
207538,21.02
21280,17.55
93999,19.97
250001,20.22
2574,56.44
259032,31.16
60773,15.14
66704,25.56
100337,4.93
29923,15.33
37393,3.494
228449,13.1
35480,26.94
85156,22.39
207757,22.62
230304,10.6
244204,24.19
285882,8.36
260548,31.61
286264,21.06
77844,64.9
40401,2.041
168487,15.81
15528,16.42
48602,3.71
89330,17.36
4253,10.945
213784,21.53
289599,14.67
126466,21.77
246566,7.438
206510,23.1
33044,2.314
97658,15.65
136494,7.406
108725,18.84
33210,17.55
114556,11.23
14022,21.89
158290,20.02
108276,25.3
212604,48.3
153881,8.266
39523,17.9
101103,4.023
148740,76.9
288474,20.47
131804,10.16
210826,4.137
273838,13.08
257052,6.383
178150,11.305
123792,8.266
284610,5.242
193682,7.688
149079,12.38
2371,36.66
163451,50.38
203425,17.14
292779,3.898
284785,7.02
236665,32.12
127883,6.562
96069,13.35
49916,20.6
251923,4.93
270851,20.94
98612,3.697
18020,26.89
162210,3.809
275984,9.9
124489,5.81
124677,29.62
203442,24.0
194657,7.62
293709,14.92
246040,20.8
274872,9.52
135539,20.67
153064,21.14
91856,12.43
198319,40.06
93973,22.44
29983,7.59
260808,33.56
190142,18.73
22826,9.0
53138,9.02
256530,5.355
107397,22.3
68306,16.86
248745,21.67
24589,5.58
183503,11.086
264658,13.33
73369,13.47
244074,15.36
117186,38.62
47478,10.625
179839,139.5
188053,9.69
247206,27.05
43765,17.05
278895,13.93
130185,121.06
267839,33.38
3623,95.56
175954,13.836
115079,12.99
118883,27.38
238712,6.895
63586,5.727
211835,46.06
97336,5.63
185621,8.414
97058,6.16
157656,35.22
157002,143.4
267838,20.47
194177,15.62
113708,15.36
148282,21.58
34321,68.56
96243,48.8
59654,15.555
222004,5.656
127064,15.78
289706,5.832
18006,57.12
257516,7.965
81683,5.27
258893,30.6
66471,25.14
140803,21.53
14277,10.9
44684,4.953
180021,1.849
258645,3.018
49587,10.72
289863,21.62
159364,8.04
51612,22.08
205411,15.234
12943,8.56
129987,15.72
96188,6.39
122802,9.46
257025,10.2
72636,11.375
162215,4.41
152772,12.23
179939,3.215
138399,64.9
249543,8.16
249020,26.94
122833,8.375
271412,17.55
124835,43.9
154566,7.555
121405,9.69
101455,25.45
233564,14.34
95316,14.8
270442,20.34
285998,22.95
228115,23.14
279862,64.4
255208,27.48
153190,3.605
48820,5.81
90531,2.512
287905,29.98
191101,4.04
39897,13.35
73248,3.336
248766,4.723
200685,20.55
298279,9.6
243019,8.11
269130,6.367
145566,59.44
275614,11.11
118424,13.58
249258,13.3
173346,3.084
63315,13.73
5999,4.484
174643,7.504
116852,18.2
17331,17.72
128684,148.6
64891,16.8
196107,70.5
173769,52.84
274108,12.86
227245,37.12
208172,11.695
35713,8.16
4228,40.28
37698,12.23
244638,5.242
222438,11.47
238809,15.17
46468,7.49
261438,4.914
276592,2.104
185358,13.52
563,8.086
248853,2.611
201854,4.598
41804,4.59
163383,4.547
241045,7.895
176690,63.34
199013,24.69
5049,24.64
18103,27.27
70368,12.43
194989,4.02
63755,16.48
62094,12.484
134245,9.12
57385,54.7
208497,21.45
36651,15.14
246980,28.75
10044,13.9
141843,21.62
85713,4.656
257327,13.3
74313,15.78
11925,9.08
167721,21.53
195473,59.44
235239,30.11
161993,5.812
299100,2.822
20223,17.05
148819,68.3
218001,10.09
289317,12.64
155603,1.862
79881,17.14
138943,14.58
141275,11.47
165333,19.77
282196,2.064
187953,2.434
183124,19.61
28917,3.072
226690,11.914
87274,6.066
121617,9.24
197338,13.75
63369,6.94
214425,38.4
128445,11.914
119307,10.805
164977,9.12
227653,14.58
232991,50.7
276122,3.244
246912,8.71
136884,2.545
262784,27.22
274631,28.92
207289,4.645
259926,4.91
241583,15.42
121328,15.17
288533,8.88
40594,12.195
154362,16.05
224020,10.875
56571,8.266
194299,19.4
1735,109.3
37040,3.182
114797,25.97
150880,5.19
6302,41.53
172342,28.86
35355,2.49
216781,25.56
80593,104.25
175468,2.42
278023,11.35
256468,8.52
66059,12.195
78155,8.25
280307,4.83
231867,43.38
285593,2.584
33445,6.086
237449,20.8
264094,11.18
17565,13.22
250594,22.08
60260,19.72
82893,19.48
176177,11.04
80047,8.36
4352,37.72
188351,4.562
13738,84.9
40621,5.855
30435,10.47
251811,22.77
156429,9.3
260946,5.145
184191,7.773
289703,15.69
280898,6.105
294496,28.39
171805,6.742
79155,21.72
284083,4.344
258620,7.035
73505,12.016
215062,22.39
296681,13.44
270522,5.21
289218,11.89
53524,140.1
86498,7.02
255537,11.26
227888,33.3
276977,19.05
13878,65.9
95816,12.78
189092,21.4
78909,5.27
207782,24.0
281807,36.53
228906,8.195
57438,31.28
6779,6.03
170641,18.17
51653,6.85
122973,10.01
95801,8.88
256126,5.01
143152,19.64
11722,6.85
251048,20.55
73604,13.02
256341,4.605
184745,26.3
203288,23.28
159363,27.11
7067,20.8
76909,12.46
170054,20.17
286970,12.54
289696,12.05
242334,37.62
45948,8.32
249740,8.125
105367,13.27
65445,12.695
233943,35.8
219998,19.4
281897,5.59
1672,57.34
2279,15.266
184441,13.19
214873,17.94
133839,10.09
26113,13.414
45517,11.23
198660,9.46
125474,23.47
37923,42.88
42621,12.56
287410,1.937
13020,19.52
205339,24.73
171985,7.438
100990,28.69
250189,21.94
120540,9.484
153733,2.176
104160,18.97
49114,4.47
233536,19.77
65864,24.3
180655,11.2
146413,33.72
242420,16.83
261890,13.1
165881,4.188
126484,13.1
205132,13.87
161221,46.34
184583,13.64
50395,28.0
264632,19.28
145495,82.56
11089,12.86
114553,29.1
106630,9.18
221337,8.75
150766,23.52
205357,27.55
14009,1.662
233466,19.12
143208,26.19
61659,20.67
28450,7.86
40650,5.54
246251,29.03
298991,10.805
268358,11.62
174278,9.56
54127,29.5
278277,22.2
38552,7.258
149194,70.5
43030,12.64
295823,9.625
152069,9.484
13093,3.54
274579,14.05
159126,4.08
233196,10.03
234868,44.44
79779,17.19
57404,17.98
234699,66.94
265538,24.1
161026,34.8
64629,15.36
187775,6.926
287575,3.057
106434,14.89
18749,62.34
226295,11.97
226456,10.336
14997,17.33
27226,1.731
140949,9.38
173043,5.887
259137,5.695
255883,1.709
180578,20.25
195167,84.9
36799,26.03
582,7.164
193319,5.92
77773,23.0
60386,6.492
205744,8.805
250582,21.89
253088,6.7
35100,6.535
153930,15.78
220749,111.0
114562,2.229
131437,149.8
251915,4.9
279420,8.56
217628,64.6
102480,14.52
123331,13.19
20744,54.03
91850,12.51
234072,9.18
134981,4.04
125510,6.086
190801,5.137
68091,8.086
180026,22.12
289276,5.848
181112,3.219
13901,41.7
252350,4.535
297815,24.34
92107,6.016
231692,18.36
254622,8.87
190419,8.695
160068,6.324
172782,7.355
244455,11.13
261171,8.88
152962,17.69
146268,20.42
71670,28.39
183476,2.64
128483,68.8
1269,17.83
18861,57.34
205667,11.766
247555,10.23
153482,2.86
93508,4.523
107948,59.2
238233,10.24
11128,12.38
39607,22.16
28411,4.973
54924,12.88
290625,8.25
123741,13.414
148314,80.3
206383,11.33
203004,11.57
169890,8.56
250755,8.83
266498,29.56
9704,9.56
283461,6.492
58442,4.66
256426,3.383
260037,2.766
95479,20.12
106567,3.053
67357,19.25
150492,12.41
46463,6.266
3962,52.84
49204,12.43
102779,33.16
129968,15.72
11487,4.58
149871,37.56
148352,80.3
210594,11.695
298418,40.38
133145,6.715
23873,14.4
44927,15.65
114006,11.62
258206,12.56
163299,12.62
276860,11.47
40629,5.95
21148,27.38
84864,6.973
125664,33.38
249604,6.16
254165,9.65
197086,10.09
36628,35.3
248846,2.156
62090,6.445
223758,37.62
18210,16.08
149814,61.6
110187,19.52
127294,36.53
248095,3.092
215275,21.8
12702,2.125
211548,108.44
73261,16.28
256903,43.56
116376,9.945
288223,21.11
79763,11.16
84888,23.9
158422,33.78
219497,54.7
192482,17.9
79190,11.62
295573,8.6
280373,11.59
17564,8.62
71720,24.48
118845,7.57
268485,15.05
4248,27.72
214002,35.22
51151,17.9
285639,6.99
297343,25.45
160993,78.75
59606,4.684
142044,27.33
4105,94.8
31627,17.33
259620,32.5
216523,13.58
72259,11.695
250656,9.77
14704,24.84
175145,5.92
162883,53.6
168635,6.31
261333,21.45
192323,8.92
152558,22.48
167421,6.492
82981,7.605
151712,2.223
71292,4.11
143564,95.94
111617,20.72
12432,33.1
270600,6.7
135888,16.77
116788,10.6
162160,1.857
55405,18.81
223827,11.89
210065,44.2
52716,137.9
254150,4.44
195741,57.8
294651,8.29
260883,7.773
191619,22.53
197859,24.48
42158,11.914
145173,20.22
253201,19.84
38913,12.99
67483,32.12
18158,23.56
147343,23.7
42551,8.25
250032,21.53
56863,7.133
279226,7.54
7680,31.53
207622,9.625
195812,75.4
104431,15.75
195735,58.03
137043,12.51
202791,31.34
84870,12.99
11566,10.16
211390,75.1
152500,31.4
8423,4.203
69515,19.89
160112,9.875
38255,5.37
126094,6.895
197557,5.227
161072,111.44
198725,10.555
260997,19.8
162153,30.66
19667,18.12
256608,7.93
253184,6.46
188845,21.72
212776,27.16
271233,18.1
232181,5.902
107865,9.56
130693,16.42
273093,3.21
85937,21.06
78955,13.16
213707,10.07
262164,16.8
155211,3.125
34180,17.36
93322,12.25
7863,4.285
143967,24.23
17033,20.02
2025,46.8
76452,16.83
218511,14.67
296883,15.11
60434,2.576
27331,6.957
28307,15.3
43332,9.22
144077,43.38
268395,15.49
261756,5.234
232585,35.38
211727,7.02
143353,3.455
142944,104.25
276067,8.29
72965,34.94
10607,7.83
174686,25.1
239643,20.77
53590,34.2
224143,11.35
94784,20.3
143333,4.676
236295,38.78
278088,10.555
281076,14.7
194876,2.43
56062,43.75
157641,158.9
185945,39.1
232008,11.74
198424,32.97
288207,9.945
152066,30.36
106267,11.87
132434,13.664
120951,21.62
45479,7.258
268922,5.395
286389,5.438
49014,5.93
276139,5.06
69853,50.1
54495,17.44
73335,64.06
141785,10.16
158976,7.88
13038,8.25
79625,8.34
113454,10.12
252897,21.28
129775,17.05
61227,7.098
49091,14.28
161454,20.47
170288,20.97
71427,12.805
269852,7.86
64328,28.56
275733,21.8
82660,7.83
219644,26.3
67984,15.75
20317,55.78
19645,57.8
120431,2.205
243264,13.02
183051,7.098
72901,15.945
129614,19.61
92678,19.12
24166,11.945
275202,19.97
26697,10.4
13433,16.11
126523,6.957
203174,22.62
46856,12.07
247746,6.805
64193,23.33
176039,4.594
169860,3.438
229063,8.07
287864,33.03
188081,2.719
232804,127.94
240148,15.65
179766,47.47
106061,6.316
21271,21.19
98959,19.77
125248,143.4
128620,46.34
135588,40.28
260359,41.94
273553,32.56
111750,19.89
293319,5.793
230935,20.77
46191,19.33
200793,12.12
255380,21.02
124437,17.55
248593,10.47
55901,30.66
102016,6.492
14308,30.9
154056,4.25
227990,6.895
84575,4.89
46689,14.67
204009,34.25
134130,14.22
151156,8.984
128564,13.33
171480,13.78
127473,10.24
164845,13.47
92403,104.25
253123,5.098
44433,14.31
148149,2.197
93829,4.297
188772,26.61
207361,15.05
216243,2.598
132796,16.66
197794,4.938
38835,5.484
49736,14.92
4303,13.984
68547,21.94
25323,4.0
12608,7.707
110817,1.962
172789,3.398
61614,28.92
17677,24.3
233282,8.58
213233,63.34
47604,2.023
69633,6.418
6411,57.12
156792,151.5
61772,13.414
179744,7.81
5719,43.12
265613,1.891
27162,2.291
131812,28.8
138164,5.516
18631,4.36
148970,24.39
73747,27.55
151377,12.23
111352,20.89
31895,25.5
123883,9.6
260465,11.89
137358,9.04
98330,6.113
77384,5.387
274087,4.766
297317,15.266
36339,4.484
138557,10.875
255546,10.2
184932,15.2
95108,12.59
231073,26.23
133604,5.902
294568,8.805
277427,9.836
152801,23.28
263570,10.805
217519,9.945
135736,16.42
67415,57.56
141040,14.07
97124,14.4
22357,106.75
21250,13.13
237874,52.34
187512,21.89
44147,10.85
276276,6.176
236750,17.94
18497,3.643
258598,9.02
143596,17.44
200707,23.9
209384,12.695
198790,14.46
149238,11.97
189235,19.36
291231,7.406
81811,4.812
189500,11.04
154442,17.88
32718,6.03
297798,78.75
191319,10.625
191884,21.45
222027,24.05
49828,11.35
83043,13.81
3146,10.78
298225,2.709
294114,7.227
154293,20.67
110325,35.3
155962,2.834
266546,150.4
296099,13.27
125625,20.42
107208,11.35
230027,16.38
109627,24.64
109852,7.504
187463,18.17
213658,26.4
114717,28.17
172556,13.555
117950,7.31
207703,16.8
207426,5.875
69203,34.75
189523,4.02
145496,50.5
232631,5.434
139439,2.244
52240,9.65
93875,10.09
53286,25.92
192062,8.4
208784,18.89
177255,5.78
107547,17.58
87354,2.062
187008,7.453
85651,9.28
289722,10.99
291912,10.2
167561,16.42
20269,57.12
46493,5.99
52559,11.4
61200,31.4
252675,18.17
206841,18.73
261064,28.0
298842,20.64
298392,4.35
63032,20.25
267231,92.25
216200,52.22
222800,16.83
181803,5.125
95359,38.47
133555,31.92
235009,33.44
218536,5.95
221887,4.24
279209,10.83
243127,4.508
138448,14.19
87306,22.95
199094,20.12
211426,64.4
109180,14.37
281678,10.49
40328,2.576
295607,10.07
225724,34.75
73425,5.555
291156,6.836
139606,11.945
261427,16.62
274220,26.83
286728,9.55
275923,10.695
216091,13.414
41334,7.62
22416,21.06
195370,73.3
211802,26.03
134543,27.27
239329,4.777
276254,3.197
170373,3.398
56563,20.89
10861,79.7
128437,16.6
34841,24.48
12386,28.39
182625,2.803
9195,14.86
246312,22.62
48971,10.76
45887,4.266
155961,14.766
28923,5.723
144789,6.023
181270,10.2
72888,10.13
287544,28.0
175708,7.88
135343,8.195
97296,6.758
278790,5.703
288865,31.4
70532,14.984
221446,9.4
75027,59.2
23353,28.56
107333,9.18
146201,6.7
152264,29.98
171971,13.3
292290,18.89
61685,4.766
139368,16.22
105354,21.5
158978,10.42
297922,13.49
80241,15.33
293158,10.72
243639,1.928
76621,10.74
280671,7.195
37007,6.637
152282,29.2
258621,7.54
173025,25.34
93043,27.72
265925,5.934
198092,23.7
159394,58.72
170705,10.13
236956,59.9
161106,122.5
118154,18.17
219925,12.15
273554,8.56
62344,31.22
31206,5.312
226871,23.95
246434,31.1
91528,7.67
20979,27.0
39098,5.188
68729,9.6
80747,19.64
50487,17.58
73016,23.23
238315,5.727
16532,10.78
82591,11.086
13422,11.59
81243,9.3
209358,17.0
86015,5.977
166303,11.06
175088,12.41
179511,7.082
178515,10.805
212191,46.34
260977,2.81
50848,12.54
141767,29.45
281785,6.05
169391,5.047
161000,44.34
135809,2.764
264414,7.984
133699,17.5
75037,13.08
27986,13.52
24074,19.72
182120,31.98
224896,10.4
32750,6.652
130464,17.55
109566,1.956
104290,9.875
106142,51.0
139429,100.6
110102,5.12
163362,9.484
206759,3.898
174974,27.05
252216,17.61
209156,15.11
238988,46.16
268532,4.527
153950,38.62
43158,10.12
266089,10.13
66406,48.12
96122,16.86
177938,7.21
12890,10.58
243477,7.293
228352,26.72
117701,12.56
150237,10.01
188537,4.777
251339,6.773
148972,20.42
165770,22.12
74228,31.98
67490,5.0
41402,12.25
167460,5.56
215277,25.72
42027,7.05
247397,6.973
191293,12.97
9471,8.32
203365,8.66
108508,11.87
214433,31.73
234987,32.5
183793,2.379
77356,5.887
225498,11.55
51729,10.67
243637,5.03
140235,27.72
295179,20.12
161150,42.2
34132,10.49
283092,26.34
100620,6.402
44089,5.438
272531,2.004
87063,6.06
253488,41.6
220027,11.62
52134,10.336
7307,18.73
136394,12.67
217539,16.6
278435,20.97
122522,12.73
55586,5.434
75632,25.34
181910,9.14
89872,7.49
281664,15.52
4710,25.5
120430,2.943
159820,37.34
186609,12.12
264120,12.54
15862,4.305
111171,36.16
292657,5.34
23280,4.742
68622,11.016
27314,3.932
155522,23.42
63987,26.3
230505,27.22
253106,6.652
237651,20.94
282118,6.184
248244,14.95
184443,6.99
162222,5.94
61243,19.17
166426,6.562
285196,4.773
8617,26.61
104868,8.34
96933,9.38
106555,18.58
213591,16.34
4113,10.2
18662,8.484
82580,10.07
221087,13.19
106370,19.08
98618,27.61
133175,5.395
187928,13.414
236063,26.03
284638,8.75
263912,35.44
254524,9.1
245945,6.23
91935,21.89
167578,15.65
257192,3.752
101810,20.8
131998,26.78
133439,69.1
267263,11.016
208437,10.266
13210,29.1
233107,23.33
197813,112.4
150889,31.16
236583,14.52
186984,8.734
62845,15.72
258440,2.797
207143,9.42
260361,12.805
252785,5.066
73187,38.4
212557,10.74
26562,8.71
22712,24.3
11853,33.22
220908,20.84
194491,8.4
249672,5.008
85017,6.652
75888,22.95
202182,13.22
19683,7.164
189698,17.94
34446,7.64
75712,4.88
271580,27.38
28989,6.324
30431,2.04
146488,10.6
225064,7.133
152415,19.64
292685,2.045
151352,23.42
163341,5.684
276056,4.508
15182,23.9
29290,2.3
141170,124.0
153087,8.375
70022,14.1
61146,5.254
287562,8.88
183669,10.375
286408,21.8
235378,26.67
99355,22.58
235175,26.89
177648,8.56
256891,34.88
92679,26.3
234656,18.92
185236,33.16
72281,28.17
80783,41.1
32972,6.08
207983,7.438
172895,13.414
27577,7.37
152440,33.72
144370,54.25
172711,5.496
165442,9.12
156246,10.99
218943,41.34
17558,22.2
73064,15.14
69620,10.83
103005,13.836
7969,13.19
263922,5.035
290118,14.766
30785,6.066
181930,5.09
130722,9.71
35868,5.54
242123,11.74
3511,136.2
189471,11.42
237274,17.9
223528,21.72
81360,30.72
278748,16.19
46605,19.17
26153,14.89
80303,6.086
87838,9.875
263173,6.477
271114,5.33
240606,9.4
291249,4.023
147087,37.88
62127,38.47
133832,19.4
226120,30.3
65685,27.05
92285,13.984
89075,12.09
143256,8.0
262108,10.13
253328,12.38
11114,54.03
66379,12.86
36095,6.79
9075,7.227
204274,11.06
199894,10.76
4493,75.7
194575,19.69
16986,9.46
10516,19.64
203496,10.05
233174,32.44
138343,4.66
153082,17.28
61993,12.86
232939,6.836
49007,6.625
180344,9.73
249954,8.83
62023,24.73
187189,4.297
189697,16.66
163602,11.18
92026,21.36
99067,12.86
171620,6.418
101394,18.58
180067,12.62
244117,24.44
48161,4.816
163775,7.95
146609,54.47
93782,2.29
73737,61.6
34708,16.55
212770,13.47
212103,58.97
76504,66.7
222158,12.41
289513,11.18
102040,9.02
111904,14.83
246139,39.34
12223,30.97
95261,9.73
58894,11.87
167320,2.328
229655,25.45
239733,23.14
236961,7.67
86171,26.72
279679,15.85
266210,12.33
16187,6.773
19274,12.83
93466,3.975
291706,40.22
271130,10.18
131761,17.47
264792,22.95
70431,10.99
3140,13.87
51429,6.066
297878,6.742
202775,5.78
110157,83.9
141697,19.56
108145,25.0
128866,80.3
225767,24.89
50887,14.7
184944,11.2
210643,11.086
14471,36.75
24558,36.53
89324,13.75
182131,32.97
172555,7.62
151418,21.5
268421,9.65
82351,6.504
159302,9.22
106395,19.69
198531,26.45
116623,106.75
13126,22.72
161895,130.0
104380,22.08
206231,23.7
52137,11.84
120864,21.28
5088,76.3
176706,21.58
254280,22.2
68979,7.52
147066,26.94
168195,16.45
174283,30.78
245167,11.664
273849,3.182
65518,52.53
80438,2.377
148804,19.36
298600,32.62
127958,31.92
58091,9.484
94541,29.03
213999,47.56
226084,5.84
92242,46.34
175903,11.42
88433,150.9
10726,4.082
43600,20.12
268900,11.52
186222,33.03
232498,5.426
222944,15.49
167525,14.49
175953,2.719
286662,5.133
201252,21.67
156721,8.75
274630,10.945
77032,31.8
79590,16.22
115222,26.14
238488,14.555
36679,14.4
4288,126.94
170401,12.484
150628,3.404
79822,13.27
56386,93.3
193173,14.555
52926,73.06
134132,15.05
236307,18.58
238094,42.1
59428,25.77
71815,14.4
277223,6.35
187691,1.9795
96349,8.77
62792,24.94
141706,17.98
60859,7.195
235928,5.82
36900,15.36
89211,110.56
56954,6.14
162642,6.23
80373,11.11
174265,15.69
7844,25.4
211522,18.42
55957,28.45
215152,16.38
183555,32.97
2527,117.8
200757,13.22
252841,35.72
289893,17.25
148660,15.39
174184,58.72
145532,25.2
4853,74.5
188478,7.34
243545,10.53
197509,6.562
81338,8.16
84404,16.22
256258,10.24
16343,46.53
25995,14.734
143189,3.629
197665,24.3
40015,7.18
20676,28.92
190886,138.4
280538,14.734
3948,11.82
243939,10.03
145851,11.47
39940,15.016
257790,2.033
34720,28.17
243915,60.38
195738,96.3
262943,8.0
163200,37.78
128567,157.0
198905,8.195
1714,78.1
130986,19.25
237739,12.75
81897,6.973
136778,7.656
141247,14.7
163730,10.375
212388,49.3
91107,33.5
251141,5.734
6815,11.445
277555,6.73
298829,20.94
247205,22.53
285821,5.12
38256,7.49
205153,26.03
163718,9.86
192639,11.375
269842,4.76
16574,20.5
175527,19.61
273013,31.86
235570,3.846
109146,23.47
80775,4.83
14437,24.05
147824,92.25
128561,97.1
169926,8.77
135960,17.14
48116,7.453
33009,16.34
275878,2.35
150887,24.73
149892,10.78
53373,4.863
160503,9.04
78660,8.125
103378,11.06
64583,3.705
195692,84.25
213533,9.0
140574,3.809
264518,13.05
72024,7.242
254033,10.03
224562,36.1
19915,74.2
244388,9.12
55067,55.12
112039,27.05
185907,4.527
270024,5.49
92731,4.684
165576,4.914
108041,9.77
250924,22.77
154313,8.375
229298,29.03
286242,19.48
123092,11.57
53308,3.434
109906,17.8
242065,68.0
202116,17.44
94054,8.055
143230,21.72
253709,12.27
109630,13.61
288704,8.56
31138,8.695
125410,8.04
26619,17.72
186210,7.984
159911,6.758
4067,7.227
68023,16.55
31213,2.943
278696,12.38
298528,21.77
131265,8.0
111289,41.34
214570,14.8
33449,9.44
84488,16.9
119852,8.36
169397,15.78
227288,17.66
195632,73.3
286116,10.03
239065,26.3
191384,13.08
179545,6.895
253960,7.62
134812,17.72
169972,42.1
75452,12.38
191708,17.72
175086,4.367
186831,5.56
270983,10.6
275043,23.33
133816,11.82
146992,44.53
177562,37.2
252127,111.0
229151,22.12
28256,8.195
65120,13.61
274071,29.03
54623,2.41
117307,13.695
5512,15.234
188377,12.23
52029,6.7
252865,15.46
247531,4.965
4282,8.88
190349,4.51
255740,12.94
229057,28.0
135007,9.336
161666,99.8
46696,12.17
55710,5.92
231358,30.17
69179,14.95
154679,4.742
195652,59.2
193613,55.12
130051,19.25
5082,56.44
31632,8.88
127709,10.42
42579,3.518
222971,10.16
296850,5.723
139421,13.47
139394,13.1
217895,4.22
98277,135.2
284199,4.062
291632,27.77
189768,17.58
194349,16.69
110958,24.89
152451,25.3
222473,8.34
24175,18.05
195103,4.94
75345,4.465
57614,32.12
162131,4.203
32957,18.47
54098,12.83
18107,17.58
154436,12.305
273533,16.14
251333,14.49
63176,10.99
219320,17.8
200423,15.17
170955,32.06
97364,16.28
163942,12.56
235743,44.72
127624,7.688
23780,23.8
130459,21.36
264492,12.17
288308,11.99
123302,13.3
240886,10.42
269676,10.445
262246,104.6
224212,3.447
97851,17.39
181863,9.92
198899,3.72
85460,24.3
120869,6.445
166255,129.0
236682,17.58
78900,12.33
231082,24.69
187444,9.586
22389,9.44
287004,20.64
156696,134.6
199784,3.78
266590,15.49
131557,4.508
290854,6.7
57930,3.826
78017,21.31
199736,4.02
223724,7.93
188328,10.92
272193,16.25
297634,18.17
12092,26.67
284067,4.277
42590,8.52
11486,15.81
55163,31.34
235313,28.11
48075,23.47
233590,21.14
33072,10.35
55051,11.57
86302,31.86
89315,24.34
133576,50.7
285534,2.15
129703,28.39
264647,10.67
207003,13.73
273652,11.016
150368,6.477
242455,18.97
278980,16.28
239991,38.25
153175,10.99
133414,101.4
211253,23.66
9546,11.87
290750,55.34
225338,16.48
35330,6.758
61958,26.78
264998,9.0
120142,5.996
148548,79.7
44199,15.266
138613,22.9
281691,4.434
127188,30.23
35576,37.4
261526,52.22
17056,18.7
230167,8.055
39791,6.684
200252,10.445
221111,24.89
137635,10.78
13737,22.25
199153,15.586
31095,14.49
136180,8.47
257596,48.22
16397,2.59
81589,5.47
95453,20.47
64229,5.676
102949,62.84
274266,19.25
247583,17.0
195135,7.355
78562,6.12
171905,16.22
19703,7.93
143902,28.11
44508,10.83
114524,6.29
200172,6.652
81903,13.44
246041,13.9
140131,2.129
21613,13.47
280985,10.6
38994,6.926
26340,17.11
244155,4.36
36559,22.62
261510,6.434
175057,24.05
139650,38.72
87640,19.61
101844,20.17
34933,15.85
270377,9.3
55668,15.52
32549,14.13
265169,13.13
89492,2.324
77182,5.97
287363,5.79
138534,15.62
36625,7.355
221724,14.25
202771,9.945
216241,3.277
65277,20.25
248424,21.06
133284,7.965
266216,27.61
246122,36.1
198542,13.695
176899,10.6
91660,6.418
251397,17.36
199146,11.086
134493,15.88
168472,12.914
117370,18.17
13585,25.92
138855,13.75
134665,5.527
197066,7.95
298705,7.95
271509,4.812
4134,61.34
263786,3.842
93583,18.66
291548,2.129
195903,56.44
79681,6.55
37249,30.78
72523,10.49
95322,8.305
169217,3.06
91448,51.2
228712,6.867
234865,7.066
216935,19.61
190082,7.59
15408,5.92
259082,13.3
159405,17.98
69092,53.28
29246,11.305
112709,140.1
132772,8.92
35244,3.836
147957,33.78
143081,15.72
66459,69.94
251714,15.17
252026,12.94
140468,6.504
20171,87.25
58012,12.73
177337,21.31
229067,37.2
63839,9.625
163222,5.97
132406,38.4
73746,11.72
41406,3.66
15026,22.3
54066,28.8
268694,3.076
141704,17.14
249727,20.89
27519,16.34
162333,7.504
55516,66.7
194808,9.484
130437,12.62
150006,6.535
177184,11.33
202769,8.195
298618,5.668
91918,28.8
28424,4.203
253600,3.54
167562,17.08
4764,10.445
78531,17.94
185328,10.31
260615,12.016
177660,10.03
208704,23.38
115974,10.74
6760,14.31
262411,7.195
252170,6.61
164897,2.71
187291,1.794
67343,6.94
145122,14.92
292478,5.605
127334,8.14
223073,15.85
91661,9.46
56558,7.688
18661,12.17
286440,21.5
44100,8.52
252221,8.18
62700,21.02
125365,16.05
290971,38.47
209319,41.44
53026,19.05
195631,86.56
141022,21.53
155692,22.16
69211,20.3
11731,6.19
55542,9.24
241858,16.86
211758,54.03
269800,5.0
241073,12.88
145849,17.8
252404,22.67
210651,18.05
99997,5.215
114905,12.09
90944,40.7
98986,10.24
275915,2.367
274551,21.45
275751,2.389
221548,17.61
107858,5.2
39937,14.19
243576,14.555
262581,15.05
259284,32.3
35299,7.05
197139,33.5
200851,13.984
143625,48.22
18288,54.7
221951,5.86
170535,3.684
54516,25.2
76178,6.477
290212,7.57
63175,10.85
227318,28.22
64560,19.12
133755,5.688
165340,2.994
196389,49.0
281930,7.54
104922,29.62
53367,17.83
162803,46.34
186161,6.176
174978,13.13
276160,2.57
55194,9.18
22039,6.7
263896,15.78
214551,19.12
227144,8.64
38600,15.36
56768,54.7
253723,24.69
132418,10.53
128316,18.47
50514,11.016
164596,6.637
106152,17.25
208190,10.78
59712,6.434
49788,6.637
278105,17.9
254195,18.1
249412,14.8
136809,25.81
96304,28.97
153958,8.695
140376,10.266
14875,10.9
7563,8.266
81678,6.39
274739,8.6
180216,9.65
206115,19.61
109326,14.734
281507,12.67
59721,119.7
181391,25.92
212970,14.58
84032,4.805
266778,36.1
93834,14.555
201516,22.72
279933,9.42
21768,2.273
127761,9.6
191028,7.62
106621,18.31
78250,10.13
192865,17.39
122306,8.945
41037,25.92
181588,14.734
208778,17.83
292288,25.34
187254,9.02
106633,13.81
117398,5.676
162358,22.81
204455,19.84
58296,30.36
103024,46.9
97974,6.82
162487,9.586
196503,53.5
213253,31.98
104974,18.2
257497,5.418
273771,5.15
65479,12.54
278278,37.03
298465,17.44
279658,14.49
238963,18.7
291353,12.88
63074,25.1
148622,31.47
153123,5.387
225509,12.09
146092,76.0
51657,27.27
35254,2.057
166734,6.58
63604,16.25
250842,38.56
251372,10.35
142626,60.88
35912,2.879
206830,14.86
138848,22.77
252543,27.33
48981,3.395
230649,12.59
140003,5.375
481,5.344
267207,12.67
196852,8.07
270631,4.3
26828,3.855
96247,23.47
145796,11.52
31060,6.348
8737,9.195
99576,112.8
217335,14.58
23971,21.28
201573,15.05
239724,11.87
136288,15.2
17589,21.02
179163,20.38
208788,21.45
154734,4.766
78836,3.615
256192,22.62
22002,12.67
105659,21.8
157987,30.23
240288,7.37
245614,5.746
243708,69.1
168711,27.16
107033,25.25
149119,21.14
18970,25.34
276255,2.238
75002,5.055
41407,123.0
237668,23.23
112291,17.0
254603,48.9
234113,17.14
162435,4.918
19339,56.0
87296,9.42
156913,115.5
26243,26.56
25220,5.742
17267,27.0
182583,29.92
2108,54.7
278979,13.836
206012,5.11
285903,23.84
104348,12.15
107473,21.02
233874,10.51
126587,3.404
66806,19.08
77342,9.3
84823,18.5
44523,8.64
195363,74.8
136902,17.28
175676,8.67
115510,3.637
201540,14.28
217026,4.773
118386,4.664
96056,9.73
131764,13.61
232104,16.72
116134,13.73
11032,44.1
264405,6.715
122436,20.12
74265,30.84
157730,11.664
147347,15.016
300,13.984
194285,9.836
258482,34.53
44901,6.957
17968,55.12
277687,13.24
228632,28.34
216802,16.05
37501,7.555
111062,2.31
78673,8.64
60881,9.586
150774,5.566
80487,16.55
242513,11.2
102131,3.637
157059,149.1
65815,10.92
41348,11.305
32591,8.55
102665,9.945
186416,7.355
9672,46.34
60415,9.1
103360,20.64
213668,35.6
232551,13.95
44885,8.43
58932,21.02
30024,8.66
60194,9.65
244659,18.84
259096,15.36
77265,8.32
293370,4.676
174403,4.637
202635,25.3
180658,13.9
179401,24.34
26647,14.46
229620,31.98
42745,15.49
199945,2.168
231274,22.58
173028,7.05
94232,11.57
100430,11.016
177033,9.3
163851,8.16
248130,15.85
126032,3.049
281917,2.33
273133,31.67
201639,29.69
241416,17.94
81677,9.28
93341,10.76
142300,74.5
163035,30.84
298145,14.46
221835,16.02
152576,7.793
290904,20.94
141569,15.016
280346,10.78
112297,15.85
43896,11.695
15824,31.67
50714,14.58
207786,40.53
292401,4.016
131350,18.02
177162,5.457
283827,5.18
202496,11.445
251156,4.28
214450,12.86
110768,36.1
69621,19.36
156483,25.34
91768,3.799
218637,20.02
280654,8.16
5603,49.78
104201,15.75
651,47.0
137391,7.504
229983,56.44
222687,22.95
218618,2.184
49201,10.555
34502,20.55
209599,12.64
2636,54.7
12545,20.25
104818,3.072
250809,51.4
70570,22.81
214786,11.914
178719,75.4
157165,158.9
264361,33.78
220577,42.03
178397,5.16
225354,6.36
159436,49.9
64087,15.62
284120,9.875
23870,4.188
104434,9.836
40612,7.15
40819,9.625
169306,10.07
168707,21.19
109014,35.66
225421,12.56
142792,60.88
274216,3.365
60579,7.227
21766,23.95
24713,13.95
295896,17.28
223519,15.65
119885,8.36
141103,5.65
111824,14.31
27321,2.688
138928,23.95
255911,13.44
112913,24.39
124195,21.28
74226,24.89
112089,9.46
238909,25.61
54234,21.53
243025,1.721
40078,6.14
199769,7.082
46701,12.305
67165,27.61
175146,9.04
4432,13.695
244454,19.69
173573,20.1
58335,113.25
189045,2.74
54165,8.266
116168,5.254
270253,36.66
141872,4.06
240330,7.965
236074,14.13
27557,2.31
219180,23.0
153333,31.22
151079,31.86
41533,11.305
214414,17.8
50576,10.625
89026,4.95
293304,6.008
112479,14.13
53378,14.8
67333,19.05
143372,2.607
177565,5.57
229373,130.0
113896,6.05
209364,21.72
52042,22.39
85276,20.8
284819,8.67
64400,15.945
260887,25.56
177223,27.11
11571,33.72
83821,7.93
198394,31.16
18060,75.1
40084,33.16
114737,17.83
230231,30.84
30511,7.984
289888,26.45
249183,10.13
253502,6.79
251750,6.58
35150,15.234
78689,12.56
242163,33.97
6578,17.36
185106,3.697
4474,16.14
292078,8.234
276587,8.305
265144,2.947
215390,12.914
243936,19.33
89138,31.98
254646,17.58
140873,53.8
263341,12.88
228019,38.2
62568,13.414
258323,12.83
184496,10.99
209132,28.05
262922,30.78
264524,10.4
138846,10.05
164060,6.758
280540,7.164
208841,55.56
105335,13.08
68720,54.9
208210,21.67
221886,20.34
181520,19.52
38474,3.102
152302,24.73
39732,13.19
247879,18.36
48724,6.098
48611,5.81
91813,9.55
50870,16.6
292189,6.562
255822,26.08
61578,101.8
244061,23.42
177268,13.47
183410,23.66
210984,7.723
101583,11.84
244209,6.94
131638,22.81
160642,13.73
113689,3.812
242647,16.19
68378,13.24
149575,37.03
216555,18.78
282465,6.402
122759,9.3
93352,8.66
92851,6.637
39860,5.266
3724,27.0
19942,61.12
281622,6.652
286186,31.34
176887,40.7
150851,6.24
79958,4.27
43245,5.332
238349,4.027
9000,24.0
219106,37.12
298016,3.357
172165,54.47
114191,18.1
106199,25.72
83886,29.27
147195,49.4
277739,14.92
11236,36.97
14312,5.465
122049,6.28
198227,37.34
169154,30.36
34908,18.17
54124,75.1
272081,5.617
252976,36.0
28056,11.59
121438,26.34
289561,13.52
204481,38.72
130937,12.35
41906,25.45
68575,62.34
181407,21.53
175220,7.88
277124,2.887
283619,7.54
8841,12.54
253791,2.734
11968,20.47
102296,14.25
220901,12.305
164146,15.98
46832,6.28
162269,6.305
204484,108.0
255887,1.638
188815,26.67
103716,8.83
120922,53.6
153249,4.32
252665,10.92
22549,11.375
244554,22.08
243263,19.12
246172,10.29
232559,56.22
170999,4.703
283660,3.775
23911,18.92
116671,14.1
156172,10.9
252263,13.414
159709,152.1
272928,70.5
230159,14.52
168598,10.625
245096,11.62
183306,21.06
272790,3.822
243535,9.56
157954,146.9
115255,11.82
178276,48.53
125743,3.205
32057,11.06
152248,16.52
65193,38.56
135585,43.03
278925,22.16
161360,3.045
267551,25.72
198162,12.54
3898,9.18
25384,1.919
90656,19.4
12377,38.47
220190,12.88
29606,38.03
59945,25.3
75473,5.45
225870,20.97
259840,3.574
143000,22.16
11453,10.99
136534,6.23
117254,16.6
99300,11.13
284562,1.802
169363,7.004
218052,4.336
247340,20.89
177143,29.56
271864,26.94
187979,14.19
60934,11.23
2608,57.34
168355,2.549
174874,19.52
43174,10.2
127687,2.932
71172,33.22
154447,26.14
178361,2.646
109515,8.984
237516,16.05
227973,15.14
5692,27.66
35906,6.973
99170,3.244
92802,19.61
170272,5.8
230049,27.55
168395,9.38
119047,10.07
76751,12.41
120406,4.074
143212,31.1
124055,11.664
169498,20.72
140911,11.11
246173,9.945
200116,8.0
150426,8.07
31998,3.29
59121,12.99
74729,5.2
35281,5.098
67897,29.62
119473,13.95
99443,127.44
112739,22.86
10643,6.156
290715,20.3
184088,12.33
73210,75.7
249641,25.05
48716,18.62
203282,12.805
165847,9.12
83629,3.766
214863,22.62
148419,18.84
45041,19.97
19468,29.39
136922,15.914
4574,13.19
161189,30.97
113677,15.266
95774,2.912
157870,34.12
263530,13.19
60433,2.191
22768,10.65
146288,13.555
145742,25.45
285406,3.377
134237,6.867
87693,6.203
266457,8.83
1,26.61
201853,16.66
102497,27.33
238211,6.203
290096,6.594
139509,35.6
94542,45.88
221895,10.97
142822,59.44
114955,25.5
257442,19.77
45548,8.414
168079,4.69
42375,8.43
111372,27.22
162273,21.89
271963,6.562
158467,38.03
135219,13.33
57834,5.023
226524,12.46
1774,103.8
247753,48.3
65403,14.1
277421,4.375
3998,10.65
255025,66.44
86858,25.3
186519,8.66
194199,9.6
259162,11.55
287088,10.09
200459,19.17
79788,14.8
192647,23.38
40525,7.49
195939,78.1
157218,148.0
116041,8.87
186302,12.805
165982,5.586
35642,5.18
139303,18.97
42449,6.23
142878,28.8
172626,9.36
22035,11.664
267338,17.25
209958,4.54
297689,31.73
211958,16.9
146286,16.83
55560,16.19
1840,49.78
43863,10.6
77733,5.426
246887,14.19
23921,31.47
261475,16.69
110806,9.26
131591,2.97
204121,5.19
18939,17.22
248894,38.94
166274,6.305
249857,2.238
50986,23.05
29440,9.75
116027,20.17
277114,2.748
262505,3.357
133654,11.72
214707,12.51
288613,28.52
75392,10.695
226060,22.86
131620,39.56
182691,20.67
118050,16.94
115236,16.62
298114,10.9
281778,4.727
26846,5.637
74192,12.46
41306,9.586
25271,9.14
293390,9.625
41371,5.15
251151,5.17
254384,13.95
68441,26.94
245306,39.1
45690,10.18
95378,98.6
52331,29.27
291219,6.73
72834,42.28
189165,31.03
290646,16.02
179897,13.87
235992,26.94
224393,5.605
207620,14.19
58143,12.15
213998,28.8
66911,42.03
161570,58.5
161550,70.2
196135,62.34
236133,13.13
147077,97.9
137390,7.324
12860,5.496
77887,11.695
25715,19.72
183537,4.805
8563,26.19
112005,42.62
114114,4.06
232702,29.1
130803,5.766
25616,29.69
6598,11.16
190830,16.08
215574,42.88
106774,13.47
84599,14.25
248513,16.45
271551,32.3
206556,14.7
19437,76.6
169200,4.344
121462,5.688
181720,7.688
61655,34.8
146969,56.9
24523,24.89
117299,13.16
269960,2.584
241633,8.25
214874,18.17
213220,31.28
152569,23.05
188438,16.8
165676,2.367
16133,16.22
27198,7.242
223680,8.305
114513,10.16
189869,11.49
290466,5.31
174261,6.652
33058,12.07
145565,27.83
277515,8.734
5134,47.28
77490,10.09
4658,4.984
280635,5.875
259643,25.3
273615,7.64
107504,6.46
267863,14.49
230067,10.01
287627,1.971
121731,28.69
204135,47.84
59673,7.293
138027,22.3
48026,4.277
44063,19.08
215304,6.61
82132,9.664
201830,5.098
57989,22.9
159795,9.08
276853,3.898
91204,31.34
256672,47.84
209753,19.48
80193,17.88
212007,90.8
230617,7.555
192683,81.94
250262,22.86
22396,19.56
262633,11.62
270924,25.25
250290,17.61
83133,9.3
16948,15.65
176990,18.47
103303,24.8
242314,24.39
113451,29.45
48999,12.83
16264,33.62
233609,23.23
141253,8.84
34855,10.72
73170,5.547
79909,8.29
108959,9.52
77672,19.72
40905,7.504
238508,9.32
244791,19.33
270219,1.697
266215,15.36
261494,7.59
22718,2.344
220471,24.64
55220,12.195
212894,12.23
17417,7.984
16594,4.527
197089,27.44
118394,10.555
125668,10.29
68236,9.52
46522,11.33
166147,140.6
194807,5.88
167789,13.1
117169,18.55
237025,11.4
245938,10.625
71323,15.05
281066,5.188
30093,19.0
225427,5.754
148885,35.72
122799,33.62
278289,6.883
299002,10.99
686,25.72
108610,36.1
212415,5.52
92912,8.16
38556,15.945
204613,17.28
44236,24.23
61226,7.39
99120,3.053
123357,18.42
276665,12.914
124867,8.25
208279,10.35
270017,4.44
161905,157.6
251145,7.844
214377,31.86
50843,11.52
12331,36.16
9516,12.56
96450,31.61
209714,10.35
18884,76.0
203103,10.51
206274,32.5
216967,27.94
110467,12.75
29393,6.34
225318,8.21
105382,18.78
272256,10.336
28438,5.21
177433,12.25
297906,6.07
69257,19.89
244925,18.55
269475,15.36
297151,8.375
190068,14.7
48970,7.453
154750,19.56
124440,20.3
9023,10.16
282411,4.633
43371,54.7
96140,27.94
49186,10.78
271909,4.926
232377,12.09
253388,2.229
134051,11.11
197676,18.97
237594,16.34
65616,26.72
183994,15.65
296505,15.69
34183,11.18
251026,13.64
125253,43.22
160307,11.52
166059,11.914
231719,37.34
230122,7.605
180087,11.086
6119,7.098
219825,42.38
111241,21.06
33914,5.79
144195,7.57
42337,25.1
125448,11.55
69296,23.23
177172,12.25
90503,1.916
272657,2.611
113695,15.69
193038,2.367
218621,17.5
204815,13.44
230218,17.94
216235,8.77
45809,6.477
165962,2.623
215245,60.16
104853,11.87
95458,23.19
124421,12.305
278870,10.6
72013,22.53
240327,16.94
240944,4.082
16733,11.2
87352,1.745
133230,36.8
298531,14.67
81900,3.469
224956,30.72
72765,49.4
160429,5.496
131441,46.06
224563,18.36
84077,14.83
253691,2.213
261645,10.67
298164,6.12
63019,65.4
196172,54.47
186449,9.945
105239,11.11
119395,6.58
285636,6.008
79897,5.312
37134,16.77
269472,11.06
97594,2.676
170244,15.2
71477,12.33
184117,37.2
151692,6.125
204701,23.0
125752,10.2
173322,19.4
250284,24.0
278514,17.22
250876,73.06
167113,7.793
120613,26.83
16013,32.5
174827,7.227
204385,16.72
199500,7.742
259770,13.27
11265,37.88
171080,3.182
6176,27.22
61432,10.4
204081,23.0
261654,17.36
137460,20.84
289614,16.55
152151,20.64
100979,21.98
163326,5.555
275723,6.684
95897,10.58
171599,12.43
253708,20.42
274455,11.84
64951,33.97
224635,19.56
146134,77.8
261715,5.664
205572,10.375
17385,22.39
181077,8.04
48386,5.81
168901,3.646
201702,45.06
228247,7.117
46162,40.7
228135,2.521
289105,23.42
182894,8.56
151518,11.4
197994,18.12
207388,11.695
218939,29.92
277465,12.86
143901,74.2
27048,18.89
253318,24.8
139210,22.77
248839,10.01
276356,35.6
29168,33.9
93696,7.066
167317,29.98
49913,18.23
627,7.21
43938,12.695
255829,27.77
275554,6.637
80859,4.95
137884,28.92
141703,14.13
274596,8.086
135198,46.16
52015,8.34
39516,9.55
219578,3.102
22753,17.11
210589,10.97
178021,85.56
190373,9.484
152743,26.19
205350,21.8
86829,7.895
255982,10.16
47079,10.555
61555,9.3
14851,8.266
293101,34.3
43594,8.07
234105,38.3
121985,6.535
158363,1.622
258555,6.367
220880,18.39
80336,14.766
235187,29.45
181516,7.773
290592,18.36
153253,6.375
180413,4.023
175474,11.23
231579,7.082
284162,6.668
57937,20.64
95633,17.55
54361,70.2
129813,11.18
191909,11.4
36875,21.19
208088,25.4
162278,30.78
96274,13.9
128968,12.33
40140,14.22
268927,5.832
83579,5.52
120882,27.89
139170,8.58
202842,8.43
213290,10.555
170804,3.018
295039,4.332
158592,3.547
190370,18.31
242930,80.6
92552,5.668
192859,18.58
64703,18.62
43265,12.195
85250,20.5
179074,134.1
44056,28.69
247411,11.26
160525,70.5
199583,10.18
647,16.83
252613,29.75
92822,19.08
249963,8.71
295662,2.145
17144,14.22
119716,10.78
107262,15.72
126364,6.895
192239,29.45
277478,11.445
40663,4.285
223761,33.22
132927,24.23
7734,28.05
58062,15.78
75718,9.77
205985,36.1
229466,9.92
223947,12.78
48035,27.11
100255,20.77
43203,6.805
32870,6.926
293154,22.58
163373,10.65
33819,38.47
174538,6.668
202220,9.92
25730,9.836
230065,26.08
148686,54.7
62327,8.086
51762,6.94
206332,14.43
82696,15.586
152187,18.36
12398,29.98
79167,26.4
231818,12.35
37856,8.086
185549,58.5
195575,70.75
31308,15.72
209878,15.555
249361,2.94
292375,7.57
39739,8.266
227598,12.94
264204,7.18
159923,36.8
201062,32.2
186977,10.29
71627,12.73
287887,23.95
289074,39.97
265356,15.65
200066,8.84
117314,15.586
3198,48.12
73275,4.684
264844,4.83
38482,16.22
255552,10.67
204382,14.58
292353,33.78
71642,56.9
83065,20.22
6439,7.133
224032,13.1
170242,5.99
54627,17.0
162834,22.62
47162,9.28
158137,69.4
99724,31.86
13575,37.88
256856,15.555
174716,28.45
83254,14.4
198483,4.316
99310,7.984
52496,9.65
156917,130.0
146032,37.34
119710,8.016
292946,66.44
55223,18.1
146063,36.8
78510,12.195
1855,33.62
102085,25.4
123547,15.46
188669,10.555
133743,15.42
63142,8.984
131269,13.9
299256,10.2
99056,16.66
46822,29.39
212975,6.043
82884,31.61
152014,23.05
107060,26.08
8055,22.81
170429,7.164
98900,11.64
108160,22.48
124294,13.78
170659,8.34
165012,14.43
299385,21.19
273067,8.91
270003,23.84
220132,11.086
115244,57.8
126267,11.2
83287,2.07
145862,24.3
4699,13.414
241947,15.65
37012,2.904
45560,2.191
33245,22.48
153830,20.47
168613,11.89
42872,13.87
430,35.88
165221,8.83
54125,18.73
122128,5.855
213261,23.66
54898,30.9
219892,12.15
63180,12.09
245351,27.22
2964,21.36
124729,27.48
42360,6.008
22670,13.555
32976,15.69
80144,28.22
199071,21.8
218279,11.55
141509,17.83
287742,6.652
6653,8.16
288983,7.62
11830,37.03
169586,4.113
270384,22.34
208461,19.52
29183,9.28
190148,17.8
280717,17.83
172080,37.34
169207,27.22
171213,4.59
34118,10.05
268241,10.78
199671,1.896
99841,20.72
142600,52.44
57603,10.83
97767,16.62
298873,3.125
67456,15.14
64585,5.457
246506,13.695
238702,15.234
117392,13.95
71081,18.2
287902,12.25
289050,28.86
47442,7.438
15567,12.59
145264,60.16
152076,23.52
269885,10.6
208611,41.34
267702,8.56
73612,14.58
127467,9.81
207036,5.656
2769,23.19
133333,23.33
201045,34.25
125112,5.31
85518,7.39
276200,5.45
52770,12.33
297899,15.36
200060,8.64
284089,7.066
285928,14.92
29494,46.44
84259,9.28
94976,12.23
117618,17.66
8640,17.11
257265,25.3
240286,7.64
110450,21.11
187484,11.06
10560,12.23
281187,10.625
141178,10.58
109913,53.8
63561,10.805
156363,6.61
13629,2.818
250671,9.24
181075,2.705
289165,14.34
113788,20.42
229376,12.43
144412,28.22
245210,6.957
247157,5.2
170464,25.3
38054,18.58
196255,64.9
5285,46.72
81649,9.02
236736,8.84
128270,35.1
203768,11.64
47015,32.7
29188,11.97
43802,14.61
255077,12.305
273329,7.02
278096,2.848
52424,17.11
176484,24.1
180281,13.555
262056,4.66
186243,5.93
60741,22.67
283502,9.24
270007,6.973
280651,43.22
253621,35.6
182888,4.633
223142,56.44
1598,93.7
183737,53.5
140107,46.62
98570,2.68
286947,27.05
204302,24.44
30564,39.2
73193,11.766
145861,15.69
209902,18.66
128144,9.26
43187,17.25
176245,141.1
88773,20.05
69311,18.62
193407,9.875
281164,11.79
30096,10.6
176396,15.98
209984,9.664
43223,11.13
138714,8.79
164597,16.69
292294,11.47
83209,38.03
148914,21.89
125136,20.12
280781,11.945
115777,19.72
125931,21.67
17424,5.99
39944,9.69
128741,29.75
281367,8.14
97040,20.05
146428,51.4
244897,12.484
275293,8.945
171034,7.02
242332,32.78
118040,147.4
189498,10.805
71632,20.1
163368,18.23
172396,6.652
27084,18.62
164283,19.05
17111,16.08
121054,7.54
160047,20.02
191074,9.5
88547,10.72
86844,8.984
51457,16.6
100488,23.8
173511,7.504
185841,10.05
128228,9.42
172365,7.453
21003,30.11
3828,19.48
292197,44.88
23783,17.9
178348,5.715
286388,11.13
25913,21.5
254263,8.234
140256,31.16
7462,16.19
128484,125.44
145223,67.5
48836,7.758
72486,3.602
285942,11.57
25506,6.535
265837,1.667
228448,17.83
124103,17.39
261815,10.336
56140,11.82
170486,8.36
178165,9.06
94495,16.48
237614,57.34
151427,9.44
82569,10.13
20334,56.44
266676,7.742
296025,6.016
80130,2.373
129956,12.67
65362,15.3
184854,8.36
142348,25.1
27899,2.65
192867,11.62
174134,31.1
18917,13.52
275309,6.684
120961,9.86
227148,4.73
255304,18.92
21808,15.14
137151,26.61
36905,19.92
54017,22.81
64897,22.12
117135,8.695
140200,2.541
178386,7.895
201582,50.6
48852,34.88
48994,20.47
126844,21.4
256590,3.365
254868,10.336
81635,10.13
8791,23.23
91951,35.44
75781,23.8
99149,2.504
203126,5.098
188710,30.97
67987,23.52
159564,9.96
143379,11.13
237573,11.52
263174,17.36
111566,17.94
165036,6.535
152956,13.22
22477,9.46
130600,43.38
173056,10.18
7197,38.2
173585,15.81
108190,2.803
209301,25.25
188787,4.688
196073,75.1
190598,3.643
43697,17.08
145805,11.72
139406,8.64
45157,13.58
195203,92.25
245639,11.664
175668,4.42
225203,16.19
64785,8.71
268430,8.984
211850,38.03
198519,25.97
190756,5.35
27273,4.48
196368,100.6
24807,6.85
68435,9.04
133875,9.77
172899,7.05
65973,17.83
271231,7.88
263419,11.84
35866,2.34
297924,5.977
255895,6.895
142689,81.6
201645,17.47
209740,27.72
299178,21.5
66566,19.05
208359,33.56
932,11.42
215915,11.97
119044,5.516
15600,9.06
218853,7.844
264088,14.766
119403,12.67
106250,19.8
120275,6.82
127721,6.094
243508,3.725
232759,24.1
49809,12.38
252375,38.1
147765,51.5
161884,157.6
103347,4.508
146742,16.22
147655,89.0
150910,12.43
104278,13.3
1373,49.9
206704,8.125
116629,11.4
145040,96.3
203525,17.44
92933,8.414
183526,12.27
104522,5.56
207697,15.81
288202,7.035
4594,13.19
95323,29.5
285710,11.375
103426,12.88
115693,15.234
206467,16.66
110973,24.6
19461,16.94
133277,13.33
271512,4.33
85063,11.695
261809,11.82
294785,16.25
244536,17.22
3888,31.92
280339,13.52
36796,26.5
66182,14.89
109402,15.914
282704,6.418
260030,8.18
217028,6.684
270944,15.72
228100,25.4
15301,3.252
249893,13.16
211652,4.04
27846,13.08
34463,4.773
233131,4.184
119977,3.049
147275,50.6
88444,146.9
135666,26.4
90829,22.34
184341,25.61
290227,18.47
74549,6.773
123090,11.375
70933,22.25
25381,10.29
141375,7.88
6895,4.387
126686,7.844
254141,9.44
99235,6.926
34419,7.81
44907,39.1
254881,3.06
128405,2.33
239018,42.03
85384,28.97
279370,7.406
32225,25.81
35766,12.05
116533,25.77
209749,21.58
77517,3.42
101747,19.08
138371,54.47
14371,6.883
84407,12.33
95913,28.05
291441,12.88
204892,22.03
152843,2.166
56227,13.73
224648,10.875
67413,22.44
260767,33.3
22110,8.234
26548,6.105
123602,14.13
36430,10.24
5961,17.33
121324,21.98
94903,25.66
42333,13.35
224700,11.4
83876,4.06
57373,16.9
268413,7.605
208452,17.9
40426,2.053
286602,22.03
100468,17.58
767,12.07
144814,46.62
62131,10.07
248699,39.34
129885,15.2
50097,16.42
277930,13.33
46844,5.402
192730,45.16
35882,2.256
96789,23.52
229812,14.07
141074,5.258
138871,13.93
45238,2.45
279346,5.258
191457,25.25
39882,22.3
118971,11.64
244215,10.99
268970,6.883
123802,27.05
53337,12.23
134840,15.81
283854,29.69
181991,2.09
200463,26.14
69761,22.81
280510,10.13
31999,96.7
32518,18.2
143313,45.6
27797,19.2
195610,55.34
193923,10.76
182303,11.305
266021,6.15
282010,4.74
81028,12.51
7339,4.18
253538,14.4
191714,46.72
268817,11.84
298835,19.44
293356,17.8
137732,3.014
8166,5.31
246445,14.984
116188,47.0
332,6.168
43098,20.55
194374,11.74
177475,9.56
67392,11.695
85243,25.45
293027,7.242
108047,24.34
250916,7.54
126204,25.34
193293,5.355
63723,11.664
103573,5.703
110952,16.69
254188,15.62
146458,67.2
162389,12.05
173421,17.83
132320,18.78
47077,3.219
191473,6.246
269032,14.05
203002,6.477
181852,42.97
160798,6.7
222394,5.93
61064,30.42
65249,10.29
104086,10.07
289568,28.05
96580,18.58
41301,6.594
252013,10.9
82171,9.3
114711,13.44
177621,149.8
246902,40.94
232165,10.24
149004,21.98
141198,17.44
155650,14.58
162465,14.61
49180,8.83
262002,4.387
114969,27.72
245431,8.34
230485,14.016
80893,26.19
46440,7.93
255356,15.016
122083,78.44
178266,16.83
142536,18.05
44609,25.77
3332,7.438
24930,2.92
265994,3.408
101259,21.4
55717,16.83
281843,6.36
115801,16.97
195946,64.6
98836,24.1
225793,20.12
229807,12.97
267537,6.562
212540,19.33
93092,85.94
56679,11.016
242811,11.84
176142,152.1
63945,40.88
63619,30.97
254111,14.67
248777,13.19
297192,9.3
87668,2.16
128339,35.03
94059,2.764
100840,12.73
252432,1.742
167523,6.7
177346,11.086
260051,13.52
176880,29.81
190138,11.4
235310,28.52
219484,9.984
161543,83.9
93059,12.62
165292,12.15
185341,5.766
186471,27.89
163869,10.01
91473,6.895
72426,30.3
138544,17.0
187002,85.25
191144,9.02
167805,5.258
129075,4.39
220023,109.75
13773,5.387
124748,32.25
225717,11.375
9572,25.61
222586,19.69
79495,20.55
123673,14.34
287954,12.41
31782,5.17
158639,6.176
7056,7.406
172730,2.37
235989,24.89
177770,20.64
190574,4.11
227562,11.33
34944,7.62
73288,17.77
214871,17.94
149501,102.6
288026,10.05
214609,5.418
265686,60.16
92719,32.38
232431,15.3
33505,12.43
69537,19.61
13001,23.05
254517,18.47
121023,28.92
42217,5.12
194651,7.57
5473,21.02
270233,8.016
178870,12.83
210849,16.05
245951,21.62
287630,5.3
98693,13.22
102389,10.35
128488,8.984
11770,16.72
125432,6.637
248027,8.484
244476,12.17
100147,8.375
176208,19.2
68016,41.2
156202,26.08
175045,2.324
46022,35.5
38230,8.84
9351,3.885
48520,25.34
73083,23.0
106622,8.805
227968,4.484
173338,8.055
58616,17.58
43549,21.06
95001,7.844
94274,7.05
286926,26.61
197191,18.84
132241,28.0
262867,22.86
220627,14.25
51378,20.94
105832,2.734
117364,22.2
144392,25.0
190017,7.15
188602,10.6
275199,20.97
57246,25.1
285110,13.78
50121,19.25
240863,11.55
107480,15.586
268399,17.33
205307,11.62
246018,24.3
290702,7.86
136187,2.594
285834,6.273
186137,10.85
266144,5.773
112106,31.47
128539,105.5
128512,120.1
167395,11.664
59128,31.92
69114,7.355
286975,8.18
119615,20.67
167125,9.984
190086,18.1
153100,27.89
189457,13.3
233911,98.25
257595,22.95
197681,12.12
46988,45.53
120489,28.28
292095,27.22
166150,157.6
185206,8.805
185678,32.84
209269,11.59
120984,21.45
159623,8.96
161726,43.9
68007,44.34
294941,8.92
237571,15.78
255249,21.98
239081,22.72
128466,72.75
244760,19.92
189481,11.766
197334,21.02
242093,35.03
206054,33.78
280598,4.18
115588,13.02
167160,5.88
151481,41.1
86236,14.92
24883,14.28
219031,10.05
97132,14.64
207597,12.305
101884,8.47
127911,6.098
58789,7.793
144605,3.584
113626,11.49
246457,13.61
289687,7.93
22451,17.77
281963,4.484
92753,11.086
121252,3.893
4388,8.6
57442,28.8
296705,18.62
265596,5.95
28391,4.566
154811,40.22
192446,22.81
218289,13.38
137642,10.07
28891,7.844
193929,17.44
188764,18.05
222461,16.02
207937,4.434
216411,26.83
173780,16.62
147203,21.58
114395,16.34
294833,17.98
213338,9.625
158173,25.61
99521,21.36
15720,17.69
196340,59.44
110362,9.32
47528,41.7
284836,4.523
192278,14.25
195307,81.3
140713,39.34
229469,48.53
80048,8.45
204350,11.87
78354,48.53
140717,13.61
86098,12.305
111630,86.56
105961,58.5
243811,19.05
116223,14.164
259157,16.38
92936,1.572
207140,21.28
186407,4.402
7532,32.78
67376,11.13
229490,15.69
252162,9.02
35264,4.023
110759,6.22
56021,33.22
206918,15.42
1330,7.39
234443,2.598
174748,6.504
47325,3.088
212786,6.973
260667,10.85
188200,3.096
191532,8.66
153783,24.1
280877,10.24
155817,7.555
275457,22.2
282421,2.71
63114,25.56
170560,6.12
184710,17.47
267907,4.582
13247,16.66
129249,13.27
241927,23.0
212366,48.4
249632,8.79
216588,30.6
157355,139.5
130236,16.45
135969,8.6
9874,16.19
279614,4.312
153441,11.305
100930,18.17
187870,3.756
206753,30.53
297954,8.6
289625,7.758
18539,5.934
173362,39.1
53742,12.23
67916,13.695
278438,16.86
219898,25.97
115234,47.75
282525,45.53
228099,20.6
140259,3.049
289794,22.2
206654,22.67
216707,12.67
278186,4.754
43742,8.07
143198,9.22
138892,16.69
192763,14.64
4336,4.625
93840,10.03
212030,64.6
246646,18.28
3430,18.7
254059,15.85
86749,6.305
11056,20.8
257726,42.78
106959,13.984
49863,27.16
297462,22.34
109481,2.084
225588,28.17
92399,94.8
281087,5.2
206074,11.305
129498,126.94
122421,14.61
64724,17.98
12795,12.99
138119,48.8
260480,22.03
280156,18.05
290263,13.16
114837,28.11
49292,4.16
141267,6.535
186392,10.74
55499,23.1
76316,24.39
137992,17.61
235344,27.48
37363,27.66
33833,17.83
188685,10.99
123907,52.03
183502,8.305
82156,10.42
265707,11.74
165479,3.281
96101,42.44
276762,3.908
200194,23.28
280940,5.832
210630,16.55
43956,9.9
296656,11.59
213841,48.12
174035,45.7
219794,24.55
114941,13.16
151434,14.05
173069,14.766
64406,40.53
222137,17.36
26579,9.664
25566,11.664
124039,10.24
87413,17.55
153338,5.457
49610,16.62
210820,26.45
258701,11.42
161389,16.69
270494,7.164
234451,3.637
245130,12.25
80210,7.67
73441,16.02
231197,10.09
110666,29.69
176947,39.8
259656,5.418
104878,9.1
57733,7.67
251222,25.56
143393,13.87
224160,3.178
137216,9.4
147724,47.75
179036,39.1
136697,5.547
69649,21.72
224953,6.16
256542,11.26
151346,44.53
74533,19.69
137253,3.129
15968,18.7
17399,15.11
294667,6.492
11103,15.75
30548,37.62
46066,17.11
147074,14.4
171416,38.88
245887,30.6
16155,17.11
46485,10.72
106812,1.894
284989,12.195
165183,3.19
223871,3.326
191353,33.62
201354,54.9
288503,5.88
21666,19.17
129115,66.7
155867,9.04
83601,22.67
228010,4.61
158125,5.57
222019,88.3
115219,11.26
116187,25.25
288721,10.375
230036,4.71
297551,4.137
108422,19.72
34375,2.756
264873,13.414
67702,22.48
149958,34.38
221202,35.1
264914,32.84
103489,14.37
141996,69.94
166813,79.06
7478,15.85
35333,3.623
242908,5.01
102893,17.55
258944,19.89
259878,29.98
233969,34.2
254629,16.14
231244,6.562
74086,8.62
224879,10.35
22963,1.899
117022,28.34
224694,15.52
239179,28.52
238279,12.99
7883,19.25
41237,11.016
52277,12.09
227310,15.33
3483,44.2
166022,59.44
198326,47.38
206109,20.77
444,9.5
96392,9.04
12121,10.35
242959,25.72
212564,13.49
196009,67.75
114618,3.408
19375,44.53
282591,3.268
33088,14.07
136784,8.67
3173,34.2
238771,11.305
94624,9.0
10815,102.6
166631,1.891
123255,12.484
87147,27.0
113683,1.9795
135465,13.9
85900,2.693
104129,21.45
209416,7.42
121739,16.08
209289,26.61
109858,8.375
285948,17.47
35396,3.174
151356,26.03
202716,23.84
254850,3.404
150530,18.31
127768,5.043
142337,95.56
32280,53.6
225725,34.94
6359,21.53
33115,4.715
40735,17.28
206124,25.97
64562,29.5
242983,17.69
220886,11.23
139996,7.15
171786,18.12
36891,28.62
206927,14.1
120538,19.64
223347,52.66
163895,8.805
212430,10.67
179701,23.61
80400,12.46
230527,21.98
85279,10.2
270816,3.398
102226,44.53
241574,11.305
257555,14.016
155078,6.043
235641,17.33
276736,4.55
111791,25.97
270743,5.043
208811,25.1
94801,12.305
193964,14.734
265738,2.047
155854,12.15
100807,4.293
191369,8.52
97297,6.418
295348,13.836
250595,24.69
116333,9.26
208414,11.74
168780,17.58
162709,3.268
155490,6.297
105420,28.28
137137,53.06
208508,127.94
10121,16.38
291744,62.1
15838,5.906
2813,47.56
10132,32.12
205881,5.438
180228,5.695
75376,6.016
116625,31.53
179423,58.72
219614,16.52
26811,8.32
59189,52.97
90922,5.113
198262,33.62
159691,18.05
72607,3.912
236390,13.58
12918,21.53
85752,6.29
187310,3.678
187908,9.26
43612,37.56
148476,15.33
103566,12.914
92024,66.94
206030,6.836
54791,42.7
228561,3.459
192591,11.945
132222,14.52
15380,8.47
51472,83.9
290814,20.89
250716,17.98
122489,22.39
26882,7.81
244266,29.1
209477,21.31
50139,20.94
133292,16.55
121174,7.324
174100,11.28
138998,15.62
277072,2.246
275531,20.42
62883,14.37
157317,136.8
154676,27.48
7027,3.178
43110,12.09
239981,33.97
120952,9.56
213343,6.07
174983,9.336
285761,22.53
263482,12.305
156372,3.318
268224,6.91
116495,9.36
114247,15.75
260927,4.07
61318,10.266
269877,28.22
9222,1.965
238039,6.637
62602,42.03
151001,8.64
258884,42.38
295246,4.535
170537,7.52
285131,5.434
248129,5.867
235516,34.88
216181,12.62
193522,10.51
14912,15.914
162742,11.06
290106,6.742
131538,13.49
82050,12.73
163120,4.742
292855,30.17
206721,52.66
109382,6.195
211716,13.78
61,17.9
100749,19.4
175914,25.97
128186,45.44
130404,12.195
129438,10.35
205775,4.844
16824,19.8
55695,9.81
257385,4.637
134370,23.38
90576,27.27
83390,19.08
50685,146.2
189887,111.0
74217,4.965
201963,8.45
141888,79.7
95416,13.64
241966,62.1
254923,17.61
256263,10.23
56667,29.62
154521,12.86
116532,13.984
165225,6.957
254333,7.688
4742,9.875
106011,10.875
245343,27.16
202093,15.88
192373,16.6
255907,14.92
145926,99.0
290196,32.5
245928,17.66
209662,7.605
155558,17.47
176843,20.02
206,9.664
159965,75.4
224111,15.14
190164,27.44
180800,15.62
221328,10.67
34917,4.727
146763,58.97
76384,2.871
39458,7.95
125644,10.01
122153,21.5
116335,6.79
39418,17.44
193139,5.227
220423,20.34
263795,14.19
228855,19.77
95403,8.71
142846,42.44
66590,14.1
77198,1.916
279655,18.12
223225,17.5
92284,19.52
108606,25.14
223856,11.766
26080,3.67
79345,2.467
194740,6.594
103734,53.6
187611,27.44
186052,18.42
77639,7.86
21110,56.0
200959,10.07
83752,11.82
64352,57.8
211046,30.3
61801,5.12
99348,30.42
18236,15.72
172135,5.598
91224,6.805
49072,3.336
175551,19.33
232047,35.22
16794,11.87
204472,12.41
262806,6.094
114872,73.6
256310,14.67
214119,11.06
166657,12.62
34697,10.85
145234,83.9
88500,29.39
22457,2.766
123475,38.1
173335,8.984
82271,6.434
180694,6.105
103710,22.9
45502,4.69
170757,12.41
108727,9.75
54352,31.86
84537,11.016
142932,90.44
59311,6.504
134814,4.234
293236,27.61
62436,13.49
132948,19.89
157157,141.8
77667,13.75
464,7.49
194925,22.67
166065,10.375
88561,3.72
174494,6.773
192684,19.0
176884,31.4
110469,52.03
125533,14.07
270314,13.24
136141,45.7
220311,7.844
231986,12.51
271578,46.62
105492,16.08
121568,13.73
25950,2.314
142467,58.03
120976,22.03
191869,6.883
180178,16.11
194134,11.57
23030,24.05
129654,25.66
33392,13.984
165919,28.56
119671,7.066
246781,17.61
7610,27.83
183800,3.29
94880,27.22
53559,12.305
33071,10.805
112011,10.97
64923,7.57
245073,40.88
103996,11.26
9993,33.22
224891,16.66
40109,3.602
163598,9.875
61653,14.28
255086,20.6
296246,12.83
177971,21.31
31272,4.637
221734,5.566
187528,14.64
290489,17.66
150133,8.07
242175,28.69
298195,11.06
138707,27.89
205406,22.3
73044,15.98
76110,7.758
99604,25.5
51253,31.53
165690,14.7
154337,15.75
139328,3.66
12000,31.4
232762,4.203
131548,12.25
39994,11.4
8768,7.37
193548,15.266
223471,31.67
16337,30.11
42575,5.855
24493,11.55
199077,10.72
184812,10.99
49752,5.934
49355,6.883
213558,12.94
120682,98.6
176273,4.566
286364,21.98
134188,13.35
405,22.77
73656,13.02
185257,12.88
266974,19.2
157945,89.75
51257,32.2
209615,24.14
149752,82.56
292671,6.156
195700,45.44
195156,70.5
123451,22.62
128311,13.664
257759,2.594
59958,6.52
254017,62.84
269196,6.562
238380,20.8
52715,20.67
163354,11.26
52747,29.16
150803,9.65
42112,9.44
55095,22.72
4578,38.2
120970,11.79
61811,33.84
137535,9.16
295468,9.69
192361,30.42
274942,5.977
106592,11.016
62545,46.34
117759,8.83
216155,6.004
122975,11.35
158794,4.54
288378,4.625
251142,5.734
199423,17.94
121303,9.1
17501,7.93
101599,29.98
100796,16.86
78124,6.086
112083,10.99
69007,17.36
165317,4.715
238876,21.36
125106,12.25
164618,27.48
215354,28.52
238667,46.34
118924,13.836
7682,14.86
151327,139.0
96136,11.2
292647,10.74
187565,4.477
291413,25.88
178249,11.89
270730,10.42
193328,18.81
292924,9.38
223889,4.312
124814,6.21
203359,19.33
30247,13.414
97096,14.58
217936,12.46
295387,63.6
20346,60.38
272817,7.88
242916,6.004
42511,10.336
173219,29.5
127165,25.97
280597,4.527
181606,22.03
94671,7.59
49870,10.23
94873,16.42
280063,6.91
177543,13.87
132358,12.73
26397,11.13
279437,9.56
109917,17.58
157457,141.8
105963,10.2
149135,15.016
298056,13.24
130122,3.248
225056,17.47
273527,14.7
242826,9.46
256986,5.566
176432,147.4
289377,10.76
164136,3.244
109639,19.0
189114,29.1
253195,7.723
270999,11.664
58590,106.3
244023,13.47
195918,58.03
252684,7.34
67566,25.81
18414,73.3
153742,4.69
279872,16.8
197168,7.64
176665,8.88
279894,15.46
272628,22.39
142409,63.84
94502,26.94
76184,9.945
266235,12.25
260675,14.64
220067,9.55
63825,29.69
216760,12.46
112518,9.92
278950,14.37
193889,11.99
299207,12.51
257457,6.043
153357,5.746
44629,13.64
258182,32.44
125570,45.44
282317,12.86
190433,25.77
232319,27.83
64851,14.13
99452,120.1
261895,17.5
64832,60.16
231782,11.52
161256,59.9
223330,69.94
49601,9.625
2876,9.945
155138,26.94
229504,16.45
152986,18.1
215519,15.85
248862,10.31
285702,5.043
14037,13.52
161160,65.4
39905,12.62
75258,3.39
42014,28.39
136437,17.28
164082,14.016
296419,8.0
259234,3.182
216681,32.97
14503,5.035
69758,5.83
184080,23.75
5752,7.81
253982,36.66
209810,18.23
150863,15.11
280966,25.14
64558,19.28
82995,9.195
275989,3.602
21563,23.28
284107,4.984
766,18.73
276697,21.62
254112,21.77
59975,4.645
199982,55.78
107713,10.9
81807,19.36
247880,8.195
216417,18.02
81611,9.36
271362,10.29
127306,8.36
2933,15.78
99930,10.01
196827,15.555
148753,42.7
186033,11.445
287055,3.748
167140,8.58
246064,28.97
115088,12.17
282168,2.15
13932,15.17
120106,5.56
98793,2.023
52697,12.54
272964,4.89
99047,13.61
162120,2.12
158715,17.9
82011,13.19
128335,37.78
1967,26.03
166523,57.8
37826,15.914
37629,30.3
188188,19.0
77311,6.227
215583,14.58
80472,8.96
52689,75.1
86943,20.8
229325,62.84
46136,9.52
322,10.555
274883,27.83
105327,26.34
132543,8.734
43928,12.25
298601,7.004
165976,5.977
197933,136.2
249511,4.418
185743,23.9
16498,13.836
119711,8.04
50520,18.5
187892,16.38
94127,20.22
275582,26.23
232115,38.72
244399,22.95
104379,11.26
54289,16.48
182780,4.137
247196,28.8
252338,11.13
6523,11.47
203605,11.11
149217,19.08
115750,10.78
45655,23.23
82485,6.086
137692,32.97
260149,21.62
133708,22.44
245867,41.03
61595,12.67
274840,29.98
60966,12.07
58956,37.03
31757,22.58
217852,28.86
227395,7.605
207089,10.97
52392,19.44
98437,7.605
266905,4.75
255767,27.22
198348,43.03
215425,18.58
182179,4.914
134784,26.56
113705,29.03
209592,13.58
90927,4.5
32353,3.156
265402,29.75
209772,14.34
184295,13.58
169591,3.975
10854,4.25
226219,26.3
173578,9.71
21278,18.47
19073,6.324
104031,33.5
223913,15.88
224762,19.84
263011,5.953
195003,10.445
246067,95.2
88127,8.945
109944,18.5
10498,3.121
292446,107.2
139168,19.08
131897,8.055
104615,60.38
247299,6.504
197701,17.36
138495,15.945
102938,14.555
105697,18.55
229011,8.734
120414,1.874
237053,27.55
184187,11.87
40290,11.016
10823,10.99
82140,24.39
67908,17.25
233843,7.004
243357,55.34
212197,59.44
206886,27.66
187268,9.56
30138,11.445
260198,7.895
206398,20.55
106197,17.11
245672,8.56
164446,15.3
197913,15.98
229013,10.555
165658,4.348
246645,19.61
215170,18.28
235833,8.62
280482,16.42
262982,7.54
274388,26.03
202751,16.52
82708,9.26
241237,27.55
185654,9.945
158990,14.83
251260,16.38
248943,23.84
275930,4.203
278914,12.62
298484,9.195
14455,12.33
78809,3.129
296834,18.66
25170,3.166
255886,5.81
97484,12.09
294713,20.5
15467,12.62
130159,25.61
225816,28.22
268444,4.094
92956,12.99
86715,10.07
108079,23.28
208675,30.3
162719,4.02
179459,7.555
56624,28.28
11373,12.86
112136,3.084
259875,37.5
78759,2.338
290699,28.97
53394,44.53
299315,1.874
107516,20.77
121138,19.08
101719,30.36
142404,80.0
191065,9.625
168688,7.504
70633,31.67
204116,100.6
67679,14.19
133349,14.43
80932,33.56
91349,4.492
247828,5.746
40617,32.62
114627,11.89
275570,17.33
257877,4.406
202407,6.125
131774,14.95
279019,16.9
102141,16.19
201099,13.38
102402,38.56
221819,7.605
172450,10.2
249081,38.47
143803,34.8
219942,8.4
149912,5.34
150120,5.812
239663,17.11
143919,20.72
17387,22.58
196098,90.06
240635,10.53
43740,7.688
297651,15.11
192106,118.75
31198,1.971
132127,119.7
88333,22.62
110939,14.31
213005,23.19
242527,13.16
232922,24.19
284365,4.453
119872,9.8
234459,4.67
148693,57.56
131181,10.6
237717,3.547
10241,7.984
66113,13.695
112996,12.07
49956,3.875
17836,46.62
78645,11.305
104779,9.24
17629,24.84
90911,18.36
164261,10.16
63594,15.33
90726,11.914
277889,5.645
36557,24.89
147257,26.5
212680,7.707
72845,33.22
17724,36.75
62145,14.555
9970,17.39
283151,26.78
162279,3.117
133160,8.414
50153,30.9
162345,4.664
62163,12.51
193729,17.8
131386,13.33
91906,23.0
253314,27.16
108260,13.836
148244,21.4
265184,2.057
130033,8.91
15646,7.86
95901,13.664
3056,13.27
283770,17.77
236520,20.97
110407,24.23
16513,12.67
89136,48.62
260221,9.945
17575,10.76
112390,20.22
174397,5.344
197957,10.49
2433,101.4
173681,5.254
263204,18.42
298868,14.28
55910,56.22
288129,12.43
243732,12.17
168127,7.21
288527,12.27
86297,1.905
17136,10.16
98903,4.633
120591,65.1
23543,32.3
289774,18.1
275859,28.69
56766,58.97
130893,18.92
191753,15.39
224765,15.016
143179,12.62
205121,16.72
209582,10.13
169308,4.42
227767,82.25
139864,16.08
12507,10.67
75541,5.63
258967,45.44
110263,23.0
234814,3.412
39219,4.89
66614,23.42
269768,17.39
250562,22.08
86929,10.42
160578,40.53
200998,44.1
110756,75.4
97030,16.05
209115,3.842
171834,8.375
237506,20.12
85189,18.73
285744,18.97
195570,57.34
52271,25.61
114628,20.05
63430,18.17
142194,41.6
17160,6.91
101475,135.8
178927,17.58
101958,8.43
66337,4.47
207788,21.31
76349,33.1
56639,12.33
46425,14.95
162123,5.258
141984,73.3
60670,8.66
264958,27.83
106927,15.78
114362,15.016
33318,16.62
148080,19.84
70367,8.64
10511,3.79
85931,2.867
88728,4.297
126795,17.72
167189,19.97
42474,14.7
171943,2.434
171749,15.39
144031,21.28
45773,2.314
286288,20.02
112983,27.66
140237,12.43
100624,3.041
88101,15.42
40277,4.32
140587,8.29
224099,1.843
260353,12.27
174630,6.7
142393,15.88
134327,4.46
290193,11.4
224088,3.678
264537,7.242
32891,14.1
32624,18.89
289494,5.234
228248,24.3
267804,28.45
195407,90.06
138763,10.875
216608,15.05
94204,11.62
107219,24.69
34906,9.336
217116,3.504
32444,9.14
287588,2.42
194833,12.305
69563,15.2
30620,9.875
267288,11.84
50820,13.75
284678,8.6
196494,55.78
217581,28.34
50807,146.2
72256,9.26
242505,9.32
215195,19.8
287802,12.05
28567,3.145
46806,23.9
94110,21.67
38903,10.445
258194,8.195
171181,2.549
40110,14.07
116371,5.06
42793,8.984
178929,5.33
60342,25.4
165508,13.38
295126,8.945
236865,17.36
101408,156.4
284426,14.49
85636,15.98
174907,26.4
167369,3.025
55967,19.69
130699,67.75
33985,5.242
283013,49.9
233788,8.16
182921,7.473
206127,19.84
17790,8.14
167943,19.64
134798,16.94
47570,15.586
149868,92.6
46758,19.12
169642,6.26
71776,3.72
99735,17.58
229954,18.12
292675,5.496
232379,28.39
142489,16.14
63158,11.35
38443,6.19
189860,11.35
114698,17.69
150455,5.234
72987,12.64
209961,24.6
277959,10.18
131365,25.1
77170,4.055
231661,17.11
15006,6.535
295289,8.32
51959,17.58
265156,38.3
26670,15.78
185982,5.168
85809,12.195
153090,17.36
18410,26.45
31951,10.97
104528,21.14
266701,2.605
109547,27.66
278420,10.74
107336,11.72
111899,9.65
264116,12.83
251766,15.33
160564,8.96
251941,9.55
202197,12.97
21738,33.84
188971,40.7
4949,17.72
88708,8.58
147221,36.9
220372,71.3
14427,38.3
260369,27.22
129223,4.645
149314,8.195
129645,11.89
117019,34.88
111306,8.18
34648,5.363
58910,21.94
232170,30.42
278966,2.102
74762,4.91
52817,28.69
240756,3.795
141026,11.766
240397,135.2
43804,14.4
127275,7.15
202339,36.9
244551,39.56
207272,50.5
78310,7.914
28648,7.88
242967,11.55
296920,5.258
3381,22.39
296790,2.467
231451,22.62
218421,10.97
225575,38.56
149412,62.1
224405,8.234
145124,64.4
96990,8.18
277771,3.314
261373,29.86
146806,51.4
8809,19.97
97442,8.984
240354,4.008
272754,4.492
94996,2.182
204259,33.22
259012,3.193
100940,22.53
158528,9.664
10333,18.36
88277,2.41
42188,31.4
192568,24.3
84725,8.6
65603,32.44
230519,11.33
177206,13.64
289122,7.62
195635,106.75
142295,35.1
51963,8.96
2158,80.6
286985,9.46
247527,11.89
99166,3.477
211038,5.168
171283,13.33
230345,23.28
241948,25.14
183241,9.664
295978,6.445
6123,17.66
91058,4.004
268025,14.766
274396,10.6
48130,13.695
9728,8.25
102791,18.55
256633,8.695
34455,15.2
263730,24.23
70314,12.195
128842,8.88
91886,7.895
187192,15.234
67057,23.05
1478,7.758
60818,128.5
250439,23.19
207668,14.34
158929,21.58
17238,10.53
29885,24.64
105427,3.846
168989,3.688
236778,19.0
37590,17.72
207227,21.06
76662,4.492
18005,60.88
237322,7.62
147154,37.34
297768,11.99
165,14.43
103226,17.0
243184,80.6
23629,5.1
11281,18.05
234679,36.22
27674,7.844
269246,58.28
99545,20.8
54951,18.89
283609,2.541
251112,8.64
298602,6.883
165624,13.9
140879,6.805
58610,12.805
101731,7.31
120999,19.25
204137,6.58
169062,12.51
32358,15.81
24260,8.96
143921,56.0
174852,4.402
165867,17.11
135616,23.84
210357,8.51
95587,4.42
110422,38.72
36594,21.98
83671,5.125
176411,2.785
148539,10.47
298520,15.2
90229,5.637
293035,57.12
77285,3.096
55784,42.03
296116,13.33
137677,19.36
161883,157.6
70461,117.8
75583,3.256
9138,6.535
80140,23.05
141410,9.36
1441,71.06
176977,16.22
135320,7.758
61094,3.322
145592,34.47
246066,48.22
65579,12.73
257890,17.47
141101,5.516
257900,13.87
167332,20.38
278207,7.688
12895,9.86
6556,7.258
150615,8.25
115147,25.92
71601,2.357
161709,124.44
254886,8.6
279024,12.17
144093,97.5
177889,6.91
178551,8.32
254765,4.766
103366,36.8
10198,8.67
204630,14.92
13343,27.38
184237,25.05
181556,2.986
265008,32.25
132867,26.4
281248,32.84
90239,20.97
162678,11.2
277322,8.91
68216,32.3
282022,10.35
246823,3.918
246807,31.03
151153,21.06
93773,3.434
186082,18.81
190768,6.105
262930,6.445
177112,5.8
235080,27.27
298573,30.84
114417,21.02
107054,18.81
95524,10.2
117468,15.62
138168,12.94
150950,10.4
86047,14.1
38396,21.06
5509,21.19
36086,9.28
38893,33.16
204700,30.36
145904,117.8
294830,7.57
28138,2.434
196433,33.56
183543,9.16
141583,5.215
134692,47.66
96168,17.28
108089,6.594
195062,41.2
193689,9.55
292414,59.2
272165,23.95
202172,12.97
91760,17.14
204757,21.67
276796,25.4
231646,31.03
272484,16.05
223440,6.086
225149,11.305
219681,10.375
136780,11.13
32623,23.47
63104,45.25
6204,68.0
269829,7.406
201842,13.3
52565,13.44
155163,5.81
281937,7.258
121579,29.98
10340,11.2
90432,15.49
234599,12.41
260980,6.332
52279,6.758
294679,8.07
9,12.05
3359,7.133
293008,9.77
184733,7.05
206299,15.65
266123,19.52
177884,6.29
199510,9.1
23913,7.93
47359,19.4
166616,11.84
19717,79.4
80406,10.6
40416,2.31
169018,3.928
213228,14.1
212075,19.0
13005,23.33
173944,10.625
216138,11.59
264452,17.69
139659,10.2
203120,6.758
102144,66.2
281448,17.88
230112,11.87
265373,113.7
2887,11.87
18259,8.805
73795,9.56
114485,3.238
188790,5.215
280970,12.695
294453,23.38
13258,21.45
141117,6.094
291370,4.04
197180,12.43
126183,5.133
133723,26.89
189962,20.02
218434,15.39
49911,16.05
119135,20.72
12752,27.38
102447,8.734
36313,9.0
267769,16.28
128966,25.72
271943,7.195
162787,4.83
137370,7.39
72695,23.23
297095,8.195
12848,11.97
250384,8.66
50080,9.96
75613,7.93
114149,9.9
26257,11.26
176224,5.645
174527,15.65
274485,10.695
100100,12.83
244160,10.85
170224,18.92
174217,13.16
163896,11.57
179714,11.52
297928,12.016
160315,20.05
244743,97.1
182518,17.11
286997,9.586
61415,68.0
182030,26.19
187340,26.56
185027,12.695
217795,18.47
60735,8.32
85849,56.9
241339,10.92
89761,14.86
127997,23.19
291969,6.434
141756,34.75
69025,10.78
91435,17.88
140503,81.94
87247,12.46
233236,2.367
18562,3.615
218774,30.72
230949,20.17
110462,19.92
176198,25.1
1602,43.47
110508,6.168
36074,3.033
175994,11.04
222646,8.055
74299,26.67
206439,13.13
62396,22.77
130095,11.305
292249,5.3
297631,9.836
82448,6.652
212105,62.6
6585,95.56
226319,6.594
2394,59.2
141032,12.88
269819,20.47
190686,5.246
42750,18.2
50642,25.88
278922,23.66
166313,64.06
17796,35.1
57294,49.4
4619,7.62
97891,8.83
198944,2.264
69263,15.78
28099,10.6
155239,12.35
128657,27.66
239898,17.9
210422,10.29
223914,10.42
27966,17.72
201476,110.2
231605,8.84
41014,6.94
28139,34.12
210256,3.875
202995,10.53
120796,8.92
116328,8.52
51698,18.02
144038,46.72
209664,16.25
187071,5.93
193503,5.29
30839,5.58
192312,13.16
92567,18.81
14861,32.78
2077,74.5
83078,2.117
127623,4.133
232112,11.945
165911,29.1
156716,4.344
159823,4.914
268914,5.754
283935,17.88
87441,3.865
109825,24.94
232588,25.3
130057,34.53
294614,2.727
34466,2.146
157521,102.2
296567,11.18
69033,19.72
103327,5.688
47120,22.81
128506,115.5
286909,28.0
240832,33.44
287163,35.1
140100,2.887
10776,10.53
226983,8.695
52231,6.21
54838,13.9
111949,11.33
285630,8.52
712,10.78
289306,22.03
127,10.74
100164,31.4
134629,37.78
277772,6.008
291109,5.723
229162,18.31
168097,9.52
28378,5.11
40497,5.98
71032,14.95
267316,29.16
99602,15.36
49717,8.414
158850,19.36
52395,13.27
293510,11.49
70794,35.44
46759,19.69
187425,12.64
207991,36.1
180674,11.445
287373,2.959
292298,9.984
35986,27.0
84871,10.99
99553,97.9
117479,5.31
160499,13.61
153057,13.414
57365,24.39
186328,13.44
148714,80.94
174415,8.18
295889,12.94
37485,2.367
168188,6.28
220267,8.43
225154,13.52
90598,12.64
78679,5.953
136264,14.37
40881,13.555
106481,25.1
102597,20.89
55373,14.34
168240,8.47
261423,23.61
269338,22.58
195554,47.28
144039,64.4
84960,2.701
153933,10.51
15371,16.28
63485,16.22
295620,13.08
173344,13.38
272814,18.2
121984,9.69
32671,3.045
169313,7.05
176407,17.25
207230,4.48
280917,3.53
86242,10.51
165753,13.44
66908,21.84
20149,27.33
218868,13.52
57618,24.84
63052,106.75
247100,49.5
228321,9.06
24012,11.33
291221,6.28
106532,16.25
25326,9.3
3186,40.88
237459,8.984
249021,20.47
13973,11.13
99824,6.895
56267,25.92
105060,13.02
43494,4.656
249343,11.49
115694,12.15
140011,7.242
14646,31.8
82597,9.9
4508,22.62
8240,8.484
205748,11.016
129669,20.67
212821,12.38
289539,8.71
84541,8.07
278406,12.64
242912,7.066
27791,9.69
41601,4.777
143581,24.84
38861,4.703
142977,27.66
78048,12.35
210642,17.44
56703,21.19
64068,10.03
142955,71.6
241513,19.61
208464,14.984
294800,4.008
257520,3.902
139306,18.47
155555,12.695
283384,2.402
98586,3.785
214974,6.24
106473,27.83
39319,8.92
295171,21.67
171329,3.771
99390,17.61
42063,39.2
71956,10.67
101621,25.1
191145,8.984
166717,2.074
159642,13.16
290641,15.08
93903,22.48
36999,4.875
94063,16.94
126612,33.16
10664,8.11
148816,36.9
259604,44.62
169275,7.05
256543,10.42
173192,12.62
296036,10.85
12387,33.56
45571,22.95
147999,76.0
224331,13.3
234146,3.248
26938,5.855
253533,7.164
273145,13.02
99973,3.846
280006,19.33
158848,18.28
211337,42.2
69349,21.23
135349,9.86
139856,15.75
253530,16.05
243978,9.26
37346,6.332
157077,146.2
106158,6.22
181619,10.05
119880,7.066
1256,11.74
228827,67.2
292682,3.34
149120,47.66
253580,23.7
275562,9.195
299185,22.39
188753,22.03
157965,86.25
49372,8.04
19114,24.73
29410,12.484
177324,23.47
272402,2.982
280624,8.11
120144,28.75
191070,21.06
51501,47.2
231912,55.12
156610,71.9
103718,17.9
135661,8.75
250993,52.75
16706,27.0
247799,6.46
183494,21.53
1667,58.03
228165,2.25
11079,14.37
175967,7.88
232269,40.94
111326,12.484
277081,6.7
228155,17.11
16860,11.18
2285,54.03
57891,28.8
133601,6.15
25472,86.56
200397,3.42
31567,7.098
261148,47.84
275095,8.695
218039,2.027
49571,4.84
125005,133.6
112714,51.1
54580,18.78
277597,61.6
46392,12.17
30790,14.95
172014,8.64
255529,4.867
137144,9.81
115399,6.625
165454,20.6
276435,8.125
133776,11.04
290221,21.84
33581,23.52
266362,25.66
266112,33.1
11844,11.914
233398,8.945
59368,27.05
171695,12.484
287980,21.36
171014,13.3
243199,80.94
294185,59.9
221833,11.695
191978,7.258
72169,16.52
264207,6.957
262820,14.49
149977,49.9
135001,9.65
90489,97.1
189341,3.137
32211,9.16
165294,13.24
37773,43.9
195844,82.56
83501,49.2
136425,2.605
282302,5.508
287579,2.389
224008,18.97
132155,18.58
133990,8.0
284280,2.887
217550,37.2
59142,5.887
206916,15.586
274277,7.62
33404,10.03
190647,9.9
285011,7.02
179470,12.83
73720,11.914
14657,12.35
21734,16.8
52113,46.25
71677,22.08
49168,17.61
160848,21.8
103368,6.867
105338,22.16
125504,23.23
116690,27.38
127153,62.1
217374,13.555
50158,12.05
126302,29.98
62860,18.36
105087,41.34
226604,21.67
5938,10.92
26445,20.84
275139,28.52
134568,11.305
258145,2.71
91949,23.66
116691,21.4
94349,10.12
255986,19.4
232947,21.67
162874,8.0
110954,12.99
191067,12.805
259846,8.945
20803,81.6
237558,21.23
202667,14.58
238080,14.95
1666,26.72
96486,11.35
219439,19.77
287979,14.34
116350,15.33
42122,4.62
105803,13.44
298987,10.49
225317,5.0
184629,15.17
176830,34.38
59407,5.29
192049,3.932
642,16.83
77293,6.29
142986,23.61
119208,4.266
194075,6.7
227769,12.67
107543,7.656
82418,3.928
6441,2.99
33752,4.723
233917,20.1
207215,36.44
139465,28.22
104881,11.26
179862,47.38
256396,11.2
273909,52.12
108533,9.42
194743,5.145
219178,8.77
28693,8.984
174274,8.77
69348,31.92
219565,4.152
143714,52.44
110156,92.6
257382,4.266
54411,17.25
108328,23.7
477,24.73
202804,6.066
22603,31.86
128482,39.5
141831,44.8
62269,8.45
79974,32.3
128957,19.05
295201,6.715
95412,3.125
250316,39.4
48158,6.867
197686,11.87
276710,3.113
168670,7.438
119056,25.2
138166,15.98
202383,15.46
19888,64.6
21493,5.496
131388,12.46
221022,10.47
293863,7.15
80021,9.46
246977,17.25
23078,23.28
187445,2.172
111254,13.49
197773,128.5
293610,4.438
240595,11.16
157114,54.03
57103,9.73
277588,32.25
252391,6.316
228602,13.61
188158,8.414
72687,41.6
9777,25.45
170357,3.803
180410,6.73
278729,42.28
117092,6.895
248378,20.55
4685,12.59
50768,19.44
134499,14.83
220002,6.086
204013,19.0
41165,33.62
194055,16.66
10757,4.85
249866,16.02
192800,20.72
200378,3.941
293324,8.07
129432,28.45
131285,9.08
12648,8.58
140792,17.66
74707,45.06
218310,2.76
94520,43.56
196504,67.5
85964,5.3
227726,119.7
196222,64.4
236421,14.8
268767,3.205
28,13.13
276209,4.168
285305,11.445
7346,6.168
263154,141.1
220104,42.2
176708,13.02
144705,23.84
201089,11.99
269542,25.4
244146,15.945
207975,121.56
159190,7.42
176598,2.73
116698,22.58
188522,10.555
148520,73.6
66067,26.45
55551,11.82
150150,19.64
69077,7.758
100127,17.83
29788,37.56
170366,14.555
297830,30.6
24967,6.445
174569,29.16
71421,42.97
138387,54.25
243924,64.06
203823,11.016
18843,57.8
139154,14.95
250435,5.723
184300,25.56
223176,26.4
203596,15.78
242451,38.3
25641,12.33
139880,7.67
213144,9.195
82300,3.879
136013,16.34
266719,27.38
102769,2.32
79274,6.926
89902,5.32
280299,3.025
142251,61.6
205381,48.03
9107,4.816
276663,6.535
215552,5.953
58104,12.016
239108,25.3
8656,5.055
263669,9.42
71262,14.34
241594,7.895
27784,18.5
165328,6.52
286756,14.92
16893,13.1
27236,7.473
133046,20.94
126476,29.16
81335,4.676
2900,20.17
203545,28.34
139561,27.22
161492,43.56
74799,17.25
182705,10.24
82770,2.83
97020,6.91
139476,36.75
200369,8.14
235809,13.984
243624,14.52
7607,41.78
97128,10.875
20426,26.94
107158,14.734
102241,22.2
3085,13.02
149466,55.78
51365,46.06
131346,14.86
33810,7.895
219056,71.3
135761,29.2
189618,3.186
224354,13.75
201757,21.72
208143,2.645
33277,8.51
70082,13.16
88687,8.16
116118,10.18
194767,5.2
92209,17.88
144945,52.34
18292,17.08
242133,12.56
180754,13.58
23773,2.852
189997,15.945
152142,16.66
282219,6.55
251754,4.633
126317,7.555
1754,48.62
226581,29.33
75900,14.95
100951,15.555
117493,10.375
154937,24.34
214519,21.98
36887,34.25
132929,10.53
14836,18.78
226602,52.97
61563,13.61
35248,8.375
138411,13.47
113990,3.412
133008,14.734
120368,9.52
134913,13.24
190454,4.777
194365,28.34
124792,42.78
259703,6.82
134754,12.88
216193,8.84
196100,76.3
270614,5.285
245657,8.195
272213,5.496
284600,11.695
5519,2.924
169871,44.1
249673,5.76
4287,70.5
283349,2.588
200205,8.21
83792,14.64
57817,12.914
221425,21.4
69759,13.81
35829,5.254
101589,10.9
277490,4.9
18169,17.11
86087,22.25
70413,11.62
200273,8.67
21876,9.4
261000,24.19
140358,20.5
183320,17.55
51389,4.367
176834,2.959
225892,15.98
85822,2.68
163358,8.234
140728,8.84
94191,36.53
86301,16.02
125278,4.78
118169,8.6
24377,8.25
193663,11.64
247266,28.97
264544,19.52
152610,13.93
259944,27.27
70926,17.22
183807,3.125
190916,5.54
214568,3.518
145692,76.0
69729,20.05
264789,3.748
61773,15.78
221583,12.195
143089,25.66
65556,114.1
207081,10.03
87230,6.06
233415,23.52
32142,10.53
67014,38.25
63445,4.855
65807,62.34
289903,20.72
255633,29.33
279028,8.88
80503,9.0
233613,9.3
147906,72.5
245994,4.42
169294,7.86
75371,3.137
175959,15.52
298589,8.04
261874,12.51
67374,9.44
38774,6.55
98788,2.25
120389,4.91
17894,18.12
143059,17.66
188813,18.66
60758,25.5
291643,33.22
53494,8.25
199044,24.19
136196,5.727
270753,18.73
169316,5.92
49240,8.66
109319,19.89
244403,8.62
287773,11.06
180472,6.402
218763,19.28
239895,7.37
133553,4.887
242371,12.484
201265,12.305
191488,6.133
172281,29.86
20327,57.56
87214,2.348
114234,8.11
256926,9.18
12583,18.89
250292,31.22
88286,2.3
226674,11.11
169190,7.656
8280,7.164
263709,35.3
7375,35.8
6742,27.94
264846,12.86
230446,10.09
165679,6.324
247213,22.12
227896,11.445
28549,4.703
4878,14.61
208641,18.92
101576,11.375
15836,9.12
188410,75.1
265526,8.87
30562,10.83
126656,13.16
153345,12.05
283852,31.47
284862,10.375
204559,4.754
7412,17.25
202102,15.69
259892,27.27
279221,15.78
35581,11.945
105319,40.94
145076,71.9
262942,9.96
168282,24.39
32091,2.434
256839,24.3
178877,25.66
160264,2.117
213906,6.85
105731,4.42
93679,12.17
225795,11.305
70905,6.184
79856,5.312
36720,18.28
90101,4.594
137497,11.13
107903,127.94
46627,20.6
166113,19.69
46228,11.914
150611,5.008
159197,6.367
99225,2.521
26426,40.88
161595,48.62
181580,6.535
44543,9.625
112128,18.84
151337,51.1
192082,98.6
144982,69.6
277389,13.61
248393,43.75
290796,8.62
146076,23.23
58536,10.12
232671,26.34
228852,22.08
155805,28.39
128851,17.72
68574,13.05
283784,19.2
276239,2.275
130665,73.3
224785,28.34
163274,19.12
151272,4.465
125760,16.6
93404,5.406
63424,22.3
292362,8.195
116530,22.16
239596,69.6
84573,2.146
291962,13.64
143578,50.6
95789,25.05
160762,137.4
221271,6.008
92806,15.36
61490,19.52
156357,19.25
219494,15.46
278552,29.03
210332,2.879
247227,21.8
207270,44.88
252085,24.48
162140,7.707
236102,17.8
122412,5.754
61459,34.12
40753,10.805
166153,144.0
217558,31.8
209184,18.17
126381,15.586
177624,18.55
237748,8.14
40939,6.773
155479,2.393
189486,7.082
77420,6.99
293692,14.25
275346,9.52
26765,5.344
159681,3.725
109645,5.875
173489,4.73
212887,13.555
294010,7.37
88521,8.91
154016,25.05
186957,39.2
94064,6.805
21853,8.77
7090,13.24
196466,67.2
132858,7.293
175104,10.76
82242,5.484
23879,24.94
19508,30.23
207774,13.414
282416,6.94
36031,28.97
203512,14.58
285477,2.074
197871,8.25
64575,6.957
211605,45.34
124030,12.016
256269,12.38
256193,22.48
295914,4.074
88349,9.77
8906,6.035
84066,4.285
34970,11.72
22632,13.16
114218,11.2
162228,4.95
174921,9.336
59145,8.945
124388,20.55
187078,11.4
131270,20.05
124723,38.4
88678,11.97
175808,11.695
29322,14.86
267686,19.97
299087,5.723
223481,12.97
163568,6.637
174227,16.6
90920,4.61
178582,12.43
205304,11.016
62704,13.61
241632,4.027
263157,95.94
68884,27.94
256265,11.26
261215,5.035
133472,11.086
261167,13.984
202214,12.97
272542,20.97
169233,2.463
188970,20.02
290301,20.05
16223,20.42
280611,29.33
120746,7.88
43907,7.773
78244,27.05
68295,17.39
92940,1.605
1644,93.0
115450,29.69
109248,21.8
121719,9.625
169236,2.113
45004,4.46
155072,20.64
35323,3.133
64390,6.19
274456,15.69
156155,4.938
29887,26.89
214541,24.23
263004,16.83
11735,9.484
277435,11.52
1450,44.25
102612,3.088
204903,21.19
165026,56.9
54836,13.13
113463,6.926
99395,110.56
89104,30.84
115361,8.45
136371,4.188
212170,53.06
152964,11.305
137613,2.97
226558,29.39
61255,12.64
176890,14.13
203930,4.0
114982,5.285
102269,47.47
281538,19.28
271522,6.836
201735,19.4
213938,18.58
38334,4.902
15217,8.16
95646,16.55
125817,14.83
196851,48.72
39061,8.6
99381,22.08
214256,10.67
268838,10.18
158735,14.67
264943,7.81
80161,9.28
93623,14.95
44742,16.38
214197,52.44
2689,40.22
73580,8.484
50335,42.78
233121,10.83
69228,17.58
201509,10.42
76108,3.643
270997,12.78
103911,6.12
13529,3.99
194137,5.605
185634,7.21
82829,17.69
13541,45.25
88657,6.195
17258,25.14
183180,33.56
61386,18.62
200381,5.83
58703,20.84
239363,10.67
186439,22.34
287626,8.055
48273,21.36
100478,22.2
137001,19.48
134867,22.39
299198,9.02
181705,5.47
137519,2.629
125073,5.88
177388,4.914
208526,22.53
82914,9.195
68732,4.9
216035,14.13
5073,53.28
33707,2.324
135708,11.64
283956,18.31
95677,13.16
446,11.82
160362,5.93
30869,6.61
59473,72.5
142974,58.72
197680,46.16
237607,11.13
212563,20.8
296591,21.28
286001,27.48
7083,34.8
116130,35.72
279012,27.94
6104,29.75
151634,7.438
23367,23.47
289108,5.684
127715,10.51
137789,14.13
117200,7.406
251669,11.64
47249,26.72
287640,8.6
89113,12.25
149581,21.28
112546,3.5
271603,13.81
76961,4.016
269854,14.07
227184,24.64
237980,20.72
192024,145.1
180182,3.826
204504,9.0
21961,25.34
153008,7.773
126589,10.49
57585,15.234
121855,2.14
38543,12.38
217633,18.89
133991,18.23
225836,25.3
35083,2.084
144703,4.375
58388,13.47
96032,9.4
7182,9.55
226803,7.082
112470,18.47
212804,4.633
88854,5.617
224996,9.52
191969,6.836
223686,4.24
94701,11.945
29890,12.195
59751,14.52
94678,14.05
276574,6.91
116339,6.31
295496,20.25
79550,4.83
174297,5.59
9209,22.3
169466,5.312
230056,35.44
53131,133.1
196424,74.5
60879,6.94
131634,14.37
160877,18.12
68263,24.1
249742,55.12
30293,4.426
289067,27.83
25599,14.83
250249,25.4
122290,18.84
94865,13.695
90318,6.36
88844,3.734
221737,6.867
35179,19.0
197841,11.35
239126,5.32
290910,12.56
176190,26.23
14767,36.1
28207,9.336
68810,17.47
213084,11.79
97884,21.84
250457,27.16
13834,2.998
44502,8.0
20989,39.34
193229,20.3
52644,10.92
248106,49.9
275907,6.684
83255,3.318
179206,25.45
18257,55.78
158216,15.36
249035,22.77
74680,62.84
38222,11.62
63440,3.965
273804,6.562
215198,17.36
135226,3.416
202730,36.97
158201,16.28
143617,80.3
245604,13.13
226488,10.51
223483,14.37
217654,22.2
215581,9.42
242148,20.12
86634,13.16
97701,12.05
167272,7.195
103729,26.23
61065,3.137
270809,8.34
6940,22.72
87934,67.2
57285,27.89
121094,30.6
58088,25.14
180816,8.79
132240,13.27
57485,9.195
259447,6.418
125311,5.133
87135,13.47
60581,10.67
72571,3.928
223367,5.0
35309,4.69
53110,5.516
290557,13.984
175985,7.605
251954,24.1
94316,9.36
294588,10.03
206552,24.94
133282,17.44
167324,5.84
229370,18.36
94295,2.36
170359,21.89
19544,37.56
64078,37.72
9812,16.28
36025,7.31
296515,9.625
234914,15.3
212248,19.48
168865,9.56
96399,19.2
71480,23.23
218369,25.81
29089,14.1
215410,4.844
252914,10.83
21159,4.9
284961,29.39
267230,108.0
269463,1.635
61372,7.504
230856,2.393
31340,13.27
219899,20.6
279422,6.156
214252,12.54
127722,7.242
288299,19.44
126748,3.08
234478,10.12
26848,31.22
76762,8.25
200439,24.39
133136,30.17
207321,23.75
28824,5.79
85133,9.55
173635,37.72
177492,12.78
20714,39.34
114398,49.6
56144,13.47
118549,42.78
82199,6.926
59935,44.97
177970,6.03
285266,6.016
241560,22.39
232249,5.746
206944,2.033
118235,12.05
298080,73.94
155465,86.94
97118,13.414
37544,28.92
175647,12.695
150037,2.14
37755,4.703
234754,14.07
1401,73.06
41778,10.35
274236,30.05
95194,1.899
39191,27.16
189475,5.56
263227,5.2
54581,29.81
93693,4.996
32127,49.4
165963,24.94
296602,22.81
175063,98.25
181947,37.94
60560,8.58
266189,9.28
299233,17.55
157981,20.02
278856,31.98
80512,29.16
143300,51.0
124667,15.52
152327,24.0
197815,17.98
122645,34.53
275580,3.99
75672,3.865
229544,2.8
128774,10.58
102314,26.89
275938,3.852
28066,22.3
192493,13.87
29240,9.484
8103,68.56
27538,18.73
147157,9.664
91419,13.02
266632,27.11
166312,4.684
94299,5.855
76405,9.12
137303,3.395
285414,17.05
177708,7.082
51043,34.75
288794,35.1
260019,5.137
277971,10.42
286964,22.95
119220,18.42
51910,10.51
169918,6.58
104954,16.52
76943,51.4
246377,9.16
57126,15.75
236274,33.22
134300,25.45
129391,10.29
104133,16.22
149818,109.75
154725,17.58
160630,20.25
126120,8.87
213654,17.39
261783,5.242
25802,2.898
192014,10.35
79339,10.16
95311,36.44
64201,12.33
44999,6.504
216963,19.4
129769,17.9
97112,14.86
31020,6.91
295498,10.42
67347,16.62
198609,134.6
83836,10.16
146057,27.33
161695,55.78
132403,36.75
285765,5.96
116417,10.76
292411,57.34
279449,11.26
201995,5.18
144452,6.043
145793,35.1
232806,38.2
142081,58.97
295258,10.74
87880,2.25
150643,21.06
139849,14.34
20376,31.98
298759,2.629
123698,21.58
174317,10.67
196177,84.25
94247,8.305
111129,27.0
176776,23.7
191571,6.7
242807,21.06
105380,35.16
37273,48.53
185931,2.123
247961,17.05
277468,8.016
39301,6.434
201193,16.25
245189,8.21
223820,8.0
50053,12.016
10408,20.72
107199,6.113
266870,6.34
282695,6.883
33334,5.586
268834,6.418
129326,14.28
46462,2.5
175948,9.18
289743,6.883
55747,8.96
142350,78.75
113807,29.33
30127,14.49
190124,22.77
139899,6.504
77469,27.66
48280,6.625
170427,67.5
160261,8.88
36280,4.527
196606,49.9
109717,15.016
20337,73.6
152054,30.11
212817,11.445
10778,12.195
220138,11.49
285999,27.05
171454,14.05
121697,23.66
166390,7.86
282582,2.705
96893,3.408
265460,4.45
137881,26.67
213314,15.08
83910,143.4
102054,2.486
111162,9.9
84626,3.297
51881,14.46
120732,18.89
193592,9.24
288745,5.61
29822,19.89
172557,19.28
86926,5.1
158916,22.48
195015,10.336
135178,4.363
124027,18.62
219528,17.94
242894,20.1
225690,9.04
255910,13.555
37952,13.27
154402,4.594
246779,22.48
63419,13.27
92294,4.16
2802,20.17
87123,5.06
168062,58.97
142969,10.29
174763,12.12
205686,27.72
192288,5.01
48230,16.08
89798,14.43
98292,13.555
174649,31.61
106829,61.84
230762,18.78
283285,4.293
56529,71.3
48683,6.08
38455,15.555
59872,33.22
175264,8.14
279779,48.4
240080,14.19
26587,9.4
291831,9.26
21575,1.874
82280,8.91
259758,16.14
68081,15.49
100622,2.79
173496,19.56
95980,3.31
30251,16.38
130622,22.2
221570,13.58
255613,7.95
248671,23.1
187364,20.38
101643,32.9
112646,5.895
215615,2.393
278603,5.63
135690,28.34
31990,6.367
26135,22.2
253410,7.02
210559,28.17
23035,18.12
247250,22.72
56019,11.695
297597,6.492
110388,22.44
58847,42.7
21579,13.24
261956,31.8
256096,42.38
10980,34.47
173691,7.742
33583,4.035
232905,39.9
112758,10.9
162910,17.94
244690,21.89
162712,3.455
221664,11.016
88786,5.664
294793,2.184
247106,12.56
216284,6.668
172335,8.91
261220,18.28
289303,4.164
169714,4.215
285151,23.14
228664,29.62
160450,8.21
182698,15.42
247271,1.696
191125,6.28
32407,16.77
222959,5.5
83648,7.242
51680,9.484
94101,27.22
175222,10.695
209558,32.56
201066,32.06
97949,21.02
52996,99.8
101672,7.95
213256,14.164
295364,9.38
71952,8.055
201101,13.3
128002,33.72
15074,16.19
244333,8.25
219693,18.47
295023,8.0
86386,6.867
188378,12.86
252117,20.42
298809,23.8
44473,13.58
62865,10.945
105921,14.89
155564,3.186
9566,12.62
184118,8.87
81356,4.684
213183,4.387
117570,9.836
108052,15.98
145974,29.5
211715,13.02
275504,10.12
27602,6.22
183250,32.9
239954,3.875
161465,1.968
170033,19.17
163279,15.39
128917,20.02
16001,11.04
197012,7.742
59649,29.03
169754,17.83
142638,56.22
119437,19.61
27581,5.63
53927,15.46
148137,22.53
120953,20.05
136132,18.66
159898,13.08
73370,10.72
193336,24.05
278041,14.016
123242,111.94
3818,32.44
3204,3.348
151543,10.875
49412,7.965
46582,10.805
41782,7.67
27348,4.547
11080,8.67
236282,40.53
222651,16.94
52725,20.55
122240,17.47
206221,10.47
150686,14.86
148254,28.92
216420,21.45
152289,27.33
243461,29.62
179098,12.695
49386,13.9
12781,10.695
44415,2.176
140033,12.73
267532,4.098
1992,99.0
91124,29.39
283779,5.215
69037,8.47
273621,14.984
95959,25.77
186960,11.28
178290,15.586
204499,10.805
8062,10.53
96961,13.27
199807,6.29
8320,20.6
182366,12.62
89103,8.195
288419,16.83
217879,3.08
47883,16.38
8265,8.414
118098,4.816
243149,21.11
33106,3.105
70473,20.64
238110,9.77
270090,4.055
3730,30.42
277744,12.94
85888,2.033
92075,10.9
274636,18.39
44368,4.844
113050,16.14
191530,12.54
191161,46.53
106723,34.25
109520,2.23
214694,50.7
72368,22.44
201304,21.94
62188,9.26
262925,9.14
167338,12.67
43083,15.266
277917,6.637
268564,22.67
166246,150.9
180211,19.97
195747,69.6
97619,19.4
173174,10.72
92094,22.25
22726,27.22
283325,15.586
185792,5.03
118645,26.61
79999,73.6
124940,5.03
1154,10.375
101817,14.64
250542,9.71
8618,27.72
131464,6.758
272192,12.83
159548,17.11
244835,22.3
180463,31.98
156893,132.5
204728,2.602
77086,3.16
272724,20.42
49642,14.58
232071,65.4
210685,11.06
216794,5.402
253803,18.81
53458,19.69
269176,6.715
128910,8.414
264571,6.29
77629,24.19
80147,7.52
275129,10.05
76776,11.16
68455,26.5
124539,2.65
243965,18.17
4811,22.44
224220,6.367
102948,3.16
18367,40.06
294548,5.914
33620,3.994
234331,12.016
19128,11.695
261986,15.945
85493,30.11
230255,26.08
83472,16.66
226071,17.25
279618,6.58
273653,10.53
289558,20.84
190958,16.08
45159,6.758
223409,14.984
210744,22.86
139715,12.25
179469,56.0
194910,32.25
80869,15.33
162045,17.98
73615,17.88
235711,14.64
227348,7.67
5124,49.78
150687,10.875
156540,3.742
232743,15.72
34877,13.35
237757,62.84
44546,11.99
200087,4.99
215891,14.4
148133,5.375
8032,14.22
89392,3.578
168497,22.08
228161,11.086
3505,8.16
212974,6.535
228592,29.39
294620,13.555
28679,15.36
98559,3.98
84456,35.66
164133,6.023
33898,8.21
74146,60.88
33698,12.305
205874,21.98
28068,7.098
101304,127.94
277200,10.805
205612,30.84
65769,17.08
8793,27.44
45724,8.6
91812,9.96
1874,77.8
205248,22.12
220654,24.84
81258,15.555
134291,13.95
22721,21.19
40220,5.688
28009,3.846
145898,55.34
143248,7.67
189050,14.52
22223,13.19
239969,37.62
223110,21.06
132640,4.625
39313,16.52
220490,18.12
64975,31.86
173188,12.41
294136,52.12
55239,6.7
44399,12.484
283553,2.205
4007,21.14
233465,16.66
209845,76.9
272089,41.7
28146,2.62
82182,12.484
233416,27.27
9518,6.973
101539,15.62
85583,19.77
46746,11.766
108446,46.72
210608,28.97
47720,5.63
48932,9.36
171917,16.69
129330,5.32
246630,8.84
228386,71.3
120523,21.89
156235,4.805
95999,39.1
15783,7.004
66120,19.64
177750,12.59
182432,11.06
285004,5.496
61022,29.1
229263,43.8
8909,7.688
189054,58.28
52334,33.62
38711,4.938
129592,14.28
12238,31.28
35493,28.52
3431,11.99
105192,21.94
64685,13.87
233427,17.22
181451,9.0
126093,8.07
232904,33.03
286178,65.1
194335,11.766
87734,8.945
174327,9.484
239424,15.69
152523,28.05
103488,22.39
191174,4.082
237363,12.43
148083,3.994
116153,15.016
246876,11.59
194245,14.1
163303,58.72
217674,9.5
48833,7.81
213684,29.5
251163,10.9
214887,23.23
230105,15.62
137499,10.555
19966,59.66
125344,4.547
136606,10.31
82826,13.33
9663,27.44
265174,16.8
60395,5.234
117511,12.27
76878,1.753
52919,66.44
120162,8.77
294788,5.137
42227,8.84
174741,9.36
132337,3.178
152775,32.7
52942,18.89
91703,19.8
219850,35.16
147430,21.62
271197,18.17
56701,12.54
269554,24.69
114104,28.45
94796,22.67
201271,2.83
74835,22.2
78613,3.057
41448,10.24
33041,26.19
245000,9.56
281183,8.125
128280,15.69
254616,8.79
182739,13.836
44753,6.125
9510,12.27
127383,15.586
234455,2.65
269773,8.016
90052,3.34
4292,61.84
58389,24.14
53700,10.13
106408,17.14
136761,3.473
257056,3.395
83867,6.52
111427,36.9
147363,25.56
37301,10.47
192371,4.617
121968,21.02
78941,7.656
54789,40.78
278622,3.344
175452,29.69
19262,3.447
289206,12.59
132579,51.5
281585,8.92
54229,40.94
233633,124.44
292258,7.39
196120,71.9
294973,2.781
255405,8.32
27681,24.23
294188,5.133
239231,9.28
273427,3.734
265916,27.05
129955,7.758
80909,21.31
8242,15.914
265284,106.3
114385,13.695
61438,23.28
279813,13.95
292636,3.19
22321,8.36
69564,86.25
279077,8.055
234990,32.97
221891,8.18
84189,2.77
72386,7.86
40403,2.74
280142,11.04
269153,16.45
294754,2.625
165646,6.36
164995,4.203
152742,12.12
117241,12.51
272786,25.14
2166,44.72
29229,9.44
232328,13.836
247911,29.5
58898,15.914
60955,2.658
229391,115.94
285329,10.12
32178,10.12
203328,15.98
7164,29.69
218929,3.97
226366,8.47
246162,4.254
5155,52.22
285801,27.61
233460,15.49
113662,34.03
125638,12.07
50761,7.39
130008,6.535
105149,9.336
105489,59.66
201492,30.53
183798,41.94
53981,14.734
7314,42.62
297014,28.0
128485,15.42
237599,33.84
274689,21.89
64797,12.38
236666,39.03
177677,4.9
98686,12.914
7377,4.438
35922,3.318
264380,9.73
223942,2.338
220464,16.83
284708,4.94
26876,25.14
130064,31.03
201691,4.5
240572,27.48
130362,9.71
172190,23.19
198776,39.72
175619,13.75
215684,8.62
294231,2.045
215357,44.1
58609,14.34
288220,8.62
158544,11.52
20011,52.66
117773,11.84
102760,28.0
254224,24.8
281446,16.31
20015,38.88
134983,13.61
131397,23.28
120766,11.57
214245,18.84
131308,14.07
127797,12.12
284452,2.664
134904,11.664
229683,15.36
147439,26.14
60815,11.4
124253,18.55
120803,29.27
238737,31.86
259822,4.57
151150,23.52
112243,10.09
177694,8.07
201507,125.94
49324,25.88
3183,14.8
258933,7.67
253438,27.05
28996,44.62
41478,7.555
111507,24.1
72895,25.25
29734,9.52
175421,4.26
55151,10.67
175736,11.13
164619,22.2
264993,5.766
37936,5.15
262963,14.37
72153,81.94
299398,8.87
52065,7.688
131467,14.7
5295,26.5
169673,25.88
235860,122.5
269140,12.88
21869,22.08
37376,6.46
239388,11.914
154846,8.75
209506,8.234
29810,14.13
170232,11.87
271204,15.75
175506,3.166
114815,56.22
159511,9.3
281593,19.0
222157,23.05
92684,3.426
32920,36.66
273278,19.52
28269,37.72
293023,12.56
241579,28.11
227457,42.44
62429,15.78
194560,2.736
269401,16.19
6954,17.98
182948,14.95
172740,4.23
204811,27.89
34503,11.49
127723,5.395
181281,5.496
71075,27.61
137847,11.47
133510,24.84
176030,9.14
213370,6.22
155233,31.34
107350,11.99
259500,35.6
102394,41.44
25996,37.94
191783,12.12
263662,8.56
40320,124.94
92008,2.092
130220,39.97
222260,13.08
246940,37.5
211450,66.44
283436,7.453
52980,14.22
277210,14.83
140633,9.336
253356,60.88
71008,16.02
99624,25.88
133255,6.684
213041,7.453
64453,21.8
281126,8.52
284026,20.02
29744,16.19
299022,10.875
59912,14.766
15692,9.32
56036,5.438
266730,15.78
120479,20.89
108127,8.375
89146,5.34
187199,19.84
106821,8.62
126863,14.58
72110,3.611
241863,20.5
286939,25.97
222134,12.64
109026,28.52
88740,71.06
8743,19.17
162129,5.566
145789,39.4
100039,9.81
294834,1.77
150449,3.438
212924,5.33
130483,34.75
142218,41.1
56708,6.867
80577,46.62
131924,4.656
131396,14.61
110707,99.44
181342,4.625
105066,24.94
281309,26.67
72503,35.44
264637,26.56
297788,19.84
172639,26.94
280657,9.73
245647,9.56
30970,16.22
149061,71.9
196486,50.1
14047,21.8
281591,7.49
1880,37.2
7946,4.88
274082,26.78
103797,24.34
235786,56.44
23137,12.38
253472,18.47
222731,16.72
290117,28.62
178699,13.61
201016,8.71
179301,26.78
221129,24.39
283017,3.678
194303,24.0
189633,15.555
165484,13.47
179333,9.12
68615,10.9
172586,8.414
45540,10.99
295791,5.254
228421,16.69
141137,7.49
53148,9.6
242538,26.78
225779,8.71
232884,22.81
243906,6.91
142294,24.0
243962,21.62
202706,31.86
28746,3.875
146586,16.14
87409,18.23
158955,22.03
216323,45.25
94705,3.314
273865,6.066
216865,12.195
180144,17.08
211956,13.52
228033,18.23
275171,10.805
230723,13.13
114660,11.64
39309,7.242
237127,28.62
241826,17.25
175732,6.105
173464,5.414
179772,11.2
149706,25.2
153825,13.49
256752,8.52
175648,12.64
203831,37.94
234293,20.22
57876,19.77
272252,10.18
233100,5.234
227747,15.46
42107,27.77
242931,15.81
18626,9.336
159579,11.305
29097,11.04
248875,2.053
287082,6.418
189446,10.74
260578,7.15
180735,10.65
56908,128.5
35843,15.016
292471,8.77
85467,129.0
159060,8.266
56122,5.484
100044,10.4
271199,4.95
276895,11.79
156015,20.22
172769,9.69
65546,18.55
178190,30.3
265197,11.64
76270,15.78
122476,13.02
188022,13.16
243037,17.44
247999,17.55
24241,10.9
206767,20.47
166324,40.7
217083,11.97
6712,3.469
16790,17.66
144080,53.6
196047,96.7
108538,28.05
255670,2.654
231368,7.64
140950,21.84
163211,11.99
170009,13.555
75413,2.41
286156,2.598
61921,5.043
118421,22.81
188388,15.98
23515,87.6
247638,22.3
153792,18.78
103301,19.08
142130,22.08
3020,20.55
185005,7.93
85991,9.08
108351,11.945
186075,10.9
229729,8.11
124967,21.02
149401,56.66
290579,8.67
235462,32.78
56544,6.652
129922,6.535
64834,7.844
103890,9.984
67123,19.97
39024,7.844
163355,11.664
156638,82.25
97392,16.8
250052,15.234
16783,2.29
30424,5.8
16305,9.14
72955,13.64
134285,4.89
141837,26.45
87459,15.2
78742,2.223
6152,2.068
56287,12.15
178330,135.2
284919,8.79
23894,15.62
143667,15.75
233799,3.799
16309,11.74
148231,20.6
210556,22.25
104015,12.23
190955,2.705
46319,13.81
145521,78.75
200199,7.324
181759,6.168
177427,19.17
252807,10.67
243816,10.13
251105,9.04
222192,8.984
293109,3.133
234339,28.8
79025,9.04
73206,8.66
260590,6.36
136055,36.16
212725,16.9
195838,41.28
254968,29.39
298186,14.64
288486,13.22
284273,4.344
237444,43.75
195345,49.7
267561,4.69
190421,11.79
204498,46.8
181978,2.982
260953,5.17
157232,97.1
212323,12.99
58686,13.9
182000,5.754
283464,3.611
277043,3.994
86378,5.668
251286,44.72
173821,14.43
142161,105.9
30565,17.66
160544,8.734
266406,4.95
35928,3.398
267664,6.594
233945,35.66
204492,23.75
157630,79.4
41207,3.812
26937,6.016
117602,22.9
74808,16.52
121965,9.86
238608,5.88
25357,3.688
32963,31.73
278313,35.3
231394,20.6
168172,18.12
223282,3.166
280951,26.56
282015,10.65
221170,19.8
253775,8.83
271981,28.05
293476,15.33
221889,6.836
232565,20.77
18676,7.656
227578,17.47
76410,6.105
41193,14.766
243121,9.16
207175,25.56
279824,9.28
84361,19.84
181124,16.34
92400,107.56
148456,6.715
67162,2.936
56406,10.695
20786,26.67
89827,34.75
164110,10.01
91866,12.97
203891,30.97
76147,8.47
201138,34.8
4306,9.24
40127,9.12
24573,25.88
251470,49.2
130755,15.234
57308,18.12
152684,2.818
83938,47.56
96897,9.55
209498,12.305
287520,3.79
150304,5.52
58589,51.2
7942,11.13
139178,22.67
75310,5.402
275016,10.375
86450,1.824
249560,9.18
52842,12.016
149398,84.56
242507,9.4
63183,9.86
235710,9.28
16795,8.414
284070,14.19
8496,22.67
58658,6.61
214814,14.89
82999,19.48
115868,5.375
297733,9.86
260856,59.2
177936,10.6
5280,97.5
145134,46.9
219377,18.97
142644,58.72
292419,9.836
13980,29.81
80709,7.88
63443,16.45
187043,2.916
203160,9.46
132245,34.88
10504,6.297
74427,5.01
93982,4.984
129343,18.89
11507,10.35
133849,7.355
151212,8.086
204983,20.42
23476,12.195
189750,9.875
134319,15.46
82342,12.35
69512,19.97
42702,8.0
287323,7.133
101139,26.61
136676,6.22
186810,57.34
224279,32.5
8514,27.83
177679,24.48
298752,11.664
73625,10.31
117237,10.47
57244,25.97
284520,3.336
170858,5.76
169820,12.62
15626,20.17
150831,3.156
128516,75.1
223900,5.547
168831,11.2
35145,7.21
296216,6.332
225493,9.69
215345,29.5
136360,20.1
208959,3.504
75977,30.6
119840,8.16
126704,6.867
249097,19.4
277861,16.66
232405,18.36
189505,14.46
150555,40.7
250184,7.133
188991,38.47
173389,8.984
90459,5.18
128977,7.273
145599,14.766
223141,17.33
38303,10.35
108576,4.47
74645,14.92
124469,12.305
129768,19.52
185122,18.12
187348,21.84
159032,8.18
29960,4.336
179411,11.375
154096,2.932
136331,7.02
154954,6.34
110596,3.037
117009,12.05
76490,6.85
67973,28.45
70748,20.94
56707,93.0
212354,24.84
59592,13.13
245973,16.55
41532,13.44
102626,18.39
14249,2.576
22051,20.8
41640,36.22
277199,13.05
171534,19.48
196680,60.38
168648,5.29
292068,39.25
31678,11.445
256018,9.484
133843,51.0
162383,13.93
201595,1.945
192332,73.6
188492,9.36
234155,17.14
136565,5.668
55667,16.48
25239,12.305
247695,15.88
197483,49.6
281385,21.58
142905,76.9
252820,14.05
184573,10.83
264985,9.1
72802,37.78
271806,27.55
205846,8.484
229754,12.05
238466,10.16
46399,19.0
71691,31.53
14299,4.777
261436,3.637
169851,28.8
282677,6.52
233712,25.0
100416,15.3
170629,7.758
282988,3.465
206856,33.3
209968,12.15
274429,14.13
128942,5.98
74724,4.57
122113,25.92
136127,38.1
3046,16.8
179024,2.191
34684,6.504
181437,3.734
77765,19.64
202553,11.2
238467,8.32
138800,11.35
43258,28.11
255352,10.83
107598,38.2
90632,8.07
35900,5.098
131158,1.857
22422,17.14
191381,46.72
216525,26.23
138416,10.09
266911,10.03
228983,37.62
215493,7.05
289930,23.84
223743,2.508
270691,6.91
143187,17.72
26728,11.086
35855,5.54
7285,141.1
46184,14.37
264020,6.99
43208,4.426
148194,5.58
99925,1.956
126831,67.2
122086,17.0
219809,13.02
137252,3.088
211451,81.6
268568,13.49
59331,6.22
187123,9.14
231176,11.55
23252,8.414
299249,27.33
76049,2.123
128627,25.81
177520,9.06
236290,19.2
284882,7.605
211302,51.0
217185,15.05
140606,14.58
65385,16.28
81075,6.324
81449,16.69
275123,14.28
110105,5.47
279339,18.66
1385,87.6
71793,4.594
133552,5.45
100308,6.805
113932,7.15
240413,15.14
212347,17.98
12108,5.29
77850,28.8
127858,9.71
126340,5.16
59202,13.52
148355,24.14
18404,58.5
214166,28.17
257244,11.49
277569,6.23
182757,22.03
28297,10.336
215545,5.15
292919,4.62
281425,22.48
57229,26.23
142172,40.47
109535,14.016
136584,4.754
278761,19.89
276881,7.914
69998,15.42
12274,27.61
91397,12.33
170640,8.195
202036,13.9
196611,67.2
583,4.918
53836,31.22
22350,14.07
227256,45.16
182899,6.94
190502,12.15
264920,18.31
253991,10.2
211048,80.94
2137,73.3
185609,9.04
240050,58.72
101919,5.668
251803,18.28
208423,24.14
297069,12.51
216246,46.8
261095,139.5
48781,6.52
265515,27.48
31930,7.707
141184,39.4
271902,3.105
24715,56.44
206444,12.86
207059,11.79
183125,123.5
78724,10.945
143627,102.2
25296,5.586
117342,15.11
107664,12.195
177646,13.05
171717,7.758
203437,19.12
121972,7.707
65796,31.4
293762,20.77
220060,6.652
22595,14.49
35152,7.844
181933,4.125
35050,9.0
203999,17.72
123209,13.16
155480,17.39
88341,6.434
80196,21.11
29961,14.34
116352,9.02
133383,9.5
283837,4.164
70561,8.18
248610,8.43
166359,6.297
284030,23.47
217290,4.24
133904,6.23
177786,14.34
194024,9.12
63845,14.86
272677,10.29
267855,15.36
88475,16.02
224307,35.88
78502,11.2
171535,28.22
181314,19.69
241492,10.76
90981,14.61
239332,21.45
237529,4.633
56426,22.25
97384,15.05
219805,18.58
205531,6.324
202783,6.85
107891,21.36
70089,56.9
172321,7.31
81769,4.45
80629,43.8
201698,47.66
173878,4.27
55825,16.66
173737,10.07
239425,16.14
184280,3.252
78234,11.74
169026,22.3
52111,29.69
104667,18.1
247268,30.84
216927,6.297
195622,80.94
170149,19.92
47648,10.16
17151,25.81
195495,68.8
251052,22.77
215464,13.555
150166,6.652
292848,92.6
195266,79.06
285378,4.08
257963,51.4
1345,52.84
75081,90.06
294697,16.11
12135,3.86
103129,4.266
225837,17.9
225433,4.09
201008,5.645
7948,27.48
179272,15.85
236714,36.0
150209,30.66
262608,23.19
42876,5.266
84884,6.383
14306,11.35
257887,11.89
93036,26.34
3558,158.2
77215,4.246
253609,24.55
91636,18.36
138441,10.35
192627,8.14
65586,13.1
151703,8.45
114242,11.62
11983,12.94
223633,23.42
263909,9.195
283383,3.508
203228,30.05
238068,21.14
232688,14.61
147768,54.9
91555,9.69
73405,9.625
275783,4.75
150211,33.03
41864,22.53
147273,13.555
249145,18.17
281939,7.39
13063,28.75
170895,93.3
162316,16.02
68880,33.44
132401,13.836
161369,12.12
76348,6.176
74882,17.5
38133,44.2
254476,2.074
128208,4.61
215171,10.375
68025,31.22
221014,33.3
60725,101.4
54106,13.13
103083,13.49
209406,17.39
191908,2.004
222582,15.555
94959,7.86
223362,39.8
84660,33.84
27905,3.14
44662,25.45
152212,26.45
22471,7.742
133921,13.414
243210,42.53
244644,5.566
298051,13.49
137509,1.888
198908,4.082
62248,8.29
105612,3.701
124956,27.55
271884,11.305
259943,27.27
289891,12.86
102259,21.11
176692,6.61
59285,30.6
134249,25.81
276571,16.6
55444,8.29
290170,13.414
60136,12.43
134676,30.97
191626,20.12
264751,10.74
210461,10.625
238081,28.39
44291,26.5
19171,59.2
19626,12.484
145818,8.66
244658,14.8
45613,12.86
104037,38.78
124418,10.47
242445,24.64
235129,31.92
7306,14.31
293705,21.77
174198,5.465
78940,2.37
119756,11.62
66215,35.5
24079,19.8
142213,22.72
167847,14.67
108045,35.1
29921,20.1
124602,7.656
159349,4.312
123588,13.02
207077,12.86
258410,8.016
277718,43.66
139952,20.47
287512,3.846
190818,19.2
188417,150.4
216955,4.844
164621,65.1
202786,5.727
271957,23.52
179836,8.43
69091,11.74
39073,7.34
187020,12.64
88662,8.984
125494,18.7
141052,33.44
229832,23.1
8060,17.88
180767,8.52
145447,29.16
88619,13.695
122000,20.67
95010,12.195
144325,13.3
227869,20.8
91534,7.54
195882,105.06
73934,42.2
141844,10.83
57727,15.2
112624,11.89
50751,38.72
208391,34.38
271486,8.88
73888,47.28
286590,8.36
209768,18.47
232803,35.88
104769,19.89
296927,5.656
77055,6.367
83259,67.75
34460,4.0
274051,5.355
286399,3.79
262958,6.7
277781,2.559
279326,3.156
226335,17.72
177334,9.24
233940,15.49
198582,4.348
182439,19.0
24006,6.535
166290,5.477
38622,8.58
180729,30.66
188367,8.52
96373,14.64
35236,2.389
164096,8.34
29826,8.25
212351,28.11
19836,11.04
267640,7.355
51465,29.16
224987,19.52
169788,10.92
245004,25.34
278842,11.33
33167,8.36
103310,42.03
246378,14.49
294631,13.664
68784,8.29
110164,64.4
236570,22.53
18682,7.438
104624,14.31
203903,21.94
76163,11.305
210424,6.15
134154,10.76
210295,19.28
51006,5.203
129522,2.629
116169,6.21
36908,23.0
266408,43.8
285726,8.07
71357,45.25
114419,8.305
204925,26.89
150982,13.87
156643,2.084
233365,28.56
143980,92.25
276998,12.83
5110,46.62
95218,7.133
253848,6.094
191322,18.89
47894,17.58
15266,15.72
208570,12.914
50898,8.375
170013,8.62
238735,32.97
1048,10.31
188441,21.72
51705,18.58
76532,23.0
43650,5.535
270858,25.81
20883,60.62
171191,8.92
13876,18.2
248193,6.023
53190,10.97
142021,37.03
21764,22.72
22748,20.94
273070,4.38
252386,17.72
250427,11.305
120559,7.117
247254,28.28
165377,3.264
203137,12.78
119679,9.26
124199,26.67
62967,13.49
41195,4.812
152538,25.1
90674,5.168
37063,14.95
136183,15.234
79492,2.615
294530,17.77
205136,31.1
55951,4.47
125128,13.414
162351,25.81
9118,13.93
283171,29.5
81702,11.23
161756,142.2
278487,15.85
231463,22.39
39578,19.33
197005,16.11
123414,14.43
278545,26.56
201823,3.729
283767,22.3
124980,12.05
72314,33.62
22342,16.6
42815,5.906
187514,11.23
151548,11.87
215384,50.2
3908,23.61
1553,23.61
169699,4.13
282661,96.7
119061,21.31
101355,6.23
105232,26.94
189416,6.125
67946,21.31
134148,20.84
49055,16.83
178064,17.44
61757,14.83
288232,36.44
48839,17.33
126787,11.87
285221,3.404
297300,5.555
205503,68.8
164234,20.55
87288,11.99
24492,14.46
185668,12.12
163906,4.51
163879,56.66
140520,10.555
116601,4.754
80491,8.91
290575,7.895
192802,83.56
26583,10.51
84310,8.6
106148,5.867
198027,10.16
246658,27.11
115774,32.3
232621,19.12
8942,1.86
18250,26.14
225501,4.508
36129,6.85
44531,6.668
282403,3.775
211689,50.38
79844,17.05
209037,16.45
259107,3.684
89366,5.45
94728,14.164
156847,144.5
90099,4.74
92670,28.05
65361,23.14
147743,15.08
247390,33.84
225136,18.02
140620,6.203
178902,25.72
122805,19.17
153159,6.91
210432,17.8
91995,33.78
229663,26.89
33310,6.133
255503,46.72
86493,3.912
25731,6.03
224951,8.945
232737,19.61
82222,8.51
13385,7.742
294015,13.05
37043,2.344
28733,6.895
168338,3.951
134788,27.55
268115,45.7
91530,11.26
163771,31.1
228975,10.29
167240,25.25
216352,14.31
287806,14.43
17984,55.56
253119,1.982
66867,4.59
242066,26.83
69002,23.05
77434,8.07
179547,13.95
238836,27.27
299289,10.42
181241,3.945
195547,61.6
290449,45.25
250453,5.414
225705,23.14
142762,63.1
60799,2.86
65044,8.66
41390,13.64
142798,70.2
22460,2.594
69242,15.49
62874,13.836
209879,26.94
134697,18.66
290476,7.15
249564,5.242
142113,55.78
105343,10.58
104761,16.66
214409,7.723
171201,5.34
217706,45.78
289973,3.477
220553,19.17
28529,13.13
57686,7.453
256869,12.914
290518,18.12
263636,8.67
120314,4.793
250812,29.81
16840,10.805
242146,8.79
259743,8.51
60703,3.174
180016,7.656
230298,25.3
202010,29.56
2720,37.03
202276,8.43
278897,8.71
251316,36.3
18092,58.28
8874,15.88
108695,8.51
103805,30.78
261001,14.43
218155,10.92
131300,14.95
36305,14.67
106847,35.3
190038,20.94
155208,5.023
195566,87.6
85121,5.03
153685,37.34
236456,6.273
263701,5.754
142114,14.95
249923,10.53
48884,8.88
184367,3.145
38498,4.953
264330,6.168
188509,8.695
210351,8.695
128394,13.1
183605,2.48
47349,7.324
27627,11.82
269940,11.47
181664,21.58
216479,20.05
32482,8.4
182938,4.84
97805,16.19
5076,20.77
220950,60.38
276913,14.22
78258,9.69
181261,30.84
98141,18.78
53425,11.18
60457,5.496
212583,6.94
244806,25.81
20182,28.86
173836,45.44
288851,5.34
258642,8.16
126058,23.05
209380,29.56
35777,3.955
200868,20.6
67608,22.72
102,28.56
242418,22.2
266367,4.344
20,26.61
125523,23.61
25081,28.05
298436,8.67
12802,7.844
453,3.49
34649,7.555
250611,24.89
58075,5.59
110145,93.0
199693,7.098
298908,6.742
243766,17.14
77018,23.61
276390,4.363
235214,34.6
14109,8.51
281946,5.723
219082,51.9
211695,28.22
235387,27.27
83997,3.352
256322,7.117
226066,7.15
162893,8.84
46450,10.65
231198,21.8
35708,14.734
231479,13.81
282205,2.254
54369,8.266
161823,61.6
196775,20.3
132695,23.61
257985,16.55
235081,10.01
96601,10.2
163155,3.543
288177,31.03
117001,15.555
154537,19.2
157812,4.51
147872,50.78
242524,8.984
5093,14.86
273975,13.3
78479,36.16
170365,2.844
73024,24.69
250356,27.22
220590,1.764
135742,7.656
193874,36.66
42804,11.06
63855,4.688
15100,16.55
50664,24.84
285635,15.36
217743,7.195
257475,30.6
156981,145.6
227628,31.28
269680,7.54
104228,2.947
109284,26.72
153456,3.742
21322,14.8
153786,6.418
259520,10.24
108234,23.38
56864,7.914
157834,24.73
47758,10.945
112645,6.637
30954,14.984
268208,5.023
195931,100.2
6311,7.723
187820,19.2
60344,12.38
234056,18.7
258574,9.75
134258,9.36
286445,3.383
288858,12.17
298630,15.65
42943,2.463
922,14.984
79255,9.69
82420,7.723
82906,2.518
141326,5.0
238301,29.16
196008,84.56
161295,80.3
173371,3.248
124642,34.66
146309,15.69
242409,33.78
16595,10.23
237328,28.52
129944,9.0
261871,35.72
261911,69.94
38326,6.973
25670,13.75
6181,6.895
102167,19.56
119451,23.7
112948,16.45
155610,24.94
236709,50.38
118151,18.39
143345,9.38
239863,14.07
61465,10.47
265324,18.39
45893,2.246
202068,23.38
164764,9.55
154006,6.418
52298,10.12
149858,18.2
73930,23.66
178778,6.758
214765,10.72
230595,25.1
127526,13.664
241470,15.85
50709,16.6
135225,13.47
282138,9.32
131275,11.64
139451,4.004
41637,5.84
219445,35.8
69367,41.6
274003,16.97
267003,5.203
170749,3.512
294155,6.52
143965,15.39
67276,26.34
63836,9.586
87607,28.17
135630,8.36
255533,5.266
136835,4.617
3007,32.2
51930,35.6
122319,23.66
32867,5.94
39893,17.69
36498,13.38
50609,26.34
162760,7.64
245162,8.484
258345,11.766
144892,27.22
84500,2.838
66222,20.84
198128,21.4
113593,3.307
186191,6.73
108101,12.35
119916,3.477
265750,2.254
116843,35.66
292248,9.4
28431,12.62
181632,3.244
288691,5.742
195420,60.16
142707,15.2
224110,20.17
127621,10.53
70479,11.18
49438,6.305
125767,7.49
213973,47.28
243697,24.19
188535,13.95
112998,21.23
232138,18.05
231608,9.22
28909,11.33
286648,18.28
109851,24.1
271429,10.35
177662,2.447
18995,10.07
220918,61.6
109391,11.89
180329,5.066
182168,10.336
81390,4.984
162663,8.88
224106,2.139
76060,2.943
21986,26.34
206428,25.66
250355,8.07
270356,29.2
291936,19.8
105772,7.31
100934,17.25
238852,10.336
282562,19.12
197719,4.555
261908,9.14
142802,36.0
231100,31.53
164011,27.55
207753,22.44
49871,13.3
202637,8.62
181521,8.984
246381,38.78
123977,17.44
181356,13.836
203806,13.16
106436,13.64
297869,19.48
204073,12.64
208256,10.01
126905,34.88
57475,6.08
42813,12.195
291588,17.44
241931,36.97
98775,13.836
290156,24.84
294505,1.734
261684,15.05
297008,11.42
156855,131.0
156746,143.4
40976,7.18
110384,22.25
125324,16.14
87279,6.957
18540,14.7
269474,28.34
69566,22.34
195257,96.7
58809,16.6
62587,72.5
15634,20.38
178523,6.367
144662,8.56
151008,8.66
175125,6.22
231487,6.85
75120,5.688
285163,11.49
117970,10.695
230895,9.52
209994,5.312
159783,7.324
201108,7.273
225639,12.83
192507,27.89
211349,44.0
213173,28.11
294775,5.56
75512,6.125
62324,16.05
272117,24.89
193025,42.28
70108,1.846
74526,48.53
146890,9.69
243284,16.66
238847,6.21
22945,2.041
147561,6.61
153480,4.887
202611,5.793
106048,27.22
43495,11.42
60997,13.02
115077,25.45
100902,24.55
84624,3.473
18155,59.44
184130,8.984
181268,4.367
99737,21.62
195491,62.84
237138,12.54
237579,6.316
97535,3.521
31848,13.87
263398,9.664
289823,33.62
107408,8.66
235854,12.805
232468,56.66
191730,27.66
32322,12.195
75757,7.95
203577,21.67
180755,12.46
232381,5.535
54253,15.88
101339,157.6
263280,11.086
206583,14.31
181942,2.16
76985,12.99
10630,13.35
75146,20.34
239420,37.78
276487,6.535
219327,3.398
160208,13.27
30946,5.656
185553,3.885
250070,24.0
136947,14.43
241996,16.28
89412,9.65
259275,11.79
200264,4.75
215847,16.34
69237,12.94
263325,20.55
53904,11.4
25999,30.53
14639,7.21
136142,32.97
246571,25.2
34800,8.32
93964,24.34
278718,15.945
16423,23.8
218992,15.14
85633,29.98
68849,12.75
46287,4.887
143301,7.035
30325,17.08
219784,51.2
198279,37.5
39210,4.715
247139,17.55
152138,23.9
235757,17.25
215639,23.66
161218,28.69
78966,77.5
167479,31.1
93370,6.35
83613,2.855
98740,15.85
67607,12.305
148907,8.14
201414,32.06
8685,24.3
232176,6.133
74954,11.57
288501,6.957
51568,15.016
119810,8.14
238725,14.22
52994,11.64
118805,6.03
182850,5.95
152893,9.5
297749,26.14
74857,27.05
49096,10.16
151138,12.86
230031,17.05
12004,28.69
216478,19.77
103548,11.64
230194,22.77
166431,14.28
215871,4.32
230558,10.58
154416,15.39
156438,11.49
7879,18.89
14592,11.64
199402,61.34
41117,19.2
107394,44.34
22874,44.88
85541,5.234
223287,3.78
186250,6.867
252225,38.62
78942,23.7
273612,7.707
135021,28.17
99050,18.2
102502,17.11
222053,25.3
229070,25.72
187113,30.23
186049,10.2
278291,7.473
201635,7.18
223016,4.805
29338,2.986
34749,2.078
189046,5.19
73752,27.33
5717,35.22
59141,5.11
154795,34.94
75230,14.58
192715,7.035
152596,20.97
78939,15.69
90522,74.8
101629,26.72
189071,10.67
71732,6.254
66241,5.297
50628,27.72
175533,5.277
108697,23.47
67442,2.422
72096,15.69
26699,14.07
66347,14.34
273097,5.258
27169,2.383
211133,17.77
292891,24.19
106962,22.58
73936,56.22
124261,31.22
213250,14.61
54478,7.05
13321,18.78
1058,32.44
120582,8.6
120551,8.234
72479,34.03
170189,7.844
115975,7.004
197988,12.25
242578,10.92
113170,17.9
57785,6.004
288421,20.12
264520,9.22
15974,23.52
105143,9.81
6053,7.723
294715,6.26
147346,44.8
99719,13.78
85691,5.566
213128,8.6
80861,15.17
72713,24.69
245761,13.95
211766,11.84
108543,31.4
200575,20.25
262709,6.477
246665,12.305
198355,18.28
43498,7.34
250307,4.754
212335,13.19
291243,5.234
77923,15.36
266305,14.67
259891,37.56
208652,11.89
92406,73.94
252327,13.81
17975,38.47
205356,19.4
92916,6.637
71730,23.66
140983,29.03
71378,4.223
9114,13.08
108249,11.16
39103,5.0
127863,10.72
23533,42.44
69884,11.695
111607,6.836
116723,8.4
49741,8.96
200420,11.64
262573,21.5
128021,7.773
219808,38.47
183529,5.29
3182,19.44
5136,37.25
106323,9.92
18833,61.34
296340,18.36
251014,7.81
224067,9.92
182109,34.47
177571,79.7
97878,2.719
208009,12.016
129193,4.535
236680,13.16
298037,11.06
28492,68.56
206416,56.22
186264,14.7
37383,20.02
46704,10.695
116662,15.49
48563,38.47
134244,1.988
76140,23.8
236598,6.895
102165,8.984
288273,5.734
114882,47.75
177301,21.53
58887,17.39
95650,25.3
16654,15.33
180498,17.83
283554,2.078
22435,10.58
236319,8.29
143428,13.24
186429,20.89
89909,8.32
126999,7.93
80875,11.06
46253,16.62
221164,24.73
93061,11.57
296566,8.67
186978,23.33
92341,92.25
82343,17.0
259311,9.836
280791,9.46
40607,28.86
299073,15.3
220887,45.06
264138,7.39
138012,10.13
290210,14.49
8063,33.72
40283,4.875
182943,6.94
193901,4.016
148644,54.7
257707,11.47
40201,1.9795
43492,13.22
45087,9.484
100824,20.84
150105,4.36
79534,7.688
196925,29.33
65262,21.14
203817,13.664
294483,11.47
45901,12.73
39580,15.945
297557,3.521
74876,15.36
245324,15.88
149510,7.88
120286,19.0
297886,20.3
165136,8.21
206202,24.23
167000,17.08
61664,4.125
82217,11.086
38310,7.133
183449,18.02
296526,11.47
120989,14.89
43361,13.38
243530,10.67
86930,21.67
46243,5.848
133450,28.11
38613,4.06
36823,3.775
243658,6.883
155986,2.018
108466,44.62
68093,29.03
208608,16.22
54075,9.195
245425,23.23
235717,18.78
252741,17.61
288392,27.27
277700,12.23
2029,105.06
101078,39.2
81878,6.85
171237,18.2
98957,24.39
175846,11.06
265487,5.383
108393,15.85
74770,6.652
37642,6.035
260233,20.94
272432,8.92
3069,6.715
188769,21.72
66822,13.49
94592,11.59
116868,9.945
148097,7.49
35600,4.75
178078,12.43
257325,11.62
46563,19.05
267480,24.94
72767,29.39
230745,8.92
205396,54.7
199392,11.2
289759,16.97
127694,15.69
292525,10.76
41270,3.076
294178,3.148
297287,4.023
272644,2.041
207666,13.49
281801,3.725
168536,26.67
55085,11.47
132742,14.984
188831,34.12
174422,14.43
285671,7.965
107820,14.4
120254,43.3
108053,9.4
292108,11.55
262518,13.9
80606,1.832
255128,21.23
265319,7.86
180194,18.55
49103,21.23
55164,22.53
22125,2.363
41124,3.799
117682,6.36
88306,2.266
80389,9.875
292614,15.016
21123,85.56
158614,21.19
99653,45.44
209774,5.715
187276,8.77
231238,1.874
280310,17.88
13198,32.84
61687,9.664
274490,9.8
92694,10.18
273005,23.23
145492,26.19
190908,7.098
195043,9.38
14505,14.67
53819,9.42
129199,26.89
37693,4.62
234491,8.77
84133,10.53
91028,4.65
111727,118.25
153486,2.273
124164,75.7
54643,10.16
280521,19.33
31005,29.39
88804,3.314
209644,24.05
208753,15.14
64234,10.05
199031,17.19
153174,21.77
156110,4.88
293622,12.33
207292,19.8
10862,4.5
280425,27.72
204563,50.5
77281,12.35
269815,28.05
200039,7.707
153395,7.34
276081,5.06
4431,32.97
173535,6.52
92957,18.02
64510,12.805
13968,21.98
155059,9.664
92283,21.67
94086,16.28
166551,5.043
18248,82.25
53879,19.44
217993,12.07
221076,8.21
244233,26.08
84199,8.58
208800,55.34
206872,4.617
297541,16.62
174016,6.836
265195,17.88
225731,9.4
262195,108.9
72375,16.34
135802,10.01
168400,3.928
135144,7.18
239718,11.945
266713,7.227
234254,2.766
287870,14.4
93519,8.88
88913,7.57
49032,4.44
51297,71.6
95793,21.94
144181,10.09
230163,27.66
221960,6.273
99457,14.25
299356,15.85
280822,12.695
185513,3.137
157627,111.0
118326,10.97
160743,147.4
212051,12.83
83362,8.45
174483,8.805
15300,7.62
116288,14.58
54546,10.375
262923,3.117
246639,18.1
284584,6.492
265810,11.55
78051,13.22
250529,4.855
120958,23.84
259458,5.363
66878,18.2
51315,2.602
18987,5.07
138615,47.75
63193,11.87
180314,7.793
108634,2.412
107374,13.87
230939,17.0
279054,12.17
20680,37.72
236374,15.3
173022,6.805
208984,15.72
253597,7.21
60803,2.928
199456,20.12
51863,10.805
188209,21.02
164800,18.47
113637,4.83
167879,19.64
243142,14.37
296173,3.799
112222,13.58
84675,14.25
177699,9.02
84319,66.44
225810,26.08
4197,19.08
175555,23.61
156749,39.8
182820,10.6
204212,7.242
214689,24.1
84514,20.17
118766,11.26
172144,18.31
182372,6.73
206790,48.03
5855,6.176
247392,19.56
34287,5.86
223036,25.14
111781,25.45
209600,11.4
77312,12.09
44370,13.75
237554,13.05
258424,22.08
241590,21.5
58430,28.45
231675,19.33
151993,23.95
117909,22.86
282466,6.594
74104,21.31
234415,13.555
130787,8.07
198663,18.17
6429,4.11
207698,38.1
59833,13.78
181719,7.195
288746,23.47
242734,39.56
127022,3.297
127654,9.81
12417,41.53
19699,55.78
197401,18.12
254965,10.92
214392,19.72
108593,15.85
168026,7.066
2564,100.2
91648,4.703
243871,16.22
269244,21.5
264490,12.12
34299,14.016
171145,15.88
277594,17.5
128343,50.78
192126,101.8
2244,16.14
297621,7.67
218839,27.94
226281,29.45
142174,15.016
283426,5.76
128310,16.08
75151,5.27
118267,32.25
200319,11.79
250095,12.46
41483,2.605
48763,20.55
38617,4.742
255062,26.08
165142,7.83
76555,17.88
287897,39.8
84365,21.02
151148,23.9
223921,12.23
184534,7.05
135353,14.58
250680,23.9
136242,27.83
61856,7.42
63341,11.33
292713,9.984
287698,10.13
33262,8.34
292284,6.297
98158,31.34
193379,35.3
162726,7.293
19908,82.9
199800,6.805
269079,14.31
296462,11.49
249716,77.2
268553,9.195
139281,11.13
222038,14.22
224474,9.32
292338,17.55
169865,27.48
229730,26.56
199363,41.94
240956,13.38
199007,9.0
142948,15.49
29728,23.47
108172,17.08
58357,9.36
190972,7.098
192963,31.92
108681,13.75
72344,13.78
49491,7.62
274316,2.727
282723,10.375
23860,13.9
250005,12.35
110873,72.2
285888,12.54
83156,19.33
252150,13.78
192722,21.23
6307,11.4
225641,8.91
101112,5.664
142402,56.0
103987,23.52
268977,31.61
240546,19.48
171001,4.598
165073,7.117
158807,10.49
107599,33.38
85377,2.797
202290,12.695
54735,56.66
237806,8.47
249748,17.14
88633,20.64
60402,15.05
170334,3.197
55610,8.56
103464,9.336
232022,6.562
39172,13.38
13639,11.97
143131,12.73
39608,28.11
37899,7.098
65460,12.33
77248,5.312
158822,8.36
26696,7.52
37041,1.88
244820,116.9
42077,24.34
278915,14.22
89523,9.22
33169,8.84
109024,32.06
284392,2.982
250120,9.625
239664,10.23
99726,4.75
75667,3.78
294121,43.38
48620,6.14
154938,19.05
14131,7.31
191274,23.28
267200,5.17
31991,29.81
184281,20.89
185294,4.496
294484,6.24
233016,22.77
75285,19.2
102855,9.92
113197,11.13
164925,9.56
180590,3.566
238034,21.45
7662,40.62
227517,24.39
114917,23.1
101143,30.53
177729,18.92
29071,6.004
169351,2.26
121301,13.52
3465,18.55
146006,68.3
66962,7.164
2447,51.4
99218,9.984
147794,53.5
76756,22.58
266760,18.17
275975,8.695
79810,6.973
201130,25.0
189569,15.75
131072,4.633
267896,8.34
74578,58.97
245924,10.83
133141,4.113
165975,89.75
19726,61.84
198734,2.73
6135,22.39
76785,6.246
281857,15.914
83493,8.0
31405,14.164
237016,8.77
225858,7.05
254196,9.984
256719,12.54
207783,20.67
14270,12.805
165339,5.848
84121,5.223
250589,21.14
103957,104.6
206351,30.11
179900,43.38
251716,5.055
94571,6.402
27094,16.72
138537,14.4
139877,9.945
215373,32.56
161821,156.4
100130,29.39
253623,3.826
106824,34.88
275040,12.38
69529,27.83
10565,7.164
104830,10.555
298545,4.887
275507,11.28
133933,7.473
129010,30.3
235369,34.94
28072,9.44
279083,11.42
68462,23.05
233608,23.95
144436,13.87
42645,3.145
58196,5.92
236393,8.305
38684,15.234
15302,7.742
51428,4.938
66516,13.3
49059,11.99
250980,92.6
41368,4.664
13182,17.11
110697,62.6
273955,25.66
50897,7.914
16436,12.97
208962,2.12
95222,36.66
77966,10.13
233350,30.47
117914,27.72
59220,19.92
41088,26.34
236208,25.81
188703,6.445
13554,4.22
241601,66.2
214009,3.584
42151,16.6
1718,94.06
169549,2.662
135468,20.97
45681,8.04
115800,20.05
181753,7.895
207159,7.242
16219,19.33
169692,8.984
108990,26.23
208966,28.45
249534,8.414
124640,21.94
181392,2.904
19055,11.62
94738,22.39
88674,37.56
271770,12.51
174395,4.926
226492,10.83
125385,19.72
132826,9.26
282527,7.984
85865,11.305
22853,11.695
60347,13.9
164143,29.2
274594,4.773
119348,3.434
117494,19.89
253240,6.477
88639,11.72
73607,17.33
1142,16.48
292257,4.547
243899,17.22
221100,38.62
58297,25.0
80858,5.332
31224,4.99
209869,20.34
214834,24.14
95284,13.984
86806,7.117
168331,8.6
20080,62.6
24849,13.38
291085,19.64
206277,12.73
75318,5.754
103736,12.17
106053,3.701
59052,18.92
41909,17.66
206638,9.77
105901,25.97
170860,6.79
138316,16.34
126172,32.84
99631,22.25
52394,16.94
134540,44.8
191937,7.67
133691,27.05
61495,19.25
139305,12.695
221211,11.305
208125,4.09
69740,20.02
195654,73.6
74481,9.08
211503,79.7
31733,4.832
211711,21.77
216273,6.742
264070,19.69
684,8.32
123972,18.12
72355,12.64
47712,10.83
125326,10.16
190978,9.08
40441,20.89
273212,2.83
283261,2.34
80293,8.83
143815,60.88
68115,15.555
138246,3.178
121944,10.4
145429,3.064
268863,5.97
271131,17.77
32508,8.07
123413,2.646
87683,30.23
47372,20.1
6216,101.4
191236,3.535
87821,2.629
115619,11.89
92847,13.08
237727,4.51
77638,28.05
116964,5.605
239487,21.8
25649,23.61
164893,61.34
275371,7.793
42685,8.04
80112,12.27
157877,41.2
41009,89.4
182144,33.16
258179,24.73
160023,14.83
271314,7.81
112062,14.016
133237,29.45
26632,23.8
171636,90.44
11875,8.67
263839,12.05
259479,2.867
105950,11.695
57570,17.14
15465,17.88
37395,6.79
58988,5.168
13421,3.365
113781,39.9
104650,30.6
258552,24.89
84891,90.8
111296,23.19
56788,19.77
196943,12.64
115478,12.64
56859,7.004
246236,16.8
217653,21.72
10327,13.87
94764,42.38
16267,15.62
282283,4.45
278658,8.16
274945,13.44
139542,12.73
147181,15.17
198119,15.555
152292,22.95
107098,8.25
170905,33.9
178379,26.61
267105,89.0
23632,7.227
120841,20.34
100019,43.38
179847,22.58
230853,2.623
22703,16.83
43126,14.766
62690,28.69
146618,39.34
143711,51.2
149968,35.22
37764,7.67
215596,25.25
265165,6.043
209986,11.13
140019,4.535
204861,4.082
56514,11.445
161534,52.66
135629,27.66
275806,4.566
291973,6.348
169537,55.34
110680,20.47
22947,2.943
159715,9.14
299169,7.83
55139,12.305
173215,13.75
44039,23.05
156986,148.6
220117,3.945
282993,5.676
54873,11.086
241259,16.94
260278,13.414
258422,10.266
44759,90.06
289982,13.49
196346,45.97
275844,6.12
276990,14.46
132027,18.89
218956,13.9
104901,12.56
69548,7.83
211631,36.22
30832,70.5
290672,8.75
54211,2.541
128028,16.45
28432,5.92
94040,9.195
228277,28.0
118706,46.72
277890,4.2
257948,52.44
213413,28.34
231328,20.05
221333,8.75
176781,6.06
78313,20.22
216049,13.13
148857,22.08
163237,35.16
85670,3.43
272935,8.0
273881,60.88
193648,28.62
117975,7.355
209194,5.88
294931,3.521
244560,4.938
113541,44.97
94663,33.1
115746,19.33
118832,38.78
193633,11.11
233386,22.08
6928,17.08
60500,24.73
167874,11.28
161601,76.3
89181,12.99
79938,5.695
99140,5.734
35558,18.97
162440,10.4
91688,7.54
101188,153.9
249565,13.81
125086,75.7
178708,11.89
257616,8.21
29001,8.47
168428,14.49
27283,6.477
27883,36.75
221547,10.23
79513,21.67
151662,3.53
100062,5.332
297439,9.96
192556,12.25
215988,4.93
78925,5.2
99514,67.2
56839,23.14
257451,7.117
93276,4.26
241547,12.51
21568,8.25
62351,16.08
27025,17.33
37702,6.895
37108,16.48
79306,7.758
264886,15.914
212140,55.78
62963,9.3
127466,8.305
62691,17.72
79047,20.1
195874,63.6
16332,25.92
285797,8.14
181591,14.64
51511,19.89
102390,49.3
71955,20.55
156083,14.31
193851,7.688
146410,8.6
263179,13.47
154704,6.39
272897,7.05
147124,7.473
59906,19.48
245447,15.72
105648,24.8
290744,23.14
247094,124.44
26777,14.4
114070,13.414
91014,6.492
135928,14.1
25177,3.451
12481,38.2
46244,7.227
204048,28.56
129794,19.48
14452,30.36
50035,28.75
244140,48.12
267827,10.445
226830,11.64
185013,9.625
75279,7.965
197044,5.08
43122,12.64
287737,8.125
201236,17.88
123151,36.44
63932,63.34
193345,7.004
225768,12.05
65831,49.1
760,13.16
13347,23.56
166918,13.35
137841,14.164
6221,91.1
266328,19.17
112787,25.3
24898,10.445
270437,6.273
83171,1.783
104106,13.664
233638,15.39
538,16.25
157839,2.594
228788,36.3
269630,25.88
4524,51.1
117842,10.65
263898,23.56
59237,27.66
4143,26.08
130208,2.436
290536,19.89
238163,11.79
238979,16.77
32640,7.773
13638,6.637
20599,11.06
172831,2.68
263485,9.586
103577,5.76
217766,13.75
288800,4.465
28553,15.36
174546,16.19
211402,76.9
173221,33.97
253149,5.57
172515,9.4
293560,13.38
125376,21.11
45303,5.2
276047,2.09
12520,9.945
146185,19.8
107489,23.56
125559,5.727
79478,2.535
60089,21.53
142279,67.75
99273,12.56
53266,7.758
298824,15.36
222464,13.64
259811,31.4
47797,24.05
80003,13.3
233806,56.0
208493,21.11
210166,21.89
245223,26.23
234203,8.52
67826,13.02
271693,3.494
271151,21.67
223715,3.105
159576,17.77
96882,8.75
21480,13.61
212474,6.36
52210,31.61
22263,16.11
71232,35.66
294780,4.76
102579,45.7
21957,13.64
266987,19.28
208361,17.19
183879,4.484
84304,49.4
18851,61.84
274876,22.9
268230,13.695
42838,5.56
266248,10.51
18469,64.06
169544,11.06
142828,54.7
159382,20.3
134239,6.05
20189,57.12
196235,49.6
210068,21.89
5056,22.95
135878,16.25
16172,41.53
294743,2.125
126872,29.69
16845,9.586
168283,4.266
139066,5.707
290333,2.8
26664,12.78
276656,18.66
193386,23.1
102561,27.77
234971,5.855
92947,8.67
72568,16.8
247342,18.39
146415,29.62
262311,62.34
37331,7.742
217166,17.0
129156,4.977
239287,26.89
92044,22.9
299065,11.55
175008,10.83
259342,10.24
107704,27.27
191975,11.16
218624,19.64
180028,5.934
288145,15.3
211970,54.9
229064,25.05
267465,4.305
69820,5.047
12358,31.1
278471,13.38
27554,18.92
107392,8.71
113787,25.14
190565,4.664
25171,4.477
209167,12.17
269902,3.941
284081,5.086
290917,26.67
123507,43.9
60712,44.88
196590,48.62
298946,10.875
84084,14.28
189401,4.215
189715,24.1
128579,140.6
281575,8.055
236468,24.05
222379,11.16
51494,7.656
13394,17.66
122377,11.74
33962,7.258
238133,13.984
266960,15.52
199912,11.42
118356,6.91
286418,5.363
164181,7.227
215995,4.562
272511,15.14
253714,10.09
170173,7.758
148483,23.84
145295,16.38
79976,10.445
202697,12.25
113087,10.4
141886,12.43
195708,74.8
121460,5.676
211496,47.66
134664,10.16
261201,21.94
63152,24.44
167325,11.87
159304,7.52
31402,9.44
154757,12.805
293506,11.33
282887,5.21
255251,9.36
237570,8.92
207498,40.22
20864,40.62
33705,16.69
81305,5.93
68913,10.13
209139,45.16
296625,18.5
52602,15.945
266254,4.32
151438,20.72
295856,6.684
127515,6.895
293792,9.81
154180,34.47
35880,15.49
265371,17.72
150543,11.49
200083,12.41
221587,20.97
67966,23.84
46458,13.695
175209,7.227
32660,28.11
176653,11.2
297332,6.203
116895,17.36
253330,12.27
277689,26.19
62854,19.92
288869,24.8
213830,60.62
280188,7.164
46882,5.406
120867,21.98
288265,3.994
95602,11.42
151806,6.273
72451,26.19
257699,10.805
196905,24.6
29307,5.84
266558,3.227
142043,106.75
24833,74.2
52806,25.2
156737,138.4
194398,14.31
197763,18.39
136807,8.92
238638,43.03
19160,82.56
220993,5.664
224326,15.33
249198,8.47
229084,30.11
278544,20.5
201652,28.8
24863,10.13
183025,9.984
95169,3.105
68864,22.58
21366,14.22
97877,17.05
189974,6.35
70386,16.66
223091,4.93
222353,12.805
94456,13.75
227925,17.05
146364,6.773
100589,13.3
105626,10.945
68548,21.98
86099,38.56
182712,7.793
48094,24.23
98759,18.36
38928,5.645
255522,39.66
217312,18.78
184109,15.81
130664,7.793
93796,4.17
57521,39.8
160099,16.66
133250,10.625
206440,49.78
166337,5.914
68783,10.336
101807,27.94
25407,43.8
260584,7.793
10543,14.19
141005,6.28
114674,37.25
285396,5.746
107527,7.39
261660,47.28
112152,23.56
178145,4.535
112720,22.58
144951,44.1
227821,17.36
48163,15.69
191221,9.1
29013,57.12
94998,33.78
130616,20.94
123158,13.81
187285,34.53
23742,38.47
34641,4.74
188045,4.0
221640,6.594
90087,16.19
169288,54.47
216365,13.35
280677,6.7
52545,12.99
40356,3.643
139160,12.86
283403,4.41
127823,46.72
139558,13.73
26303,10.375
137223,11.18
88371,11.55
259551,12.41
115321,11.33
261946,16.94
183512,7.83
145738,25.34
186383,16.83
217173,11.375
226704,8.18
187391,11.16
114765,18.81
178147,18.58
70806,10.35
85867,5.734
288796,22.34
247209,31.8
142636,27.83
266345,11.64
13053,20.94
164440,10.51
298305,6.99
168749,22.03
65688,27.77
287561,13.664
106796,14.25
2555,51.5
79419,6.895
237897,12.78
85153,20.64
85968,6.52
76726,14.89
67924,6.297
290838,64.6
211558,80.3
204924,8.87
237922,26.56
238700,10.4
232073,16.05
175185,30.36
50791,15.016
141438,17.69
20506,26.03
21488,5.33
98761,18.39
290398,9.75
98611,3.045
72347,21.28
231443,46.9
190391,23.1
224189,4.59
147305,39.2
198501,8.07
234358,11.16
39433,7.86
25521,66.94
295253,10.09
39769,6.652
48612,49.7
95433,20.42
230444,10.6
269604,25.3
282319,23.52
120169,6.26
166310,10.72
152735,29.03
250686,27.61
120707,11.016
109052,17.72
287672,13.16
134221,10.35
150031,5.465
287573,8.45
161410,20.84
57341,31.8
220472,16.38
248879,2.443
128446,36.53
217971,14.016
234632,24.6
159581,12.805
171138,6.504
11910,39.72
242911,2.748
166720,2.08
133906,2.348
164549,11.4
187033,19.61
106605,12.46
278081,12.33
83000,10.09
233141,14.13
114374,16.19
27489,16.45
76957,6.742
106483,11.695
103839,24.55
228148,32.56
86398,7.355
181499,4.61
147894,72.5
280263,5.56
293359,44.8
284974,5.97
113066,11.26
83495,12.94
197814,11.47
42357,7.227
221869,4.926
85004,12.25
85497,131.5
112527,13.44
233394,23.8
90807,27.55
179094,4.223
161962,21.5
84639,39.2
58796,30.66
118091,12.97
28504,3.885
59585,3.678
12298,12.33
109653,26.4
214426,13.05
199306,25.5
56607,42.62
23482,11.74
246357,33.03
214492,20.1
178714,8.086
44026,7.555
198702,15.78
267639,6.34
69059,12.38
122969,9.55
231193,7.39
261277,8.055
225891,23.84
200628,25.61
79980,6.973
243,13.984
118488,62.6
170621,15.52
268043,4.645
46907,10.97
174040,38.88
27379,4.91
84812,28.11
62628,18.05
166410,7.984
63438,11.84
21234,17.58
295406,19.84
75886,5.156
1150,9.92
5343,5.457
213619,22.81
151282,7.18
248077,9.18
224915,10.72
86543,33.03
66208,19.05
167843,9.02
104359,2.354
84065,4.36
279004,8.25
61718,7.688
39265,8.4
263263,13.16
174298,25.45
238294,11.13
205030,15.72
71016,32.12
272145,26.83
195509,53.2
35211,10.35
80697,8.77
246262,18.47
176852,9.52
13432,12.51
49472,10.47
3433,9.14
45471,15.08
5772,27.94
221391,21.23
109252,11.06
169346,2.27
114758,42.03
118134,114.56
63783,32.25
135890,13.695
193461,7.438
110001,4.035
38806,11.33
284380,6.805
195685,59.9
40538,10.445
248285,12.75
147715,35.03
80506,8.58
243683,13.414
247538,7.723
259308,9.625
3486,8.305
173852,16.28
19580,59.44
129402,5.664
233998,38.78
163574,3.715
71607,6.652
121146,12.12
7754,3.592
140456,9.08
256521,14.984
205817,7.15
269764,14.64
225497,9.625
220146,23.61
188804,5.01
57695,10.445
81654,3.691
145311,13.24
185885,3.756
34131,17.88
65084,28.05
31583,8.45
29077,7.504
262177,24.23
54944,19.72
96921,6.684
138281,8.79
68538,6.504
251257,8.25
163066,17.72
214999,12.51
86395,14.92
216062,8.45
278153,5.54
32933,102.2
130191,19.56
32000,28.22
166998,25.25
60869,6.684
48078,19.08
61843,25.81
81523,3.053
44647,21.98
5966,23.23
44576,17.36
238689,46.62
76750,12.33
8835,25.14
166501,20.22
116064,10.03
59013,21.77
124803,36.66
59249,26.67
241568,13.58
202366,35.72
228336,15.62
104366,16.48
284284,2.104
148523,31.61
166204,20.94
235323,30.17
193482,34.66
111831,13.1
229759,13.95
274492,23.66
288413,21.02
275651,22.08
121597,23.66
191472,4.996
133116,39.8
140882,11.4
270658,4.02
26961,8.67
12731,12.195
274865,25.14
15498,26.45
144663,7.34
192697,15.016
186680,21.98
226660,38.03
172777,5.875
169697,3.803
105566,12.67
192957,8.016
225375,12.59
215302,3.469
62066,23.56
232414,5.344
89046,7.723
83588,11.59
132911,8.04
160783,32.25
91332,12.15
34767,2.594
48578,9.86
65520,15.78
154900,7.49
189488,21.5
39772,14.58
113078,1.693
179958,4.5
123784,65.1
241797,17.98
251158,16.25
225807,22.86
131221,64.4
235063,25.3
270958,9.86
143259,13.58
137053,11.82
296152,7.273
180332,10.53
120334,12.17
151666,17.39
109132,25.45
239353,40.47
27594,14.555
75619,6.867
149047,24.73
167237,32.7
36909,18.02
80745,12.99
85046,6.21
236642,11.59
153635,16.19
111411,22.58
119073,23.28
113109,17.94
64513,68.56
218744,17.94
141063,21.62
261409,16.48
261819,9.1
182325,11.74
196173,71.06
101543,13.9
288846,17.05
70115,13.16
270828,86.25
80736,18.7
149349,64.4
9804,8.83
258123,8.84
227305,28.45
52757,10.85
69615,22.86
227725,37.56
229208,17.11
195725,87.6
135115,14.13
258080,34.88
158307,7.64
211899,5.754
209433,28.92
294467,22.12
217659,5.137
18534,4.16
51358,44.62
294357,4.598
260866,23.56
180911,21.4
71146,7.93
99670,22.12
141348,28.92
236137,11.766
125970,41.84
133041,5.664
47383,5.02
257950,7.81
147061,76.6
97541,11.06
293739,19.28
37596,5.465
207784,21.94
138856,19.12
200761,26.45
256901,18.02
129799,16.55
172598,10.16
273700,2.264
264306,17.28
42469,12.51
153073,9.55
75442,110.2
110695,14.164
28719,24.44
118935,18.97
55861,19.2
294591,10.76
234444,2.477
70339,7.93
79729,17.72
34234,12.195
126313,7.656
127981,20.8
134280,9.06
48859,3.152
13250,19.52
54047,11.766
125997,27.77
121319,15.69
49674,15.11
137005,4.234
291896,15.69
72453,13.87
52060,16.52
45897,44.97
260304,37.12
154484,5.086
290637,5.812
232609,34.2
108060,19.25
280160,19.36
280413,7.273
178477,8.234
37524,23.33
123794,21.4
272011,25.34
155210,16.8
181173,35.22
205673,10.445
32306,11.55
118885,17.61
232201,41.53
199861,6.973
145597,53.8
184523,7.227
212005,93.7
150443,8.66
130425,19.28
79356,20.02
264682,7.117
217551,57.8
22934,17.5
21982,7.83
153801,15.65
229180,6.28
89311,3.928
226647,8.04
198736,10.99
241515,23.7
52322,31.03
234851,34.12
150273,5.99
251089,20.1
243160,6.19
122386,26.5
29220,12.305
14018,14.58
283179,28.34
19857,40.22
274567,5.465
232970,10.53
35221,2.107
43313,15.52
219417,6.637
227313,55.56
107606,13.49
114540,3.293
76476,101.0
10012,27.89
76972,3.547
41426,18.55
295035,8.71
32524,12.73
209670,14.49
258426,3.623
271989,4.418
211630,40.28
217600,16.08
291184,4.74
184490,5.586
105690,14.13
271946,4.727
140724,5.598
9548,28.0
227278,4.074
196984,20.05
78274,19.64
9681,18.55
137514,10.555
234392,19.36
171526,12.12
259316,9.336
279133,15.555
285601,19.69
220345,17.83
94189,7.59
113829,4.348
46676,14.1
288866,28.28
11411,33.84
183749,17.72
262692,24.89
249927,8.84
56739,18.47
75985,45.34
123404,114.1
85719,6.625
228335,40.7
110637,11.89
56071,23.8
214193,19.05
156163,2.373
272736,7.742
213179,3.928
189871,12.86
150838,6.477
297567,6.445
255870,2.309
170501,24.14
132852,2.797
17778,20.3
9320,18.1
258399,10.47
219330,13.664
166743,4.867
103752,34.8
122050,3.17
253253,17.0
282817,2.129
194882,18.73
75141,30.11
131755,13.75
240988,10.555
195011,23.95
296017,11.305
177678,7.793
6012,20.34
14772,13.22
50652,25.81
145794,28.69
179139,23.56
104658,14.13
108559,5.438
73365,16.52
265295,134.6
14766,35.88
51324,11.016
280991,7.227
260819,6.867
13597,6.227
213344,2.273
51784,2.752
126923,16.94
32749,5.754
153821,21.02
234349,21.06
8764,10.67
35945,2.908
222354,16.05
18602,4.99
21044,36.6
124743,21.19
124004,15.72
121473,22.44
161317,8.195
160725,52.84
49095,13.16
55496,19.36
210922,9.984
76047,2.086
208719,25.05
33428,13.64
139721,4.637
35054,7.707
231776,22.08
257500,4.918
213774,21.14
237245,18.89
66162,16.8
268542,13.695
52963,20.55
206610,5.81
244484,21.36
221736,5.83
140434,5.223
128844,17.44
3260,3.994
28120,33.72
214877,19.64
246005,3.117
101929,6.91
19281,15.72
275290,14.89
27456,15.42
14705,18.78
97258,130.5
69733,45.34
80354,19.97
113082,16.77
15830,11.695
249299,22.95
59589,21.45
222842,12.64
244334,32.5
97715,5.625
36367,1.894
148983,22.77
208540,9.664
1176,11.2
84637,3.54
32263,23.33
136609,4.73
296067,8.21
299361,17.66
163534,5.03
290760,10.65
114724,13.13
109776,14.28
260765,36.97
68655,43.38
221252,10.29
124136,15.266
253350,17.28
76482,4.33
138075,124.44
33212,19.72
197014,15.62
119785,2.3
146436,78.75
223408,14.61
255024,32.38
176032,21.06
258418,13.33
196961,12.99
280712,10.74
166097,7.895
120604,13.61
64827,14.22
251029,11.87
37578,18.28
122030,24.39
150997,6.742
99601,52.03
159536,9.65
62621,15.81
58974,13.75
174161,13.47
33381,3.006
299408,4.24
202837,15.42
70011,115.94
225885,12.05
18008,25.77
230975,21.94
234532,9.24
81764,7.49
220161,4.95
153957,20.97
108430,20.64
122127,8.84
62604,37.94
3672,10.05
170301,27.44
214581,5.07
69226,15.945
67752,13.87
139141,34.66
199878,9.8
103672,15.05
142297,15.39
237325,16.05
284088,19.56
251277,7.37
253759,16.69
286068,26.89
120028,2.3
40722,23.8
103625,45.97
238259,12.33
83277,10.555
64769,7.52
68166,3.941
164279,6.668
273602,16.28
136231,13.19
82410,5.2
200822,32.5
67214,29.92
56230,13.61
149340,56.66
65916,2.65
256357,10.05
250858,5.555
131963,20.6
294365,15.62
201924,13.19
42992,7.773
39171,5.496
196539,55.78
22078,7.707
57367,2.436
168432,10.445
223821,25.4
23635,6.836
114637,12.67
56611,35.94
261806,8.56
47697,17.77
43887,6.742
102102,6.91
219958,20.47
32878,18.05
122945,22.2
34972,2.834
251840,34.6
127724,5.375
42658,19.89
271110,7.95
174836,3.553
10698,7.473
45382,19.44
62326,47.38
172879,5.555
102115,9.71
27380,4.043
141714,17.66
212318,13.61
159249,10.01
281048,16.72
25757,1.885
37944,8.45
173641,24.69
16480,17.25
9423,20.38
180743,20.8
172149,23.7
136822,6.883
93413,14.555
46510,26.94
119868,5.457
8777,7.035
247247,30.17
15758,17.28
279553,6.367
41212,17.28
164119,2.797
25674,11.79
129896,11.06
247724,14.61
91670,28.86
286576,5.684
258803,10.695
60986,11.914
164280,10.35
185432,13.24
69486,5.31
165861,19.8
250454,3.79
148024,15.69
201263,16.28
5973,28.05
264090,18.02
147616,13.22
50260,15.05
193462,9.04
105657,24.14
220303,10.97
84522,13.19
80440,13.13
237850,13.9
46115,8.45
173819,42.53
165382,53.38
251067,43.75
223116,22.77
4280,132.0
58292,21.14
99202,11.13
148255,11.84
293742,18.42
9494,51.8
17495,6.297
159680,7.18
191279,7.86
219308,14.37
181687,7.39
199069,16.77
16963,20.6
52874,22.39
70782,14.61
1465,48.4
60435,11.62
35636,15.14
294921,13.58
212086,26.23
80530,105.06
134666,12.12
266818,53.28
23174,37.56
159160,17.66
270949,16.08
165943,21.31
282899,2.04
258730,5.82
177649,12.35
181670,4.938
31624,13.27
28217,8.734
274972,11.16
16154,56.22
111735,6.55
28677,6.402
109827,10.65
123478,35.1
116935,9.4
45381,5.977
180363,4.32
38667,7.117
182488,11.79
89451,11.445
106671,6.637
184790,28.34
228005,15.05
205762,29.98
167162,26.89
268237,70.75
109012,13.49
229337,23.19
258613,6.434
196341,51.1
293421,7.004
11921,9.75
67710,41.94
152223,19.48
196612,67.2
187385,10.67
232011,9.875
221974,15.11
80653,3.592
107306,19.92
159198,14.89
46791,5.355
84959,5.15
139381,21.28
49992,6.99
131494,48.03
185258,11.42
294988,3.574
102921,43.75
31639,9.08
3902,7.656
11973,1.991
13118,36.16
23784,17.98
146103,44.34
163653,16.08
159972,13.78
273078,10.695
298111,8.67
185097,8.58
97662,5.508
228347,45.7
163965,7.57
192940,10.03
272107,10.805
34803,4.508
262752,12.17
33641,8.45
260283,21.89
151607,15.49
101396,127.44
107403,8.18
254427,11.13
87713,14.7
171238,7.355
44005,10.375
78867,19.0
230139,28.69
63988,18.84
216217,7.844
297100,9.16
101343,122.5
150103,3.96
232444,3.344
46899,33.5
78677,4.7
292644,7.098
214177,52.75
42816,24.84
76853,17.36
9580,14.34
156511,8.14
105240,17.55
131156,21.31
181979,44.25
17835,14.05
187704,8.51
269513,23.42
258086,6.19
48082,6.156
137996,48.3
208505,11.35
280517,8.36
258699,8.695
148766,30.66
225630,21.45
39957,23.75
192347,12.97
251906,19.8
139522,12.07
288952,15.78
30203,22.34
111017,9.26
235546,4.098
31894,8.484
264736,6.58
272112,8.11
154665,7.67
126764,1.894
65235,21.23
214198,49.7
66752,38.78
32516,7.49
165931,2.223
283449,2.715
250613,25.61
10840,33.84
153545,15.17
156457,19.77
53167,72.2
19735,26.94
192685,8.805
283948,37.62
158930,21.53
165510,25.34
93511,15.266
63416,13.19
198762,16.42
197225,6.367
40535,3.06
181458,9.28
101855,36.8
146549,32.25
271516,3.975
216495,40.28
285865,12.17
164170,12.43
187107,5.09
75953,13.414
166484,3.352
53078,7.81
236632,3.836
29268,9.14
96362,40.28
46608,28.05
92922,11.766
94716,5.258
181395,17.14
254167,12.67
154723,34.3
197786,5.18
140328,29.27
17610,6.06
53045,24.94
55400,23.9
20904,16.55
290107,15.78
90209,4.51
205431,14.89
248987,23.9
67680,11.18
126320,22.77
2200,77.2
39138,10.18
173363,2.924
150386,16.62
221228,35.1
33480,29.56
29387,18.62
212667,2.436
291694,24.23
1447,24.8
108951,3.521
3214,28.75
195176,86.56
265767,5.285
191587,30.47
167083,4.8
129494,26.4
60629,35.66
148812,73.06
152670,5.055
170795,27.89
91183,39.5
210768,45.16
7456,16.14
27271,12.43
49080,7.67
209028,12.73
10124,6.445
18576,8.25
8246,15.234
269931,7.62
186029,11.33
222057,67.2
116279,105.9
156612,30.3
185250,9.86
254343,3.23
282873,3.775
113511,13.33
214337,35.1
112954,20.67
262439,8.43
109706,3.994
87256,10.47
277336,23.52
87237,2.256
40027,2.83
79434,11.914
100911,5.285
189824,10.266
221988,17.9
22822,17.11
120956,58.28
75635,6.91
122723,11.79
194411,40.06
88571,14.25
280349,16.48
225321,14.43
35060,4.375
242785,13.16
242259,9.42
114203,13.19
285817,20.05
150197,5.457
226679,26.89
173450,8.32
286976,8.484
199124,8.04
22338,4.45
278028,10.58
328,4.23
202793,7.453
103766,11.445
59134,12.54
282030,9.81
292124,11.52
204468,33.78
285592,2.45
259095,13.9
41125,20.47
294835,6.15
35102,11.914
180971,8.79
227280,17.0
1157,19.77
155784,6.21
270825,27.89
212408,9.0
2659,16.45
259208,28.34
216114,3.705
194539,19.48
153379,6.957
30560,25.05
249631,36.9
5732,7.62
147845,25.81
185161,8.67
38479,22.39
161314,12.99
46331,33.03
211821,40.7
167620,6.418
293441,9.36
130903,38.62
251516,20.89
141766,29.27
135577,20.84
266757,14.555
270961,4.855
170493,5.83
215955,23.38
20570,10.01
214995,18.36
46513,33.03
18063,77.8
105743,2.229
295467,16.72
52112,123.5
179561,8.55
172838,5.94
189458,17.47
176343,10.49
5741,22.25
253508,12.305
55372,21.5
252131,11.99
88546,22.25
25965,6.434
59344,4.465
108600,19.72
91947,22.39
267305,12.25
83907,60.16
272540,79.06
210655,16.86
248081,31.1
294137,41.03
193034,4.66
65762,50.9
30159,4.28
8185,17.5
8101,16.31
84283,4.96
125960,4.113
245413,14.58
149070,13.16
267570,8.266
11040,21.4
279950,29.75
16581,15.75
249936,3.684
253592,3.795
147429,42.97
72305,5.84
15092,17.66
129050,6.668
191054,12.54
232324,6.125
122906,54.25
101400,22.25
263273,3.879
203262,11.11
185074,6.105
155676,18.31
199670,6.367
115017,38.25
239606,6.94
236950,10.05
211197,11.55
239728,26.08
53021,10.695
281326,6.637
136085,9.984
148717,24.73
237096,5.715
174810,5.668
232564,5.867
70635,115.5
118717,13.664
147318,70.75
298314,6.28
84539,11.305
140628,7.324
212298,19.52
132781,11.13
284287,2.705
246771,15.17
38456,12.83
67089,32.12
208711,23.9
222575,24.69
217133,36.9
280552,13.44
225200,20.64
133105,12.78
180336,9.86
101177,6.35
162774,9.26
175219,9.28
150388,10.2
289765,12.78
37268,25.34
265841,31.86
110097,25.77
263812,6.99
35453,25.72
66374,14.7
110340,9.46
189604,44.25
175256,7.81
140443,8.4
203042,12.78
35146,8.305
146579,105.06
176932,149.8
5561,81.3
112596,13.9
117958,41.34
237965,11.04
198614,25.77
151442,12.86
211397,65.1
24325,9.14
30810,13.984
154770,24.48
284038,27.48
276926,41.6
133188,8.51
15975,44.44
195000,6.52
103116,20.34
11296,21.06
71930,12.54
224581,16.86
65875,19.89
70453,21.28
77973,16.97
21230,35.88
146369,15.586
244723,18.55
274954,13.35
29752,27.55
11969,81.6
66809,22.72
274719,2.443
84354,14.7
34990,23.52
215035,66.2
64664,13.27
184908,3.193
203312,8.14
163804,4.133
278981,10.83
28086,20.55
83426,5.477
161889,157.6
225609,13.87
229943,4.11
23093,4.246
36166,6.35
245495,3.994
86918,11.79
135,2.246
86500,17.69
22081,19.12
146679,25.88
102137,14.58
224752,50.6
34069,1.939
73531,29.5
143722,48.62
252433,1.829
105023,8.43
114087,7.605
175566,8.18
77396,6.07
60267,8.16
225438,17.22
282194,8.45
26835,20.72
277790,6.36
167988,3.684
212570,66.2
75711,6.79
288971,7.93
52740,11.4
93172,1.737
101254,16.02
296665,9.22
155039,8.75
52064,23.47
129748,21.89
78406,7.293
216537,11.2
32226,2.48
252639,15.42
252909,7.258
294888,5.773
54856,5.375
101926,6.883
16517,3.775
260543,14.67
13238,19.48
231108,14.22
82693,14.58
225894,24.34
147795,66.94
260740,18.66
136304,10.92
223855,12.51
220895,15.88
120846,24.05
101641,7.15
46421,90.8
72861,2.504
130588,27.11
194233,25.81
164349,26.45
259625,21.62
217025,15.75
137262,13.9
130335,20.3
202045,19.8
11380,9.06
175082,1.908
157940,12.43
15093,14.46
155523,37.88
168224,1.729
172617,9.22
249949,12.94
62721,12.54
297860,42.2
181284,12.59
52911,10.31
237393,32.7
55468,51.6
46201,39.34
274020,11.945
28429,34.6
186909,7.64
143018,19.2
151030,11.305
140449,6.82
64088,7.758
146615,45.97
55617,27.16
298598,14.46
32084,23.23
44267,9.984
134558,21.28
26075,6.883
158991,30.47
155940,4.094
203504,13.47
243076,1.871
116987,5.688
287854,5.055
217942,12.15
150347,4.09
246614,59.66
154164,11.305
463,10.2
85537,2.684
113473,3.041
173912,18.97
213301,37.12
232860,16.77
245673,9.5
268990,28.0
5905,32.78
135473,17.05
165677,3.033
231927,9.24
206982,16.05
129750,13.93
261503,12.35
237176,17.5
186883,9.24
195386,35.8
244283,29.33
115295,31.22
253882,24.23
127916,6.58
9129,38.1
298714,5.715
165541,5.023
97985,8.36
93038,6.34
278065,16.8
149150,13.87
86827,7.758
59891,2.459
181901,3.822
12749,2.553
262263,8.51
140279,3.623
77741,4.793
254403,19.77
85369,9.1
147213,74.8
25881,2.803
206344,10.53
210394,10.67
111684,24.6
182902,30.05
63837,9.336
177869,33.62
292902,24.64
66941,37.25
200256,22.86
126558,7.86
92666,10.875
253474,20.84
154895,7.656
19598,12.67
60061,25.66
185833,22.86
255802,11.766
144511,3.918
12383,40.62
255502,47.0
167834,6.086
30458,1.896
93477,20.12
73056,6.652
280301,2.15
295290,6.383
292795,37.03
279875,69.4
181070,9.5
235640,18.31
216134,24.8
66938,4.996
157955,26.45
206777,12.12
135924,19.64
119431,10.35
218409,27.38
75887,4.715
257694,8.29
98082,17.98
236993,5.527
103106,5.895
205371,14.555
114779,14.28
229815,14.58
94525,4.57
48120,7.49
297507,3.56
210093,8.21
70980,18.2
32253,2.559
91359,21.45
251579,5.508
99559,79.06
92613,12.23
111293,15.88
13850,19.28
193106,5.516
272399,25.0
209956,18.89
62666,20.77
257346,12.27
46909,9.0
97372,18.31
26309,10.18
81173,3.105
40057,15.33
121217,12.305
240178,30.9
3086,72.5
280427,15.75
30936,4.918
143810,80.6
73988,8.52
201026,24.84
8271,18.36
143624,24.05
123428,28.22
56328,25.0
205826,7.83
19919,17.11
263859,7.81
32719,11.04
23862,5.98
163177,9.6
42436,10.35
175364,6.29
116365,14.016
54635,4.13
157337,82.25
77968,13.95
100046,17.44
133191,5.734
216012,3.865
193312,20.3
21627,35.16
49650,5.96
226961,66.7
263864,10.72
233017,9.0
280945,6.99
86468,2.035
15834,9.26
49774,11.74
28894,9.36
249297,20.84
30731,14.43
292152,18.12
276681,24.73
135821,4.23
73384,12.88
269848,3.918
36606,48.4
100810,4.25
134257,5.668
58464,36.75
48509,21.84
199160,13.19
69958,15.266
261279,4.434
78152,12.17
156531,10.92
150917,5.54
9627,7.34
114973,23.0
218950,27.61
207970,118.75
208277,7.773
291006,23.0
103181,15.14
34095,17.47
159981,17.14
57345,107.56
23997,6.58
250892,7.88
296219,43.12
10194,9.65
254245,9.195
193062,7.773
96180,13.16
19557,31.4
60224,21.14
277867,4.02
10950,17.8
6081,23.52
72279,8.0
158,11.766
116230,28.97
53812,41.78
122335,105.9
118298,11.57
288276,9.664
112484,27.89
184138,11.55
110249,14.89
247417,12.41
298025,3.408
145918,78.1
65900,26.23
33696,8.92
138959,9.65
294390,24.05
41912,9.06
287064,5.258
122034,20.89
172374,2.676
71753,11.59
213967,5.0
175355,7.62
263748,4.004
132887,30.78
97319,12.99
165964,26.94
145394,27.89
245273,12.59
4193,14.67
243018,8.47
119533,24.6
279058,17.05
117365,57.12
147335,14.95
66739,35.88
152896,3.469
14269,15.3
19278,6.39
108586,44.72
161004,86.25
183278,19.64
125809,8.195
220962,12.07
224355,23.47
107175,20.55
230070,12.78
209650,13.555
227072,23.66
258851,3.945
71791,28.75
215026,23.42
52677,50.1
251125,7.773
96420,27.72
213847,54.47
64997,12.94
294703,24.1
89486,23.66
186121,4.254
257102,14.13
86482,3.99
255713,33.97
113192,6.08
221112,9.92
93150,14.984
123268,18.55
217589,38.3
150586,23.33
49219,18.23
298257,7.02
227846,45.88
147396,25.3
56672,13.1
295581,5.887
9311,7.52
259435,14.58
259640,4.367
123127,40.53
263275,6.34
110120,4.723
113418,19.89
190134,19.05
289390,14.766
26363,18.5
183516,16.02
254098,5.953
261125,31.73
593,12.12
237452,7.57
50777,135.8
86228,15.88
283667,4.555
56366,11.18
167861,8.0
20748,59.2
68899,7.504
16968,7.57
166773,14.92
178480,21.67
171085,6.22
68159,25.25
119161,42.03
150877,19.84
163748,19.28
82291,15.42
29110,5.586
23415,44.97
187212,4.035
77627,16.55
186951,2.693
54959,9.46
108211,11.375
234806,32.2
60114,10.58
95820,15.14
34642,5.344
164516,13.1
46947,6.23
55492,6.535
262178,10.07
2455,16.22
246981,19.36
83878,3.678
3534,159.5
40620,8.14
130478,12.99
180637,22.86
296534,7.273
150697,23.19
247167,5.8
142874,24.89
256478,3.637
95101,32.84
227003,11.375
146559,30.05
1523,41.44
12816,35.38
179984,19.2
43077,3.795
266661,14.984
240472,19.56
138548,11.2
104508,4.008
184320,11.445
116553,15.945
116487,10.74
232596,22.58
270325,7.62
287846,4.688
238288,16.48
150661,8.945
134672,23.66
107375,16.52
169141,12.25
160008,15.3
128667,123.5
258253,6.016
237746,26.45
115818,22.86
28825,4.125
156595,9.9
249191,22.58
82584,25.56
136801,6.39
162664,13.9
94790,28.52
27335,3.129
162580,3.715
279890,8.18
127813,28.69
261527,24.48
48132,8.945
292470,10.53
27330,5.125
55381,41.44
183313,11.28
107845,19.97
78674,39.5
245909,29.03
285257,4.113
32995,9.6
28375,5.79
238630,16.02
49290,8.984
157588,148.0
100139,17.28
40288,12.94
46335,56.9
56887,23.42
71091,20.42
7750,6.36
190036,22.67
230382,20.5
282760,18.89
249175,7.93
94049,13.64
136508,14.34
115367,3.553
159686,20.5
172134,2.514
132458,9.32
59224,38.03
58304,2.191
89430,21.31
9895,15.75
7929,15.52
29552,30.17
177449,17.44
57216,27.38
75303,5.76
88645,10.05
61013,11.28
201560,4.95
91250,18.81
55607,48.9
179091,15.555
31093,6.773
190244,75.7
121065,13.35
71719,27.27
133392,24.0
219141,35.16
206180,9.4
284791,2.963
259635,3.197
148904,11.11
176304,26.4
227087,6.125
253966,19.64
293798,22.34
84130,7.895
99490,39.34
132790,10.9
94357,19.25
280581,18.23
220048,3.697
146352,12.97
263144,148.6
786,13.16
249076,31.8
248301,21.4
28281,2.58
90403,7.066
128986,16.6
134467,12.805
124060,14.46
243036,15.52
232898,10.31
61517,5.438
249719,12.59
30953,3.574
36698,17.55
252381,24.0
9677,8.734
179394,4.594
285908,13.49
143443,14.25
675,12.23
248340,23.05
41657,4.305
121447,7.117
24640,46.06
94048,13.35
218003,15.52
104723,8.305
102533,21.06
111322,8.56
297313,7.93
251344,5.477
238465,24.8
218952,20.38
123018,12.56
295484,12.23
241105,94.8
288070,4.688
152119,28.17
295553,17.88
102750,5.88
131731,84.25
93565,2.498
119692,15.11
25421,4.617
254539,9.625
161561,43.03
211915,11.82
36128,11.47
202601,13.555
150864,29.03
108448,19.72
258743,10.336
256036,5.867
249280,29.81
132770,8.305
149074,18.66
84787,15.72
44757,95.56
249491,3.951
196124,46.06
184095,8.45
285565,1.91
283267,51.2
258339,34.94
294587,7.707
50659,8.52
186949,3.156
154242,3.57
68136,14.34
45457,4.633
191351,51.72
229364,18.17
106208,8.484
62169,14.4
142699,76.6
223103,8.87
273287,11.28
133756,16.94
200056,20.42
169456,4.67
210053,34.2
24292,7.035
173558,25.81
119245,28.56
118621,26.34
282252,5.0
293416,9.945
261118,76.3
246873,6.14
82328,16.6
43592,2.406
157365,148.0
95759,24.48
200444,23.56
174381,9.836
84638,3.922
38839,8.66
30847,12.805
15097,22.25
60277,17.22
117854,10.2
50077,13.44
264559,2.766
94741,25.14
171013,5.33
97513,28.05
108696,18.89
287533,8.36
3166,9.04
182822,13.1
222147,24.69
131716,37.94
180215,7.227
282872,2.273
28963,3.602
24973,10.51
158615,10.49
146411,2.328
279651,15.65
131468,18.66
138806,37.25
141290,1.962
63790,8.984
58971,20.05
239890,8.62
85976,19.4
3061,14.766
254647,8.43
168520,14.64
242313,14.46
210415,13.87
143100,14.25
119606,11.06
261629,13.24
71937,73.94
292869,6.973
263779,62.84
35845,45.44
70615,25.14
165109,11.305
241200,5.832
202381,8.16
50170,24.48
166967,3.785
196023,58.03
25703,2.318
165643,9.586
91803,15.2
64895,8.75
209073,17.05
54093,13.695
196865,4.24
58415,40.78
260951,5.5
179372,36.22
249803,7.86
266738,7.59
299253,32.7
75454,19.92
268090,5.742
112854,37.5
145524,72.75
271316,9.73
167728,31.53
41628,6.758
162716,4.484
75994,71.9
14703,44.8
70184,6.445
186926,5.33
245214,15.39
72566,11.914
220669,19.77
76882,30.72
242886,14.95
217079,26.94
139949,6.99
168102,18.12
292286,2.068
174240,3.836
110381,15.52
45140,8.04
224753,8.91
93436,14.164
262684,37.56
19601,11.375
155057,8.67
21904,11.4
82621,7.86
219275,17.39
37496,12.43
273253,13.73
149772,18.17
101636,24.73
226081,4.67
257431,16.02
232532,36.53
7983,28.11
210601,6.895
247525,19.64
234885,1.791
248199,11.914
295089,3.885
176643,11.42
141656,14.25
94641,40.22
55201,26.56
210962,39.72
200098,5.59
92835,21.89
104141,20.64
42778,29.16
11342,10.23
122746,24.55
80724,24.48
110517,8.56
64093,13.35
62929,42.2
263169,4.043
36107,14.016
58169,3.096
226429,32.12
278663,14.83
107404,6.867
44859,30.3
261561,23.33
46600,12.64
100382,16.42
10908,8.945
103643,6.895
178340,18.31
290043,7.133
68365,43.8
150557,8.375
139239,12.94
9925,10.72
202327,25.1
97144,2.709
212778,12.99
197419,23.84
115920,21.06
162748,10.01
102437,16.6
28896,18.7
117564,18.1
292847,4.52
212957,9.28
168462,20.42
191757,19.28
8230,3.264
196015,59.44
187506,9.945
205660,9.56
231637,15.234
93692,4.336
224449,9.18
126685,7.62
108669,11.11
37654,16.08
240218,10.72
36907,6.957
215636,3.756
105640,15.65
277130,1.91
75545,15.016
88223,10.09
61071,50.7
60510,5.59
63481,20.05
232408,34.3
242042,88.3
26308,15.945
54719,7.293
26990,7.242
248812,47.75
56967,14.07
261856,2.607
136350,6.594
102879,7.49
73851,11.64
16558,28.11
102196,10.76
216126,17.83
41449,5.496
291960,14.19
83765,8.11
110141,12.484
273695,3.344
249569,3.365
3619,120.6
152825,15.65
119231,28.22
160752,19.97
269912,5.773
126224,12.38
142301,58.03
90627,9.4
103442,2.871
214087,9.77
138830,24.23
224217,59.44
283167,30.05
149073,27.16
240645,13.1
278946,45.88
244100,14.555
172599,4.375
283588,8.195
1675,32.12
21979,30.23
156585,6.383
23440,13.49
143796,59.44
8725,9.16
87770,7.242
189905,105.5
293036,33.5
128747,7.324
71774,8.055
208915,13.984
128493,13.984
170053,19.0
260331,31.86
275759,5.09
111964,6.227
123133,14.8
91715,6.12
294336,4.2
116641,9.9
857,18.7
214513,19.69
136776,4.863
22823,12.43
39332,10.13
61798,8.695
22089,16.9
166497,15.75
79520,7.164
20698,63.1
146819,16.02
181706,5.383
299357,15.98
186658,7.438
165865,8.64
252197,8.71
72291,99.44
216740,5.06
225922,17.61
222871,33.3
110213,6.203
296474,15.08
44307,11.766
107911,26.4
177915,11.305
184331,8.83
162568,6.973
231105,19.17
187519,10.12
130626,18.84
48873,11.2
243420,15.08
189675,27.0
53813,26.72
289287,3.598
96577,15.11
211736,10.78
234465,27.38
268561,13.27
270832,43.3
247702,10.18
187016,18.02
197738,63.1
128096,45.06
270932,3.133
270925,37.25
158091,11.33
207848,14.49
273035,5.2
99954,2.383
285332,14.89
3632,8.32
70279,24.48
8974,17.05
10673,23.19
51894,21.77
253273,6.637
291670,39.5
270560,21.23
53817,24.1
182877,31.86
104888,11.2
187222,21.14
150986,6.82
161843,34.8
34116,11.72
83897,100.6
30582,27.72
239138,29.33
119327,13.47
89624,40.28
165769,9.664
274174,20.3
244374,14.8
257248,5.34
152915,2.777
126719,24.6
145797,15.69
5120,95.56
93559,7.844
21744,30.84
8403,6.375
127980,10.47
260018,6.305
280950,8.45
46879,9.22
68990,13.58
181988,15.14
6417,13.93
153040,7.242
201864,6.21
231107,27.16
89965,25.92
266686,13.984
274218,10.65
289980,9.586
181573,7.34
39538,25.1
152251,21.62
164866,12.15
97351,5.08
37128,4.824
22400,37.72
277897,2.156
167212,1.821
186431,42.28
150597,13.24
79834,8.984
268203,22.48
83297,3.416
58379,9.945
123213,2.752
85338,25.2
240934,108.9
94400,18.47
120163,7.93
15261,22.72
166737,10.13
104993,8.305
143350,17.0
170700,11.11
253948,8.79
166443,27.16
148551,20.42
147016,97.5
187053,14.734
41668,7.93
39043,24.55
197537,14.95
87100,18.89
26269,4.617
66764,45.53
116201,8.266
191911,15.2
233918,97.5
87830,4.598
121573,11.445
119651,20.89
173373,2.521
218537,21.77
145682,73.3
76164,5.56
222723,46.72
297543,9.28
69828,43.47
164589,8.67
108984,8.83
142087,44.53
61214,21.4
11136,28.52
56845,17.72
51386,29.86
138351,32.78
152183,31.4
18988,6.535
61524,30.6
68476,15.72
278792,2.576
198391,12.09
86664,16.19
90765,2.625
76138,13.44
143341,17.22
185740,8.91
258472,6.652
35846,28.17
66251,7.31
225838,52.22
277900,3.084
122635,7.504
2453,38.03
124710,9.625
144285,66.94
101593,13.35
55576,44.34
78086,3.742
254102,20.17
266927,5.94
98639,26.83
190956,12.484
74929,36.22
252425,1.802
246007,33.97
217160,9.73
123388,22.62
297094,6.58
11395,124.0
24842,13.44
133065,8.67
31237,7.42
252406,66.7
175451,18.97
210877,21.67
17115,24.73
275427,10.13
121811,50.5
15916,7.914
93457,6.652
129081,26.14
198321,10.555
158249,14.07
134932,13.16
141387,8.414
255324,3.482
283913,10.2
47886,14.22
249303,82.9
299141,4.633
229746,21.11
218945,28.8
55380,12.62
267246,140.1
71334,14.8
251447,11.06
27897,4.254
136675,8.96
16209,13.414
224031,12.86
149089,50.7
61611,12.73
31492,5.246
237062,25.45
240598,11.945
40189,2.932
324,11.57
106977,10.2
51383,4.605
47094,45.6
43662,40.06
267682,16.86
51925,3.264
39306,4.32
281433,4.645
212659,13.16
246479,4.535
256549,6.684
176306,5.414
148229,2.027
230251,15.62
14362,10.16
168871,5.996
120593,25.61
216224,51.0
89729,6.133
204961,2.99
257518,42.38
31312,2.887
196772,8.79
178525,11.87
298008,28.56
238072,31.67
273883,5.01
102481,31.03
76650,6.973
261191,8.16
243474,4.35
254587,19.0
143643,26.3
102645,12.484
265501,2.598
80157,14.89
125491,19.48
283370,6.52
286770,8.56
178153,13.52
7753,7.37
244274,23.14
22034,31.8
182167,10.2
118774,12.88
37592,34.03
20735,18.31
214704,5.76
229406,32.25
217458,4.52
31595,18.36
103559,32.97
273358,2.818
151702,9.18
290569,12.67
30032,4.656
13658,2.328
119153,12.59
137112,5.035
53506,18.23
32489,14.37
86705,13.64
69527,9.12
295975,7.42
101669,16.66
150498,6.668
92315,30.97
125090,7.773
7562,7.504
18209,78.44
6463,55.12
278166,11.47
84623,15.555
41603,11.57
284394,2.457
95899,11.18
263726,8.18
187799,1.734
206081,8.11
69461,2.219
208762,25.5
179639,28.28
232337,7.844
168161,30.53
201920,9.1
129362,12.805
56278,22.9
178602,10.12
258020,8.91
67449,15.3
269460,2.748
173475,12.33
79440,14.25
239361,11.97
60172,48.9
180806,8.0
51197,6.973
135049,19.2
62024,36.38
274449,15.72
159651,14.86
277225,5.11
37068,6.203
223735,16.6
184072,9.14
9352,4.51
191121,2.477
18930,25.0
47944,20.34
92005,8.77
111068,62.34
16011,8.016
181583,8.55
269342,2.12
68200,97.9
282237,6.7
240459,6.61
122122,4.023
117480,5.773
288904,11.4
220458,26.08
34750,5.65
137379,12.914
176940,4.617
147243,29.16
118069,17.44
240032,5.32
64116,10.67
96547,12.43
297301,12.73
103244,15.2
179617,6.91
133165,12.016
253751,28.17
118208,6.758
261096,7.117
168697,6.39
64526,14.07
51876,17.11
220621,3.691
181125,24.48
14888,3.865
194341,12.38
197403,25.81
261984,19.25
284414,9.336
8865,16.66
14667,23.61
226790,10.47
190424,9.18
115736,22.72
13504,16.8
281866,9.77
30175,6.535
50017,2.434
74900,35.72
295053,14.92
217402,21.89
109864,72.2
151192,4.363
144227,24.05
69946,39.4
38118,11.016
27503,5.746
249951,12.35
24994,27.44
4918,11.59
148156,1.899
50619,9.96
195360,60.88
279397,22.12
193403,21.53
74896,18.78
179236,5.383
60699,21.36
132163,6.246
272108,82.9
122390,24.64
275532,17.9
101914,52.44
99946,15.234
263393,15.17
4164,19.36
187367,9.06
34382,6.94
114568,22.67
246213,19.0
206508,10.13
136539,3.875
95824,28.17
5416,36.3
211088,58.28
233251,15.14
43607,23.52
6443,5.96
269758,3.08
224281,5.035
162934,4.496
89984,4.17
103776,8.07
86907,15.36
223425,7.453
134967,13.13
250761,8.266
112717,31.8
220865,4.523
224116,55.34
34926,12.86
215745,6.926
235675,30.97
263009,14.92
62087,13.35
251415,9.4
217131,16.08
169334,14.86
267161,9.36
120777,26.67
219580,16.11
240342,3.117
38045,7.164
208549,9.42
163943,17.83
279353,7.723
114932,4.715
208639,10.336
14558,5.03
226567,29.75
4059,11.914
133862,5.99
271460,10.16
263,11.89
142270,24.05
36929,14.555
136091,2.504
24519,37.34
165905,30.05
166496,5.79
117520,29.75
96518,14.28
146260,20.64
164755,32.38
98595,4.62
221768,9.77
147317,106.75
264709,8.04
60954,1.75
150471,8.734
191924,18.42
153643,14.89
49767,14.016
120673,29.16
140232,11.79
234261,10.29
254180,11.55
132246,2.848
236011,9.26
51641,9.96
89303,37.5
188341,3.348
18191,58.5
240976,22.44
37667,8.305
43731,15.88
142812,94.44
102234,8.086
47910,9.71
79587,5.78
210802,24.05
115680,12.75
252000,10.74
60795,14.61
118965,21.06
160184,28.92
26899,3.547
48048,6.715
63413,28.28
279436,5.457
225912,24.89
43067,18.84
73112,27.77
219980,45.06
197647,4.363
181058,7.227
169528,4.58
182786,20.02
43323,16.42
191208,53.8
104067,55.56
113010,11.16
68935,16.25
93417,7.57
284990,3.482
237121,36.0
59050,4.938
191097,4.062
101745,8.055
233680,11.26
11057,20.12
144150,41.44
293273,8.195
269477,11.59
103782,24.84
103855,10.07
141945,8.055
231597,2.383
289497,10.16
43065,5.527
4267,13.75
254182,12.914
50303,18.92
48778,6.254
197986,29.45
28048,13.61
265656,34.94
93877,11.766
155147,13.58
28938,7.81
248760,34.3
187778,9.664
290976,11.18
178237,24.34
226230,22.53
198444,22.12
237261,5.047
206103,16.77
241916,45.53
275127,10.67
218629,18.1
168698,9.32
297198,5.707
231036,5.61
146163,44.97
292221,6.375
265339,5.723
52062,16.25
232694,26.23
277187,13.555
54558,25.05
154345,31.22
85629,5.707
194065,12.33
122233,16.9
267854,2.102
215943,10.42
63621,5.246
298856,8.414
191589,6.266
231024,66.7
92998,9.18
250017,15.62
71340,7.258
3337,8.56
49344,6.637
12247,12.33
145265,44.44
185843,18.36
43385,6.504
220860,3.56
27740,6.094
99676,57.56
25987,8.66
5284,41.94
262578,26.14
64258,69.4
151778,4.074
210955,36.3
77482,8.14
291735,123.5
105154,10.72
103755,16.42
198322,4.84
262232,52.84
103724,12.78
247292,9.04
222609,8.0
159421,17.72
220505,12.15
231194,15.08
236878,14.46
116970,5.684
42648,15.3
53731,10.99
276318,28.97
19565,61.84
242683,6.05
187789,28.39
210974,40.53
122103,10.07
233486,12.94
104452,14.86
231955,11.42
231386,10.49
197540,17.36
208295,42.44
242331,23.66
220404,12.67
155699,13.1
18306,16.62
9024,45.97
266571,4.844
242047,29.1
132934,24.89
4527,48.62
198484,5.355
291699,20.38
298060,18.89
31113,4.145
82094,6.043
285198,5.98
297385,10.42
66211,9.36
205995,10.99
273974,6.85
285111,18.55
129404,8.18
255362,25.0
25388,32.3
199251,10.58
64155,24.0
273844,5.56
67671,15.49
37193,5.242
22146,21.45
51797,9.77
27192,10.945
285140,5.664
151886,5.855
70634,28.22
2051,21.5
227452,11.84
166448,40.22
186102,3.955
116194,11.664
275191,18.5
159902,15.11
63939,25.66
297873,4.08
296581,22.53
99054,18.73
230661,11.62
6478,30.6
108876,22.3
256867,9.77
100595,2.41
287825,10.23
64847,29.75
185322,6.805
133562,19.56
102553,2.059
287947,17.11
214369,23.19
126287,13.75
24808,25.0
139040,7.273
91630,7.95
50488,20.77
147950,87.25
255021,61.84
93117,13.19
67441,3.451
42258,6.535
160010,17.39
295145,5.31
158840,8.266
22886,21.89
83008,3.465
201086,11.62
173774,28.69
65356,23.14
271842,19.17
83428,8.414
288269,9.86
41981,10.83
155748,2.736
42578,8.195
214773,13.38
39270,23.75
1732,46.72
9430,10.445
196442,50.2
125929,8.84
243937,61.12
118902,17.72
209589,66.94
226224,4.94
15394,9.195
221905,7.324
224311,9.38
258725,16.34
272439,15.62
235772,9.92
196941,7.656
286219,5.227
249493,11.28
187267,9.65
21559,33.72
291082,20.17
50728,36.3
203878,2.254
237232,14.64
184073,29.45
38299,8.88
186464,2.99
164922,27.22
57487,29.03
202468,10.336
7473,33.44
184377,7.59
170935,23.38
2492,55.12
94589,27.55
65618,5.2
243309,16.72
296243,8.84
90729,31.92
77487,6.254
34134,44.44
50567,27.05
139204,6.73
88352,8.695
94501,21.77
267504,6.305
165766,2.727
253287,21.8
247612,58.03
264783,6.004
76759,17.11
276029,8.55
15409,6.418
227283,8.016
6324,20.5
104066,19.17
2553,67.5
279867,81.94
107024,10.92
48454,14.05
26298,16.77
33419,7.59
97061,6.168
81821,4.633
27412,13.78
67103,9.04
33022,14.31
63584,6.492
260391,75.4
64798,41.03
250630,15.945
220288,8.77
217533,43.66
133205,12.41
161320,15.17
239130,24.84
134910,14.34
49467,3.965
72652,15.49
11228,7.355
113937,19.72
60694,32.78
83580,4.438
207325,55.12
163289,15.69
248934,8.64
288842,12.38
118405,8.75
131330,44.62
238594,14.95
170141,5.746
223532,21.58
132926,19.25
286433,15.69
282116,42.03
234933,10.9
133587,10.336
35916,2.744
255409,5.707
32334,18.58
59852,14.37
286159,10.445
164225,11.766
274367,16.34
49511,22.9
25303,7.273
202909,21.8
235487,27.61
231823,21.72
162898,8.92
205492,2.053
117988,14.61
107799,27.44
160846,20.25
18777,39.66
124306,14.46
292010,8.6
63865,59.2
191436,27.94
264274,12.64
16856,29.45
206289,50.6
55688,79.06
103695,45.7
65401,7.42
123965,24.6
208344,29.33
260168,111.44
116043,11.59
117792,14.52
37719,8.62
172038,9.12
34475,7.406
166010,22.77
37932,8.51
246805,6.91
132592,21.36
84460,29.69
138016,2.053
77731,4.438
176673,22.67
199279,21.19
257390,16.28
90311,10.2
298853,20.89
208836,13.9
47495,13.73
214175,19.92
278831,7.258
287703,21.72
232155,27.94
171893,7.88
144206,12.97
240325,14.164
275525,31.61
47785,2.594
242692,8.25
293999,16.69
105323,23.95
131849,21.77
67724,28.8
225268,17.11
57245,25.5
95002,7.555
185465,5.83
11892,16.94
9468,20.5
176217,4.07
282380,4.863
14986,43.12
103135,15.14
39149,35.44
65307,16.22
6016,15.62
222109,11.57
64014,9.65
153767,30.53
134461,106.75
18685,20.8
44248,15.98
196345,80.3
263745,7.438
286052,12.15
159935,2.97
130281,4.914
281865,3.918
185944,8.484
29657,2.295
297636,18.84
169965,11.18
233232,1.862
246137,66.7
110043,19.12
5294,14.984
254116,8.92
12919,12.05
94890,9.945
142850,55.34
215268,48.03
176596,3.975
156024,27.66
117188,39.4
114787,17.39
166728,60.38
209203,7.62
12867,2.654
218047,4.59
40001,2.309
176044,2.8
133787,14.49
8159,4.76
193574,34.47
223860,9.336
297033,28.8
45658,5.33
122685,63.1
133254,4.316
58067,16.72
244158,11.28
163788,6.883
298188,11.55
263070,146.9
100514,15.75
16786,5.008
44918,11.82
154700,4.203
206027,2.793
287203,58.5
252655,36.53
26059,10.875
10380,3.01
42361,6.895
209574,20.8
233023,47.56
272361,34.2
243241,2.723
47009,81.6
268387,10.555
3048,21.53
138812,32.44
162392,16.19
168045,1.81
245037,3.133
151177,10.83
53242,56.22
228769,14.61
217082,16.14
97121,4.598
146666,57.12
121805,98.6
91386,15.36
146695,57.34
50553,23.33
245771,4.395
268824,5.496
158141,5.223
178097,7.164
278613,4.73
252136,8.84
161136,36.53
199563,18.05
23623,7.438
254631,17.11
75845,6.652
83667,37.72
18521,7.453
31651,5.63
59558,11.52
18612,16.69
139161,16.31
36026,14.43
74752,4.94
82794,17.22
129056,17.8
93713,3.39
225050,9.55
240741,33.44
29497,14.4
141941,37.88
254040,14.28
26438,13.27
98590,6.39
188763,5.664
151691,15.17
226477,10.42
42757,10.51
50016,12.97
116667,15.586
114046,4.195
172518,46.62
60404,2.69
34966,9.22
164314,26.3
213288,18.31
280333,19.61
15017,20.17
76733,5.0
103472,9.55
292425,39.56
212633,23.42
200664,13.1
257632,38.47
39788,9.0
134880,14.49
196267,40.38
95514,9.52
50510,16.97
95372,7.082
28578,26.5
188699,14.46
21431,28.17
93820,5.855
92278,7.605
143139,18.23
8611,5.742
288348,21.31
267715,8.34
51714,17.98
181074,10.76
288827,7.02
51073,20.72
25335,11.11
284913,8.79
219962,87.94
243191,26.08
106681,4.277
245467,12.75
114656,25.5
158865,18.02
280268,11.82
59726,23.05
194935,8.45
71447,13.35
192005,16.77
254288,2.734
37255,4.344
147867,56.66
230164,29.98
53000,12.41
62796,54.03
84418,15.3
248431,21.28
274700,8.36
238406,19.12
148739,15.39
76804,8.266
28414,5.81
203771,14.43
181823,28.92
138837,8.016
20940,61.6
205458,7.81
106593,11.26
41023,4.367
213557,10.29
95175,3.955
60618,10.24
165737,12.914
238173,7.355
202014,26.34
101223,41.78
69303,11.18
1679,93.7
78993,4.477
179358,31.28
31743,27.38
272311,10.18
198005,17.25
193078,10.74
99518,56.22
212782,24.19
281846,6.004
23261,26.08
137524,3.623
184769,16.28
243110,28.11
52533,8.87
267049,13.44
296278,15.72
11626,4.496
127366,5.703
36730,7.57
25690,20.38
130461,10.695
31485,6.91
63612,32.06
51526,21.67
80511,10.07
205059,13.16
246035,12.86
242180,27.48
176807,36.97
172453,5.49
213881,10.16
234108,14.92
115488,12.62
26292,4.67
6681,53.8
242014,15.75
179343,9.4
36841,7.242
94374,10.92
57472,14.05
11719,15.2
82134,8.55
124844,20.17
234905,11.23
252830,7.37
38990,19.05
100882,23.19
17808,13.555
226070,30.97
290070,7.64
39797,2.76
160285,6.625
177875,4.51
281900,3.096
57001,23.14
174301,48.12
259631,29.62
168743,4.08
270906,11.28
291998,39.9
231804,35.8
86783,27.89
187523,4.875
262654,17.77
30211,14.46
242770,5.418
169584,4.117
191235,22.81
269314,24.94
172513,12.86
67399,2.826
235537,28.05
3845,21.62
298371,11.2
192210,9.9
132726,21.4
201722,15.2
52624,13.93
192329,12.59
176695,48.62
74643,21.98
98403,12.83
108573,3.525
9333,15.266
77417,11.87
160193,6.637
266476,24.34
4186,49.5
287431,7.67
160351,11.664
5112,25.2
82187,9.24
248107,44.0
155541,21.72
42790,14.83
217057,24.14
16071,12.64
253872,8.734
75773,7.86
296059,12.51
232453,13.35
250561,26.94
279802,20.97
282275,6.742
93205,3.201
32869,10.13
228385,19.25
198120,25.0
253054,5.746
147205,79.4
16695,19.44
281736,2.662
208531,18.78
107080,2.557
29836,9.945
22121,3.145
244411,24.19
286283,22.12
48758,16.34
218654,28.56
245305,9.92
77238,5.12
152733,34.88
122615,16.34
196773,19.61
76091,4.484
210480,3.98
35318,4.754
61637,15.266
247086,27.77
134914,19.2
274669,8.47
290767,14.83
96923,6.24
80982,13.05
42801,10.05
34772,3.002
179940,14.164
189776,19.08
171382,4.766
17947,16.14
74869,18.58
2885,10.4
267043,34.47
52174,12.43
212841,6.46
169607,8.414
118285,44.34
216871,17.19
106431,15.914
92002,29.56
258713,4.133
283433,2.33
13340,17.69
70967,7.082
197531,16.72
95885,10.555
79645,3.248
149425,2.646
172753,4.95
422,27.83
76705,3.578
79024,6.52
195477,69.6
173690,7.37
272284,4.605
101724,7.133
16869,5.52
56181,21.98
288629,10.03
212790,27.48
171661,2.396
80341,18.55
268318,17.47
60534,11.97
214852,24.6
85081,22.16
186636,6.375
283714,9.9
13466,12.23
193079,16.45
149139,62.84
225382,11.305
70674,15.52
47029,13.73
1038,18.55
42827,21.98
5707,12.99
29066,6.805
258330,14.49
286236,28.39
45835,5.34
256727,5.11
294245,3.826
42338,14.016
71827,66.44
131465,4.99
135011,6.06
29804,7.02
57021,33.03
22621,16.77
85531,6.895
33319,8.21
159247,25.77
186013,3.592
93310,7.21
68358,24.89
249080,13.695
57706,40.88
212028,69.94
84018,4.71
212524,37.4
270324,5.137
58458,7.656
112360,27.61
155973,3.54
97533,14.22
232996,14.86
4133,71.9
144906,78.44
160129,16.8
149525,50.2
23565,103.44
76130,5.234
203459,22.03
268635,12.25
229404,44.2
66551,4.973
248619,23.47
32187,15.85
26566,3.65
72773,12.54
150983,7.066
76952,4.96
50703,18.02
102992,25.45
259386,28.62
177899,20.67
70105,18.23
218343,28.97
109829,30.9
279903,12.86
50646,30.6
128847,20.77
171844,28.62
200509,11.87
18653,5.676
46053,7.504
171579,6.28
40216,9.55
83995,22.9
96454,18.7
56900,21.94
293611,29.03
126903,12.25
236277,3.018
58215,22.62
129299,3.383
67356,11.42
256579,19.12
125002,124.0
59645,14.734
212914,6.03
287877,26.5
280658,10.16
198669,6.668
262349,22.44
226701,12.484
69055,3.105
131709,25.1
178342,33.56
237802,17.83
125561,11.64
108501,30.97
103185,8.79
160535,39.03
269179,5.81
223547,14.07
251304,11.695
37661,51.8
7806,43.47
76406,4.477
287743,11.28
90617,6.375
122527,17.69
90559,17.05
157133,7.59
30787,14.86
175492,4.773
260990,22.2
137650,19.92
226778,13.95
273374,29.39
206021,7.67
179441,149.1
246513,13.836
41438,8.734
223619,21.19
117164,20.12
18220,62.34
222744,20.25
181564,6.46
67476,42.1
98479,2.291
105056,20.34
27370,8.18
21303,12.56
113513,9.8
82878,17.8
277803,5.793
222389,10.58
254678,5.668
158657,2.443
206025,10.47
61854,11.72
249731,23.84
291916,10.09
219952,2.447
288100,7.62
122909,16.72
168215,8.66
185607,5.723
33119,31.47
134,37.5
72544,15.555
212666,2.527
197415,21.28
254960,26.89
19849,20.72
151905,3.186
272734,14.13
284210,4.625
243265,13.52
88696,15.266
147584,7.57
248211,27.66
66420,11.11
92995,14.555
75175,4.203
241129,5.688
202028,17.19
61474,49.0
242920,78.1
143022,28.17
220919,17.8
167120,8.695
59599,6.348
122769,62.84
271259,19.0
224226,3.045
273812,3.092
175580,43.56
215868,9.65
274034,16.62
84384,21.58
221209,14.95
169947,9.16
109728,18.78
219753,20.42
32898,45.44
217758,21.53
222928,13.05
197022,13.75
114182,30.84
161675,129.5
240549,19.28
129479,17.25
218489,12.41
184020,19.2
95475,22.3
221358,2.994
204514,22.53
197230,11.33
76245,2.219
48446,8.88
171887,10.42
130712,21.72
209722,17.58
191411,2.572
231631,12.78
132342,17.88
186954,10.01
197120,14.555
17146,8.36
230333,10.875
76309,24.39
137619,15.17
267464,4.918
101107,5.92
178768,2.594
110180,9.04
40952,11.33
245288,18.31
11431,9.984
264277,2.045
136454,11.11
47195,23.33
35114,9.195
49554,10.24
269267,20.42
177381,14.37
60724,138.4
160265,2.176
70677,13.984
157825,5.906
188147,5.97
164850,4.89
197955,40.12
187543,10.12
287692,11.04
71697,5.402
218661,25.92
147734,51.1
3042,10.945
128479,7.742
140377,7.34
155880,15.266
45775,6.973
132077,13.05
127487,11.04
206281,29.69
123985,2.764
244888,25.14
186022,19.17
202075,9.195
107104,16.62
279166,12.17
132115,12.75
199832,12.56
114898,15.234
178027,65.6
219240,38.03
4592,8.234
298376,4.676
65963,34.6
154800,39.2
34437,13.414
132202,8.11
277985,6.273
157903,26.94
46124,25.72
89556,13.78
231038,9.4
116708,24.39
279692,30.47
28869,14.95
60105,13.75
234016,32.97
248455,11.62
31375,73.06
12523,6.773
150196,9.06
270340,5.684
199771,2.615
7767,9.73
287519,10.805
149942,8.58
244654,11.26
71443,46.25
102909,14.766
275885,1.686
152546,26.3
130040,20.38
206381,12.195
122242,11.28
209707,7.52
59451,39.25
5331,73.94
60770,15.72
298659,36.53
85264,9.836
170345,3.602
74936,53.38
274368,10.42
60496,71.06
54494,23.38
202431,15.72
165938,8.234
226068,6.594
54425,28.52
161735,29.75
18506,7.895
180574,4.8
281490,12.07
122915,20.77
673,5.37
200204,11.18
155494,37.72
127737,8.125
295864,8.51
122549,12.12
277710,20.25
6253,12.016
276805,11.16
258662,7.258
29298,2.994
84546,6.773
290261,18.02
49559,7.258
146838,84.56
269403,3.588
164859,27.27
283578,9.81
91191,16.34
83201,8.086
236911,25.66
268826,13.414
230443,30.23
191956,24.48
55719,16.83
207779,26.23
217938,27.38
240115,12.97
4885,15.914
268739,6.098
1705,51.1
30633,18.31
73329,16.38
231542,12.75
295212,14.64
82165,8.016
238077,14.016
216368,1.959
106477,28.52
163714,7.52
196126,37.34
109038,16.19
72856,75.1
229283,63.84
297851,4.41
254507,6.562
14940,18.73
251616,7.895
260785,11.18
277113,4.918
140769,20.84
211215,5.06
148822,56.9
244792,15.88
93914,12.17
260390,6.973
30573,18.05
257132,7.555
61339,14.1
261294,11.28
51988,13.08
76072,23.0
11797,9.38
29585,13.75
223365,13.984
70682,25.56
74802,16.28
150596,20.55
122652,56.22
40373,5.133
171736,13.49
276987,8.484
196439,59.44
150822,2.389
107750,15.75
50289,27.72
101081,157.6
6596,17.72
111189,28.39
12798,27.83
149759,25.25
149631,10.42
175275,11.99
90223,6.383
7701,35.8
158885,6.637
37401,3.102
199742,6.867
238443,10.4
156882,131.0
107209,2.125
245942,12.15
265889,12.56
53360,13.78
73669,14.25
219461,12.97
10722,9.26
49781,18.5
253851,3.889
187632,3.56
222207,11.375
180150,25.66
286207,28.45
213624,31.61
51542,29.86
211658,64.6
225667,30.42
205695,11.2
22374,23.61
38751,45.6
46925,12.305
22913,4.918
83854,5.19
256278,9.44
173220,37.03
289800,5.008
37462,8.4
186772,12.12
222275,28.22
245178,20.77
187947,18.58
188980,20.3
188066,21.28
146916,56.22
63861,35.5
277270,11.55
213735,11.42
158434,3.846
122365,7.37
96268,12.195
84439,14.46
248225,13.555
86855,7.793
40997,3.145
297226,4.867
7671,44.97
49996,12.97
240874,34.75
232984,6.82
288926,10.805
53888,13.38
152584,5.055
238384,13.49
135365,20.12
127105,2.562
202978,13.95
30062,15.72
145560,64.6
262741,12.54
106762,5.137
51087,13.984
100586,12.38
24254,45.25
14244,13.16
117330,13.61
102276,114.1
38500,5.312
284714,9.945
272379,3.186
93042,57.34
194945,11.06
74629,11.55
144883,20.55
140887,23.95
141298,3.729
44948,10.266
34347,11.18
86434,18.55
117561,9.32
137206,9.4
271396,13.555
281956,8.47
75352,2.223
115822,17.72
239539,16.8
203761,15.36
137605,13.08
95388,12.97
17904,22.62
225142,11.086
204854,7.984
194313,8.88
187345,8.375
31898,13.27
1713,47.94
68819,16.97
113359,18.31
156038,26.61
259712,6.652
212751,26.72
12878,11.945
285543,5.887
250092,11.4
198060,18.42
91893,11.97
14554,30.47
150062,8.0
195559,80.0
92050,3.637
95381,45.6
87612,20.6
195707,60.88
42860,3.205
24253,17.83
177573,132.0
60173,87.6
279541,5.57
221434,18.66
36865,19.25
19737,61.84
237020,8.88
215076,28.11
149418,5.52
266810,26.61
4393,9.65
256552,3.297
24266,16.97
172890,2.715
79223,13.3
265764,7.273
233182,20.5
246595,6.637
43127,13.1
225951,17.72
30658,15.36
239492,6.098
222680,21.02
288408,8.016
168133,5.27
197934,8.695
131487,21.36
9905,16.05
116983,10.805
188630,7.59
38653,5.055
95831,9.4
30061,15.52
270588,1.862
9770,10.92
106767,15.52
297013,29.5
103004,9.9
293271,5.246
54464,40.28
110560,18.2
201890,9.24
65325,5.867
145550,22.03
74488,12.67
124904,17.69
126750,2.191
168962,2.104
91387,15.914
270892,12.86
81151,14.61
137591,11.79
284957,8.11
26537,5.746
180168,13.75
16979,7.81
78656,8.305
195197,72.2
442,2.715
112016,18.84
42592,8.6
152266,24.48
5638,57.8
80414,5.098
78204,9.14
291833,19.92
190533,7.195
17892,15.49
155717,4.32
132122,7.64
267845,10.31
34159,5.035
129151,6.35
256520,2.777
132775,24.55
129636,95.94
3423,6.266
22339,18.47
234136,8.07
293552,5.355
20067,16.72
179391,17.19
37878,7.67
227734,28.45
68287,27.33
230252,17.11
234449,4.69
157228,137.4
78495,15.98
236025,29.27
179711,9.9
112400,18.55
67386,14.46
111835,52.97
33828,9.8
124005,24.69
29773,15.36
259985,9.875
57363,50.0
295020,51.2
14557,8.0
146224,5.496
185336,3.076
32979,24.8
278991,10.78
270952,11.52
124521,26.14
132472,14.49
101433,18.81
282830,2.693
159706,23.56
250569,23.0
271296,2.844
43960,20.77
52294,9.02
172852,7.86
55924,15.42
224975,9.77
148487,22.2
266843,20.8
23507,74.8
219223,6.594
169760,21.98
151399,28.17
193983,24.48
14530,9.36
117746,15.17
8595,9.664
46967,2.818
289967,36.53
84536,11.57
17450,21.67
285557,12.46
245808,7.723
161791,56.22
156603,5.723
23928,6.008
279070,8.984
176874,6.133
16977,51.2
11619,4.887
175429,6.273
74959,13.61
242982,19.77
26141,9.56
88632,5.086
239254,6.266
86568,10.13
11211,24.19
291686,10.31
253376,10.555
253524,18.55
291465,68.8
286457,14.28
268796,20.05
57234,26.83
218664,18.5
64423,5.555
260447,12.75
81579,16.83
245814,26.5
19643,38.62
215501,31.61
292883,14.25
192701,38.62
225444,6.61
206890,27.16
224729,6.61
175671,80.6
296576,16.19
3670,3.852
79694,11.79
257611,7.164
89154,2.244
265883,6.035
231363,21.77
152317,25.72
298871,5.746
184920,3.215
110075,2.65
252481,31.8
175642,32.84
96772,7.707
65143,21.89
233202,59.44
82412,9.38
139725,8.4
82087,5.79
263064,136.8
13909,22.77
24306,11.52
11146,28.56
281320,10.58
263229,29.62
108680,13.555
166062,6.348
115817,10.2
288313,20.25
110889,42.88
278982,15.234
76041,3.307
285181,15.266
262834,4.582
232614,15.17
79651,15.98
203726,11.42
40941,17.77
24301,17.72
172724,19.2
251542,48.8
1412,53.6
20760,35.72
143418,60.16
99983,3.566
194395,10.695
129155,3.477
44919,23.28
19930,15.52
168486,11.945
255780,9.75
130726,23.84
89682,16.19
186521,6.715
284074,18.1
278273,7.83
199699,17.25
135494,6.105
2993,29.1
207021,8.29
286357,3.227
242182,23.9
237837,17.22
214901,17.94
85423,6.99
79010,5.16
243335,16.48
215885,20.72
133353,18.47
112952,18.62
279928,22.86
5373,17.25
206462,7.42
282696,2.664
104393,7.15
65395,17.9
162314,12.07
253095,13.05
64493,16.34
150313,9.92
114044,19.28
194504,8.125
211464,70.5
249000,12.33
28416,4.51
37639,13.02
255476,8.945
151240,15.016
115076,25.05
18726,16.62
163934,5.734
26182,10.23
110664,9.71
75530,8.16
214427,9.586
150113,6.562
159640,4.027
292603,6.895
176858,33.5
288204,14.43
66318,19.77
62655,42.2
282227,1.937
189901,86.94
218300,17.9
110071,3.795
95183,2.951
101716,9.36
126638,10.23
10587,15.33
175494,11.42
247302,7.406
122776,7.39
90019,35.8
81476,13.08
201231,5.84
105165,18.81
276107,13.61
60505,31.73
225452,9.38
282652,10.31
147543,18.92
230412,20.42
2442,16.38
119293,128.5
105891,39.25
242834,21.89
260683,8.25
160283,14.46
207093,25.0
114066,4.656
24617,8.96
92986,37.78
194732,5.93
20631,16.94
77314,7.31
89481,20.1
99139,4.38
135456,8.234
8394,4.645
168619,2.607
32902,50.9
117533,10.49
149572,16.72
211130,5.887
152274,29.33
184883,5.37
204795,13.35
205644,9.5
212567,25.34
172754,3.129
32756,29.1
37252,5.664
186299,6.375
252439,2.584
181812,3.29
151723,17.28
211804,22.77
36482,6.99
255219,4.91
207564,47.28
130219,24.6
282547,9.81
176749,5.766
58667,13.49
112358,36.3
294461,4.637
64965,9.9
133560,10.83
280451,10.13
157793,5.043
263392,5.586
281044,9.32
230866,10.23
181329,5.637
117078,13.73
206170,7.95
213362,40.78
117253,15.05
133084,26.83
267516,5.08
258563,8.695
164236,22.81
253212,14.64
180860,22.44
229472,55.34
40710,15.72
101004,42.2
266041,21.5
21910,34.47
192675,28.0
259587,9.24
241844,5.0
165700,13.81
244087,23.8
76609,5.363
228199,28.28
179473,13.47
149393,73.94
269682,31.73
173198,18.39
189903,141.1
115418,35.44
296491,17.98
46318,49.4
293115,6.098
110610,82.25
152776,22.72
5657,28.22
281272,8.91
31309,20.1
32186,10.31
32695,15.98
118701,4.67
161824,80.94
100359,63.6
169991,6.535
28446,48.53
169238,2.28
110456,16.25
280091,11.13
4842,20.17
228916,7.688
106582,28.92
117276,18.73
12544,20.67
245777,14.4
23685,11.06
271510,4.22
174310,1.843
205560,10.47
106036,9.984
213102,12.695
258400,10.555
118999,1.729
192420,17.08
69076,12.05
177016,9.04
105164,16.14
231731,34.6
121193,25.72
1761,54.25
185011,13.22
248654,13.47
207001,8.266
262017,21.77
152934,10.4
78797,9.875
95511,5.773
164476,6.46
115324,12.07
278666,20.1
692,4.805
187470,7.59
237111,16.86
62948,15.914
92726,11.28
253283,16.48
202189,13.555
152766,12.41
109123,5.812
84534,19.25
254683,21.14
278240,7.965
180383,10.9
147721,80.94
211611,30.42
247248,49.9
82255,6.266
96413,25.2
23445,25.56
217561,14.43
199697,5.855
145108,29.27
281144,14.64
133954,11.59
242760,3.17
120295,9.42
121608,10.42
142480,82.25
72937,4.78
122053,21.72
82557,9.24
106539,22.58
217141,26.4
257407,17.72
110797,123.5
88518,31.28
199034,9.24
278861,28.0
159705,14.92
149796,8.56
13670,15.46
262896,7.605
277870,9.14
73197,25.56
177759,30.78
177468,16.38
61164,5.34
194837,3.826
247355,22.9
176027,12.695
86404,4.47
172455,4.664
218724,19.52
83684,108.9
173146,8.29
96922,6.535
21231,60.16
203175,64.6
118603,14.25
86800,26.08
267289,11.914
160012,17.08
263973,10.78
215111,12.805
166201,7.54
41493,2.44
41690,3.178
265383,111.94
47896,11.97
204032,13.33
20815,16.72
71624,15.98
242881,43.12
132634,27.38
174332,3.482
153152,32.44
173120,4.867
167185,116.9
5379,15.36
276445,2.146
272188,17.33
99034,11.16
293461,28.0
227492,21.36
252743,24.84
38916,9.71
9182,11.11
90832,17.05
259272,3.166
110434,17.83
287792,14.67
43214,8.055
171142,4.027
205774,5.137
212115,44.2
280024,8.29
101651,17.19
135386,16.9
222420,22.12
201377,18.42
127879,18.97
166738,8.11
285200,5.27
182656,2.62
128937,14.164
259572,60.38
246956,9.9
43296,12.914
165084,11.49
186722,49.5
107636,3.002
281381,5.684
894,18.05
157566,127.44
171723,25.3
278362,7.02
48185,28.8
11592,25.45
103912,4.348
22745,22.77
173406,13.47
97570,5.137
109003,24.44
15152,12.51
273598,19.25
137461,8.695
48379,3.117
202664,29.75
24952,3.387
75616,2.777
194612,6.05
223629,4.58
32946,8.83
124145,9.92
126415,5.03
161024,85.56
224958,7.42
205291,27.11
77619,7.164
82469,5.555
291481,9.484
23051,8.47
268541,11.52
58637,19.4
14616,10.695
163154,5.406
175481,16.83
290147,5.81
262839,124.94
110162,73.94
257678,12.54
94752,26.72
210139,17.08
79051,9.77
277929,9.484
95706,22.77
239031,8.11
10329,3.66
197622,6.105
120798,10.53
106214,4.137
102600,21.94
264189,29.62
201625,9.06
108337,35.1
62592,30.66
27440,6.55
136040,12.43
7822,18.05
14454,36.1
107618,47.38
164855,15.945
163797,19.69
143276,20.8
274586,11.305
65161,15.08
74785,16.52
148465,9.12
186389,11.99
81492,3.49
274961,17.39
188372,3.86
206896,9.5
71769,26.61
124332,4.438
33844,10.266
134557,4.824
230777,11.33
195288,66.2
85870,18.42
17708,15.69
128435,11.74
119866,6.94
248692,21.94
14414,10.09
181104,3.994
190304,22.58
266524,83.56
43236,23.42
19587,5.527
138004,12.35
38611,8.0
283164,26.14
225773,17.47
59402,36.75
246045,19.36
247193,28.52
297820,24.14
103230,12.73
37591,17.08
232316,11.26
129320,32.7
76063,2.525
73058,5.637
151589,2.453
54332,6.297
141070,25.34
272296,21.28
108571,2.607
50752,25.45
27903,2.89
191417,9.336
159021,15.016
139624,10.12
258100,3.879
102950,12.05
213339,3.72
288905,5.508
150020,11.57
173520,6.402
202908,27.61
239167,11.59
14598,19.48
212835,15.42
157244,125.94
162382,14.19
119199,12.25
179899,9.38
281374,13.52
52480,32.56
287475,6.05
12576,9.26
271675,22.34
178999,5.56
74573,16.45
289656,8.29
270716,5.477
97483,11.52
294784,10.03
126424,7.64
6250,28.22
195276,78.75
75551,5.07
214331,19.56
39376,7.05
95960,29.27
226294,11.97
253242,22.48
219981,12.805
283597,19.05
59107,7.555
195155,56.44
19757,83.56
187538,13.02
32619,13.61
69317,3.832
4109,23.1
166721,2.041
178567,19.52
162913,3.34
178862,60.38
276226,2.012
86122,27.66
296496,8.18
24850,16.08
234800,23.38
152456,24.89
260878,21.06
201780,26.45
20408,9.52
150464,25.97
287589,2.852
182626,7.004
22317,57.12
202739,42.03
18972,7.965
89837,20.89
206606,15.52
289547,16.77
52171,42.1
120296,17.55
28211,11.305
81260,24.05
298391,7.133
231586,10.24
253553,14.8
131232,7.082
199706,8.32
293871,12.43
186637,2.246
252464,10.23
240557,15.586
187328,25.5
48501,9.56
145666,48.8
98742,81.94
222344,13.24
227944,11.2
97455,10.78
196980,8.805
68352,28.75
240393,19.77
60469,66.2
180525,19.08
195660,57.12
232918,18.17
99269,14.734
274802,2.521
218042,3.57
284616,1.945
66490,22.08
95258,27.0
270886,28.34
113296,12.94
150601,13.81
196572,63.34
289300,3.574
257606,5.707
218233,34.6
241698,15.98
98087,9.1
86970,18.58
90621,19.8
124495,69.6
44386,19.72
4727,10.49
109855,9.96
108010,12.83
203732,17.33
109667,12.64
272077,33.62
196298,79.7
255576,11.59
94695,2.879
193439,18.84
79655,7.02
251488,11.305
15418,8.84
40552,26.67
35907,7.453
243873,68.56
194204,8.32
268295,68.3
46059,11.28
7770,31.4
81751,8.016
164927,23.95
164305,4.52
236459,38.94
108142,13.19
44463,33.22
192749,9.9
115542,4.75
165829,2.436
255818,34.47
96011,7.793
220256,3.42
284374,4.7
116875,24.3
246228,5.246
25317,12.016
228133,6.867
213605,23.52
92652,3.99
239400,37.25
181259,16.34
255020,63.6
278501,14.52
213676,6.652
69105,12.86
72188,19.8
106010,6.957
147583,32.12
287920,18.17
11356,10.2
245668,6.46
123177,32.5
207135,20.1
139391,11.445
54419,17.69
289135,20.05
132294,23.1
99793,12.35
143236,21.98
57138,39.72
45991,12.33
135672,14.34
254359,18.55
194854,22.39
76793,10.805
55870,10.67
46504,5.188
131569,4.88
106254,28.8
163860,15.555
270133,6.31
80172,21.89
219541,10.695
235859,2.281
226717,20.05
118555,29.81
202239,13.05
134490,9.52
202221,11.35
60717,6.383
2260,16.52
279206,5.297
9451,5.457
226361,17.61
276687,18.02
268221,17.36
92468,4.32
124626,15.39
175834,22.48
293619,7.844
155527,52.66
246010,28.92
40233,11.28
134222,22.77
178521,11.55
111310,7.18
142717,59.44
60927,7.95
141920,14.89
266743,11.664
281238,27.27
257400,15.586
100212,17.9
29265,5.12
76198,6.957
112401,23.56
22574,7.59
62232,10.92
135816,16.77
73780,26.23
169403,19.33
267390,6.086
278525,13.64
145235,38.56
163820,22.53
19751,38.03
258853,3.121
223324,11.23
268862,3.477
72205,22.44
15530,6.06
217868,16.83
294791,5.098
79019,4.9
205835,29.86
147110,11.57
44054,27.11
185507,5.703
108816,14.555
41587,8.56
106525,52.97
175752,2.035
165132,9.77
128403,12.27
173994,13.35
151553,9.36
132788,15.36
155589,23.47
270861,23.9
21291,17.69
151054,4.047
267262,11.28
131034,29.27
65046,10.31
81527,8.66
86481,4.27
195618,54.7
30091,105.5
82676,9.4
70528,48.03
162861,55.78
289965,12.195
253843,6.652
1312,16.08
219848,15.555
34909,11.62
22722,15.78
72958,7.67
222863,17.61
6329,3.67
284177,3.186
109821,52.53
19289,16.08
70571,18.89
105607,23.33
190730,10.6
124106,17.61
112887,18.42
155453,9.42
139575,7.844
174367,9.26
192273,13.3
49305,17.55
192052,4.523
36089,13.9
147234,29.2
126851,113.25
67085,19.05
224618,14.28
29761,23.42
109571,21.53
298169,6.477
296253,20.42
66667,43.9
166821,66.7
51590,12.99
171722,2.31
130745,27.55
34014,15.945
99927,2.525
64371,11.914
152852,24.3
105585,13.44
17916,54.03
196695,10.805
55811,7.723
185113,13.87
253475,29.16
169861,33.44
155521,9.52
52822,62.34
80835,18.12
121294,11.695
180510,8.125
84423,4.89
286877,4.855
81740,7.098
275978,3.809
145685,64.9
102966,2.08
226893,37.88
143959,73.94
16570,8.58
23249,8.055
73105,13.08
10331,3.664
234161,25.56
58316,23.28
136455,20.97
125551,4.58
79524,52.44
108218,14.49
276828,7.34
129485,135.8
42764,19.69
144523,20.5
148365,75.1
89700,2.383
123380,65.1
246372,8.734
143183,24.19
158821,2.152
90212,3.592
157632,79.4
177617,144.0
299316,1.739
109951,15.11
48427,7.504
286496,4.2
150505,11.62
58629,5.098
176563,26.45
247318,36.97
225206,7.098
144834,18.28
200115,6.46
255237,8.18
41741,14.49
155037,45.6
152989,15.05
247750,19.84
132802,2.734
171957,19.05
132585,11.97
182346,40.47
143064,9.55
39694,15.69
141107,48.3
192743,42.44
259329,14.46
282470,2.191
162462,19.25
206810,50.28
124486,52.12
237661,11.06
243308,17.9
176092,8.47
29439,8.414
138302,30.66
239576,29.33
133370,33.5
157733,6.61
181715,10.58
229203,14.64
68173,18.02
151964,23.56
221123,9.836
83528,11.35
210673,3.057
217122,2.566
42938,2.602
80220,11.914
159059,7.95
37198,3.715
50023,7.273
156921,117.3
133466,4.332
106119,29.98
291944,6.07
38825,8.96
201563,4.07
240406,3.775
257441,27.66
209418,18.55
115902,12.67
139669,1.962
209510,22.72
134118,17.25
177069,15.78
182641,10.4
55408,13.27
125225,8.305
162127,4.773
290774,8.125
50267,12.23
156441,14.22
64173,20.12
128009,20.89
142149,52.44
239245,19.25
71456,17.55
111347,121.06
229890,1.802
24704,8.56
161470,2.521
282004,12.17
277949,9.336
128372,61.34
229382,11.52
25277,14.766
16127,17.66
290072,30.9
281358,28.62
71650,8.58
269231,8.62
280344,7.86
191178,5.258
19439,58.03
150325,23.0
106980,5.746
292125,8.266
158113,9.86
294367,6.23
49383,12.54
292040,15.36
149692,50.0
226365,24.34
298562,2.518
251228,8.4
155417,8.484
168715,2.89
258551,23.84
183952,4.402
17169,10.336
98179,10.625
296556,18.47
63704,53.5
75432,4.418
1953,35.8
86917,12.12
27794,3.281
227180,45.06
128841,9.984
57789,17.5
158389,20.8
3867,92.25
185297,9.73
17606,24.0
44929,16.42
182860,15.3
181195,19.72
202951,18.97
56605,12.51
199197,18.39
66526,4.44
228807,22.44
240245,41.2
73599,7.21
3280,7.227
228950,10.09
213755,23.19
17929,58.03
196362,63.34
276361,7.355
220522,10.49
216836,12.12
221750,6.16
287026,5.37
48449,14.52
264702,18.2
22955,3.611
235446,29.75
47181,36.16
182435,21.98
71002,11.945
158436,59.2
229261,43.3
246058,20.25
248803,18.62
234943,26.03
279627,15.555
79340,19.77
182994,4.816
7049,7.117
148687,54.47
202534,16.9
204849,13.38
147713,15.62
59936,26.03
134108,6.39
127403,20.34
81913,8.32
159668,34.6
182773,11.914
95246,12.805
4877,35.1
64138,10.2
181443,5.168
203368,7.723
143184,6.715
260822,12.23
31721,13.24
55250,23.56
176423,11.086
114299,9.4
126012,5.023
286955,9.3
275585,6.273
11195,18.78
278108,21.4
68082,8.4
117642,15.33
146060,21.72
250793,8.51
109327,7.406
252033,14.28
47687,40.22
187573,27.27
283838,3.965
293633,3.547
175643,9.96
170435,4.67
97035,6.24
121187,8.58
154543,30.97
141816,13.64
277758,7.688
219506,23.05
282715,2.994
283152,26.56
252405,25.45
29028,3.297
260324,14.766
204763,11.72
112987,18.5
230940,10.24
118719,14.31
43416,2.44
29895,18.73
91801,13.52
9739,12.86
91270,32.78
297672,4.06
43685,6.46
31232,6.12
88288,2.234
128890,116.9
210331,38.47
272970,8.43
135626,29.98
180493,2.047
55478,124.44
172289,20.05
265902,29.2
123921,25.4
288218,36.9
27070,4.062
193535,6.758
10187,33.22
282185,2.834
116198,24.39
87790,5.83
126203,20.64
47128,12.46
29023,8.195
145998,51.2
162104,37.72
125467,19.17
189299,26.23
228180,11.375
99687,14.49
255490,4.52
180614,8.0
230932,19.12
272389,2.006
202507,30.53
44313,28.17
146173,16.38
96026,18.89
26704,1.64
197009,12.43
220258,3.271
165891,3.365
24447,3.656
58291,20.17
128431,12.484
243000,14.95
115515,43.66
156400,7.406
65941,35.22
135265,14.61
123237,12.86
122953,18.23
162145,10.76
226842,21.23
257991,11.59
29772,26.23
78119,6.066
38882,26.4
288091,25.45
285176,22.48
226742,87.6
200766,10.31
290141,9.77
158293,5.254
205422,8.18
122861,50.38
217182,13.73
206707,49.6
178709,17.28
135027,5.234
214141,31.8
62026,5.867
212883,22.9
8937,10.375
284793,2.818
207628,12.75
249479,4.855
261862,4.938
201005,5.312
119297,2.541
35247,5.684
53125,22.72
256810,13.695
172819,11.97
143587,24.55
272368,6.85
204725,28.8
198760,9.96
283422,6.023
133749,6.7
295650,20.64
138950,8.945
27555,14.46
73440,12.41
189706,12.09
197396,42.88
120873,5.63
84735,16.42
238883,15.586
178842,28.97
66792,17.5
12071,1.794
159347,2.955
108817,14.984
148700,41.6
260912,13.73
224930,19.17
22455,14.1
127302,8.52
104900,9.38
212125,62.84
45780,44.25
227282,4.863
193072,59.9
1160,7.242
103956,7.57
275667,3.752
246754,1.77
214110,47.94
220321,5.93
23026,12.62
62961,21.53
65157,5.555
278354,10.695
292711,12.86
27579,8.0
56203,33.38
167163,13.1
32853,22.62
143309,17.39
8521,13.78
251153,5.254
66007,19.33
6109,17.9
295617,27.55
18164,12.07
257039,7.258
206686,20.25
102265,37.12
220907,19.61
72008,20.34
207073,14.28
61342,10.31
112467,32.62
174149,19.69
8034,5.16
99182,2.021
186369,11.59
60169,19.56
31532,6.79
125228,20.3
224919,10.67
224961,9.586
256913,6.066
268461,6.203
148639,95.56
73217,20.38
30880,9.14
58149,7.723
203531,11.766
59449,15.72
254086,11.305
52637,14.05
197711,27.83
246717,9.586
59512,4.617
100929,152.8
168762,6.562
214000,50.0
297188,7.37
45378,9.36
19443,35.8
292435,26.5
32589,8.66
278912,32.12
123655,8.14
50989,11.914
90730,74.8
142643,53.28
46232,11.18
43756,25.81
129964,23.52
220848,18.66
56642,12.35
120933,6.773
108275,18.89
37733,24.0
143503,18.31
2490,47.1
65127,8.51
40845,7.605
92770,13.58
36883,12.88
264672,17.8
295028,11.99
41198,4.832
194585,10.47
117895,22.67
48907,48.3
122696,19.8
30005,3.752
20628,23.28
18022,58.5
164871,24.64
203346,14.766
203128,8.016
117483,34.88
266480,59.2
224324,17.66
13766,16.08
146396,14.43
59626,11.766
192768,21.8
129668,10.47
149890,4.74
151123,4.594
209391,57.56
60405,20.97
242877,14.164
51343,27.38
209959,11.18
228595,29.39
51961,29.75
233733,26.89
95076,5.754
253667,3.611
118568,12.07
66191,37.62
195742,88.3
168798,4.863
216690,6.26
187880,7.18
298319,3.87
138122,88.7
256414,12.12
69865,8.125
276951,19.69
57820,16.05
297278,9.24
25949,9.16
184192,8.945
141429,39.97
108522,14.984
75731,4.55
30691,16.31
149300,46.72
240362,9.336
202761,4.676
151747,26.67
214094,38.62
95088,6.023
220112,3.494
120743,9.08
217354,16.02
271597,12.51
261093,9.46
6100,29.62
196393,65.6
273115,5.15
225157,27.05
73714,29.62
179299,10.266
44117,5.93
52743,11.4
46553,10.78
6047,10.805
164717,68.56
262914,28.75
193162,43.12
48151,7.293
10577,16.45
156188,17.77
148820,53.6
281798,5.88
111962,5.867
269352,6.14
201511,16.83
241621,17.05
201126,49.0
191310,2.662
104320,7.723
208862,8.32
49212,5.668
163090,12.73
156261,3.785
106560,16.28
188389,18.39
113391,12.25
174567,23.14
205012,16.83
219619,4.598
104423,21.19
224761,12.64
93793,4.098
256596,23.28
124093,2.41
210368,6.043
21326,12.94
37102,22.67
17188,8.945
224634,23.23
61084,2.848
151051,15.36
155071,25.66
227338,20.12
99538,73.3
291165,5.76
119761,10.695
292073,9.56
209492,27.66
178424,30.11
100684,4.816
66954,42.38
103941,19.0
188205,20.42
126616,31.4
149183,54.03
247344,24.05
121298,11.16
24170,14.31
165555,18.55
97615,12.305
44694,32.3
91761,7.83
160179,6.184
267651,2.48
152533,23.28
270062,5.676
54349,6.246
146281,17.5
240065,33.3
201733,45.44
243786,22.03
168582,25.92
288116,4.566
260178,6.195
265278,15.78
79268,6.58
258728,3.494
278255,6.562
148308,23.95
216873,29.03
18214,24.48
216399,37.34
87275,8.805
171210,14.37
186030,11.26
247730,8.16
130648,38.25
100397,20.89
238695,34.75
151942,16.38
168314,5.29
94309,11.82
92968,6.14
173530,16.25
152830,33.5
251472,6.176
89276,21.94
251219,23.61
194607,11.086
219846,28.69
64803,16.9
85971,21.67
199329,9.28
129364,12.15
81625,7.035
155828,17.39
182180,9.875
115372,6.266
272652,22.44
116225,37.2
128860,9.86
72231,4.28
130435,31.92
206211,7.31
187702,14.19
172460,10.74
287950,18.39
268991,52.75
289028,9.26
116172,1.974
285896,19.36
156506,4.094
293180,22.62
131861,5.227
163168,7.64
164001,6.52
257008,4.332
31872,23.23
117178,13.78
247285,3.322
84561,4.266
10650,13.13
216024,15.14
57023,28.45
12195,16.38
143823,28.05
111744,19.44
58603,23.19
226001,14.28
284354,1.777
27374,3.096
24114,9.77
252631,14.25
151788,47.75
31420,5.242
116693,124.94
70336,17.94
193307,11.59
193469,4.61
232367,53.28
296928,7.49
226523,7.688
284937,5.258
269255,55.12
155752,6.805
74530,16.6
183014,18.81
60640,6.348
40823,13.87
242459,13.61
228452,7.098
105204,13.02
234710,46.25
228579,1.75
182687,13.49
93081,6.73
101744,37.12
47505,20.47
63071,4.88
206972,37.4
196645,83.25
271927,6.562
89012,17.66
248060,22.2
248067,2.943
201338,13.38
74615,14.31
218296,2.611
263019,25.97
97071,39.03
263383,5.18
85689,2.86
42155,8.71
167698,16.6
13705,12.484
144556,5.86
246459,12.56
293013,28.86
76212,12.016
101606,18.7
172610,27.0
243908,18.81
124755,24.44
214590,12.62
91941,21.02
134014,7.67
173956,2.273
259978,7.273
77379,2.697
143170,1.934
18079,79.7
236248,1.777
202265,13.24
242360,8.266
230247,16.9
254811,27.94
5442,44.0
147385,40.78
82618,7.59
268048,11.016
286423,11.57
145129,29.69
144272,38.3
65002,30.3
287293,13.02
81926,7.49
21093,59.44
102010,15.85
178554,9.875
117108,14.64
222614,9.836
249012,21.06
275288,6.58
133884,8.484
274688,11.086
148050,10.74
92899,5.605
221508,22.16
137930,6.06
63964,12.62
252716,19.05
76460,8.21
84293,4.125
91073,36.44
153227,6.91
197588,33.62
32717,10.49
101251,14.34
160123,9.836
244953,6.133
260641,15.88
177019,7.18
153889,13.52
54138,26.5
17289,8.695
283115,27.22
258666,10.05
62734,10.445
213437,14.4
140137,2.668
107894,4.46
34462,5.54
248644,11.914
124635,18.02
171852,9.5
164203,6.758
169142,8.55
284659,5.02
230172,20.34
266594,6.21
291293,7.64
152177,25.14
67228,9.92
176655,5.773
5107,71.9
132652,28.52
260197,18.31
148860,10.99
250071,27.77
284012,19.28
206324,20.67
98569,2.785
295004,20.12
172625,9.336
279592,9.55
157343,106.3
280780,14.92
287368,4.016
1476,31.28
227097,23.0
145081,49.2
177239,15.88
212033,18.23
277015,6.73
32015,17.39
258305,12.09
54282,19.36
226367,16.19
53887,23.8
182451,7.93
124318,16.66
79849,8.32
280377,45.78
64313,24.44
281180,68.3
179878,25.81
95530,72.75
272384,7.93
124425,17.5
282417,7.355
186667,27.27
219405,13.19
277705,32.9
185203,7.438
173189,3.068
169415,5.83
291,10.695
250303,12.99
287150,14.64
4415,51.0
155827,10.31
21095,75.4
84063,8.805
288144,13.1
110378,30.3
56000,11.87
2816,5.08
40662,4.184
55059,11.2
295555,9.56
141404,8.71
291179,9.36
295893,27.22
250905,6.94
18244,75.4
51844,11.28
73664,29.03
294843,15.17
73927,58.72
9805,3.56
67099,11.23
125654,18.42
125218,11.74
241923,11.33
250821,5.703
35166,10.31
282507,1.691
195268,61.6
27802,9.836
278640,69.1
102315,37.12
104253,21.02
251376,1.913
55278,15.914
121982,44.44
115270,30.11
27065,7.355
2950,36.1
183783,4.18
117857,77.8
289024,9.44
250849,19.28
150550,2.59
27559,28.92
135088,3.348
247571,9.65
279989,19.92
203083,22.25
28449,10.92
61150,2.357
292546,13.9
193713,8.18
240869,47.47
186001,17.08
218353,27.22
99926,4.42
59994,19.2
229549,16.25
184509,19.84
158017,10.805
119382,4.523
284450,3.637
115939,15.46
276486,3.477
37027,3.21
180970,14.28
183900,5.598
54664,6.29
84517,11.016
231075,23.7
164607,18.2
30587,9.69
52641,19.89
83418,8.375
145450,33.16
38495,6.58
66031,26.19
84436,27.38
29624,90.8
153891,9.92
209288,22.2
52626,15.234
175402,5.383
236992,29.69
54252,8.04
205334,24.73
73672,10.92
89614,9.69
253863,4.297
33135,4.508
79710,10.31
295621,8.125
78736,2.2
208662,11.766
38319,6.367
147163,102.6
151396,16.8
102896,15.72
267924,23.19
284811,5.16
265677,94.8
104719,14.37
212231,13.58
201111,21.11
3113,14.37
134515,5.766
281245,5.125
172766,4.58
9647,14.4
188364,3.752
199872,5.465
176992,24.48
113986,12.78
262636,9.86
254738,12.83
15375,43.66
198216,13.414
119450,40.62
14098,15.98
213532,5.297
124475,17.0
98129,26.72
70369,16.6
9699,22.16
221549,12.05
274378,11.87
207885,22.72
69842,16.08
273246,17.19
250166,8.79
114459,25.97
161859,12.15
29957,42.97
290417,13.664
225753,32.78
131744,29.2
269622,14.49
229291,43.9
145105,30.36
248402,17.83
77044,6.82
260657,6.52
218204,40.78
212032,64.4
241418,15.945
210629,33.22
153153,15.85
174886,5.555
287019,19.08
145481,33.9
265103,12.07
258165,7.914
119184,9.81
283249,20.77
75169,8.36
256878,17.61
227332,22.2
88474,9.12
184676,1.956
204912,7.67
61290,115.06
178468,41.7
114009,27.48
102883,18.7
138529,6.973
220379,10.58
230845,4.16
251581,7.21
287786,15.016
197784,115.94
1808,28.86
22458,2.104
60015,9.664
238991,13.9
229878,6.637
107278,27.27
198426,19.36
256377,10.47
139597,5.18
68801,11.87
226039,5.914
254397,6.21
181686,7.742
120242,11.35
70299,10.9
151657,24.3
270037,4.023
134444,31.92
77401,22.9
228780,11.99
271364,6.367
199941,15.98
19148,64.06
281203,15.75
46837,29.33
181208,16.77
295397,7.05
183052,4.24
102469,26.3
290166,11.49
207223,35.3
4500,12.484
150024,2.664
74136,14.52
114154,16.42
66004,19.05
95333,4.055
104501,30.11
133999,15.05
137950,13.93
229580,27.44
277059,7.52
31203,4.035
189495,12.59
146570,59.66
285631,10.58
280208,25.4
245877,24.05
136043,5.18
203597,22.16
227811,19.64
129004,14.83
172772,7.258
297471,15.42
216237,7.758
139679,7.066
296440,8.07
248238,14.46
133722,8.266
71608,25.92
191800,4.742
106463,45.78
112214,12.67
295363,17.08
63251,12.54
48963,5.3
280894,2.107
169558,4.78
63107,38.4
26056,8.43
64190,27.22
182672,18.39
250121,19.4
69186,7.293
64242,16.28
180709,8.6
190221,6.066
250407,30.11
242989,37.72
197812,62.1
203268,14.19
134696,11.086
2773,8.055
102527,17.33
128767,81.3
114308,19.64
151479,12.016
288416,12.35
293408,13.05
35372,1.908
220443,18.97
207671,12.86
121916,33.72
83016,17.83
201452,24.89
173154,9.02
214719,16.6
268261,13.24
225511,12.54
246440,28.62
185415,133.6
229946,10.47
62425,8.4
160375,14.67
87183,9.65
57767,18.97
81218,5.664
286183,14.8
99527,52.66
152167,29.03
8075,37.62
237161,12.94
110199,6.883
80127,28.0
275398,60.16
85508,136.8
87361,8.62
41095,2.936
105661,12.17
68143,54.03
165325,12.43
31774,20.55
206625,7.504
113231,46.34
82996,8.6
84736,11.28
32409,12.05
130476,9.4
167222,3.656
205951,20.3
138673,28.52
67361,10.2
153819,5.383
157199,62.34
146325,12.62
99090,9.02
268536,11.375
298838,19.97
144784,12.59
161031,69.6
198167,37.25
31714,6.79
170293,4.04
37020,3.482
87570,4.15
51547,39.56
196783,42.2
275702,11.18
137918,20.8
55898,22.16
254951,5.535
141857,7.773
43048,16.72
89857,17.36
259909,34.88
188047,9.1
278958,29.27
282807,2.998
205111,32.12
128290,6.758
165031,37.4
184397,5.92
194745,33.16
105521,16.11
262376,3.592
186092,3.97
71222,36.9
209429,36.3
194836,2.41
87137,8.4
269926,15.46
276636,7.438
252779,15.05
171473,2.004
172783,6.492
180201,7.195
264838,3.447
27300,5.895
119843,7.42
14515,115.06
97762,5.79
269311,9.75
209235,9.336
178358,2.562
148048,20.38
243567,13.52
221239,21.23
187587,13.3
12158,6.94
133597,9.32
199934,10.336
2936,8.6
221433,3.908
125788,13.58
10439,3.348
288347,8.96
152224,23.33
204888,7.117
157796,17.9
80718,6.867
91664,5.426
23827,6.773
203773,1.737
58351,28.17
62036,10.01
226088,5.65
252966,20.34
155795,4.867
174723,6.652
180048,10.16
240939,99.44
66388,31.03
296631,11.23
147037,25.81
140759,35.8
231528,56.22
261112,6.07
92831,2.084
287411,2.484
93699,14.7
255930,7.473
128927,16.28
144193,13.52
77647,6.867
128877,13.95
248370,8.67
257717,7.605
55086,13.73
52997,14.22
220599,16.72
41161,18.39
20595,30.97
40979,9.625
240792,38.88
52199,19.77
262582,16.14
4817,8.484
165490,7.52
137156,23.75
184847,14.22
158204,13.49
880,10.24
78288,10.6
174927,3.125
72998,11.64
274029,7.984
94858,2.229
127137,13.49
281231,21.84
22530,9.92
24038,35.72
71072,19.64
229787,23.9
10461,36.6
34464,4.188
269592,17.0
6350,18.92
206770,2.58
245466,15.14
50946,148.0
270898,26.83
239956,22.9
25069,4.16
109346,15.36
21916,6.445
278417,10.336
99303,16.25
106919,18.62
239526,23.84
246954,13.33
146931,51.3
266823,19.56
106060,11.62
8766,66.7
267601,26.08
273194,8.45
262965,11.57
195195,36.0
202129,12.83
200108,32.97
146098,61.84
139481,19.48
166719,2.047
233171,53.8
207951,19.72
112017,8.84
187810,18.31
209178,91.5
273539,24.48
22292,40.62
131170,6.22
46247,6.023
268581,6.58
161132,138.4
133741,3.646
23155,4.875
181203,26.08
64741,36.3
243651,10.85
145208,30.3
128796,28.45
32384,6.715
143970,25.81
118977,54.25
129982,6.418
13057,16.19
55204,81.3
296700,12.51
82707,5.94
120755,20.55
32928,71.3
298086,9.625
92039,13.81
220192,21.58
104376,21.14
93777,3.902
269917,17.08
246009,82.56
252618,19.64
227509,41.94
198829,3.98
26731,9.984
52809,6.652
14372,7.707
248561,69.6
160143,13.16
190394,15.586
147182,16.02
29427,3.434
20838,60.38
155305,19.89
231277,37.34
228554,33.16
88981,11.664
233838,10.01
655,17.9
299279,9.14
280216,12.73
244178,11.64
51498,8.305
37224,9.12
250204,13.22
293592,23.84
79045,14.49
179989,7.273
207286,14.43
253602,11.64
282230,3.818
207705,7.656
278254,9.8
126578,10.555
217944,17.22
291776,53.06
247071,6.94
85207,8.266
184973,7.64
229894,1.785
199364,4.684
2131,54.47
277504,6.652
206746,45.6
123996,6.805
152831,32.78
160517,5.21
171527,18.39
27869,8.016
68848,26.3
260325,36.75
177989,2.951
103575,6.125
138597,37.88
192450,5.11
236401,21.89
216070,12.51
37998,8.4
154439,44.2
1395,56.22
71318,20.47
106515,14.89
256726,9.9
31004,13.35
191481,10.83
247089,45.97
22005,9.02
233862,12.484
92538,2.033
76814,10.13
271875,6.973
282799,5.258
278430,9.92
84288,4.66
246121,24.69
29281,11.49
212997,20.72
103974,29.45
54038,11.84
255789,8.04
40414,2.041
86789,12.23
183849,3.908
271477,16.6
134960,18.89
81153,13.414
13819,60.88
268046,13.9
124315,18.28
181265,3.945
94721,9.08
84806,23.33
139292,17.44
259695,13.81
211286,55.78
225350,16.62
245527,6.79
185466,5.707
186450,20.94
11872,4.93
268225,4.254
63256,11.47
139691,24.89
176521,3.598
127519,16.22
182441,10.85
148019,50.9
17687,17.61
223624,4.46
280015,16.8
6110,17.61
209910,20.34
81646,12.27
111170,24.6
74477,32.62
177003,2.197
123399,14.37
161857,58.03
46905,13.58
78341,17.66
31731,7.688
272920,1.948
125661,15.42
297315,30.05
225859,25.45
28257,3.715
167482,9.336
1283,20.38
53134,21.8
7100,22.39
270419,3.186
128679,34.88
149310,65.4
168676,29.92
76708,2.379
285141,33.3
107134,6.24
167924,7.098
123966,27.77
177849,29.75
280042,10.875
227057,11.42
293492,12.62
98535,27.72
77273,3.826
167722,19.28
283665,5.043
82058,15.945
185242,7.49
114859,3.5
233270,19.69
150398,4.625
48211,5.047
193058,61.34
108200,21.84
7207,63.6
43628,6.297
139496,26.67
106450,13.984
289467,5.81
36504,4.316
54733,23.84
285292,12.51
143567,101.0
183894,6.07
219600,2.457
223327,66.2
210102,8.805
130020,49.1
71777,5.996
161282,25.81
285651,1.928
121145,7.742
261356,23.9
10844,96.7
153518,25.14
275976,3.646
117929,5.285
83516,7.133
181349,7.895
45442,13.61
497,9.73
155524,28.45
224114,16.8
142840,42.28
222108,54.47
130114,16.77
78198,34.66
223443,21.98
175485,32.78
86108,7.59
138611,5.695
214102,38.47
294547,30.78
288978,3.941
20278,17.9
167235,14.25
188359,17.28
63966,13.44
140412,6.91
258296,10.76
218072,6.113
261679,17.36
227636,23.56
152181,11.82
78369,87.6
299179,7.42
294335,7.914
2041,107.2
207935,4.605
178228,7.965
210477,11.695
62997,8.47
128308,124.44
69275,48.72
102853,10.6
160036,7.15
163304,15.914
11761,46.16
188268,17.22
93810,2.34
234472,5.54
263091,135.2
1272,7.37
237862,79.7
260817,9.65
31297,13.27
258355,132.5
108279,21.45
248375,3.271
38841,4.85
233409,19.72
67780,17.69
148202,23.0
55136,151.5
157140,8.77
22967,6.094
60161,23.05
220704,11.11
189459,24.73
199505,6.742
280531,14.95
2779,9.945
281147,17.08
170898,45.16
124044,24.94
42954,28.05
180761,11.11
107169,11.33
294507,13.52
139202,14.92
61532,8.375
51155,38.72
172582,13.33
175562,2.709
236551,22.81
193757,12.88
60568,37.56
27171,4.703
271348,15.42
269139,22.03
185813,15.42
165744,13.08
110795,7.723
193053,13.61
17994,17.55
158717,15.17
258824,12.016
205171,6.73
18193,39.5
222311,33.38
162589,6.12
93690,2.188
55707,41.53
238297,28.62
178277,137.9
218238,20.64
56579,7.965
169638,2.727
80711,10.03
31096,10.31
80174,28.69
215895,8.52
22320,5.406
220539,18.55
57270,9.56
194601,8.84
50847,44.8
131718,17.44
107057,14.34
140705,8.77
14011,7.914
256381,11.4
218570,8.945
171225,4.277
295456,22.58
52718,28.92
222833,14.64
84420,7.324
132962,20.05
232897,15.88
220189,27.27
262208,76.0
5996,54.47
137238,3.965
200522,13.58
172778,7.15
254859,8.64
57997,16.83
123585,3.14
224814,7.555
165052,2.715
29573,13.08
151063,13.555
268235,10.445
69874,2.92
72430,23.7
153322,12.15
212502,12.12
265233,6.35
97033,4.953
4871,12.914
255004,22.48
263438,14.28
257689,28.62
51368,19.84
23542,40.53
199719,4.953
123117,17.55
66773,33.5
238633,120.1
269023,18.02
286579,13.52
119807,3.836
278079,14.95
19541,57.56
257169,5.297
9274,19.17
274599,5.586
63707,22.67
50217,12.94
43133,20.25
201351,5.266
105938,15.2
291428,18.31
264345,9.44
124491,27.94
221863,2.814
253015,9.86
226010,8.25
146348,12.97
212144,11.89
183862,4.44
65697,17.98
14415,26.94
152637,5.65
53527,63.1
133247,12.94
140045,4.88
55940,9.77
70974,16.94
199475,16.83
51409,59.2
279600,10.16
196899,7.324
295923,7.324
119900,2.797
206195,8.55
137403,1.86
138183,5.887
278653,10.266
245764,41.34
79506,23.8
161626,63.84
269662,13.49
153936,41.03
154120,12.73
59339,24.73
219227,3.322
185363,7.83
187511,1.997
60016,13.44
220754,19.69
73470,30.53
75445,126.94
16909,18.02
44488,84.25
262609,15.98
168570,13.414
286504,2.379
8637,27.27
58515,9.32
22553,24.34
149255,35.5
223851,25.4
194345,16.31
26237,16.77
17263,7.984
120865,124.0
1649,55.56
219621,4.363
95938,2.168
262614,5.773
154764,36.97
198488,26.83
259930,5.285
262333,17.28
52178,15.586
122578,4.312
115926,13.58
15483,28.86
48375,6.332
207826,3.592
119740,9.92
20004,25.72
96542,18.2
248242,15.08
144937,79.7
15559,45.16
143547,43.56
259733,19.05
234742,10.336
206905,16.02
87820,6.805
213454,29.03
149628,7.406
216556,13.61
273517,7.504
192561,11.74
173185,12.43
118432,5.656
87987,9.6
221990,5.645
229742,4.137
236339,11.914
287590,2.35
126410,3.748
202426,22.9
279051,20.67
25904,18.84
210717,33.72
258874,10.99
49586,8.734
194986,8.58
280815,9.586
282324,12.38
278762,20.77
210930,11.914
175216,7.004
272824,8.375
133926,6.773
85905,12.86
33784,4.844
246187,19.17
276608,20.1
176003,15.05
53544,28.0
91100,23.9
133641,7.81
244225,14.05
298674,9.625
156289,13.19
89368,28.0
8386,42.44
211867,51.4
295327,15.08
160195,5.31
120584,29.86
149934,26.78
288636,7.293
203752,21.14
33651,16.02
281982,6.637
48099,6.367
199322,16.14
125485,4.637
36149,6.125
57988,36.66
112502,25.92
213455,51.0
26127,39.72
260896,3.984
10926,23.52
221956,4.66
220371,11.84
50456,19.89
243354,37.2
122254,14.984
167774,13.695
295202,4.645
183764,5.953
242832,20.8
151300,20.42
275711,11.11
216882,27.61
109133,19.89
139067,25.0
49643,6.867
271416,26.4
244640,8.77
230927,10.23
223495,22.44
105880,15.81
50871,33.72
291269,4.812
221605,6.16
225541,18.28
74738,17.47
40102,8.47
297070,18.5
238303,28.34
236034,19.25
158138,9.24
244748,15.36
183996,18.55
170037,5.855
256019,4.51
164273,5.895
241823,21.31
113085,21.62
51483,143.4
129435,43.03
267414,16.02
142829,37.12
14578,14.49
181488,15.234
47427,4.06
228224,7.293
147482,10.266
14952,2.844
75006,8.07
181636,1.931
183498,14.64
248594,15.42
284034,21.31
64727,52.34
233329,4.266
140996,26.23
148905,17.69
53780,27.48
239002,16.22
124782,9.38
157936,8.62
273364,2.484
181998,2.89
144449,4.27
3209,4.004
162599,12.51
166222,20.17
225907,6.434
203386,6.73
195666,82.25
137044,12.94
266556,4.566
145588,37.03
199417,6.55
199205,14.83
285988,9.55
13606,16.42
261031,23.47
241112,14.22
189039,13.38
68611,53.6
87503,12.67
54197,26.14
11127,15.08
75222,2.373
21560,27.22
130902,18.78
275544,8.45
204201,10.945
206844,33.16
620,8.984
274800,3.357
31718,25.72
63557,12.94
97596,12.78
160224,4.402
5917,47.0
180828,8.55
29446,4.152
218130,5.57
257933,9.24
275672,14.13
112472,35.72
299190,6.375
39961,6.926
200611,14.89
169497,14.31
261993,3.54
194518,6.668
206348,9.22
220800,19.17
267718,29.27
240918,22.16
102607,23.0
165612,4.348
259560,9.77
46895,9.24
123172,10.78
117312,18.36
29137,13.81
232277,11.82
520,5.375
129226,20.05
243690,11.42
171196,18.17
274772,4.54
19512,27.16
21265,15.98
199785,3.117
199703,2.97
190937,5.723
260560,9.26
226265,20.22
63249,11.33
61202,10.875
25164,14.19
251284,3.832
91350,6.594
221303,13.64
113738,3.426
187802,9.52
266526,87.6
1453,16.25
199609,10.51
112925,13.3
114852,28.62
63125,26.56
49597,31.16
235342,31.73
209818,14.1
252556,22.08
57006,36.0
259039,16.6
258811,6.715
239122,21.02
125010,131.0
274077,7.605
39363,8.45
176626,2.68
216459,18.7
250465,33.22
218518,5.254
215661,10.6
154541,21.98
75647,10.09
42477,9.71
156628,122.06
293832,9.42
159297,103.8
19825,55.56
82710,8.484
120751,6.504
247270,11.016
166907,20.77
18544,4.766
109207,13.38
55171,30.72
143240,83.9
61564,51.9
183218,10.53
226933,4.16
275765,4.65
264804,1.908
12440,16.94
115069,12.75
260991,4.42
41247,10.555
49074,2.59
217969,25.88
273735,5.03
165410,3.67
238396,6.324
1990,52.03
125577,6.79
106846,26.5
92750,13.95
162755,30.6
243132,10.31
142674,25.92
250077,11.375
33815,45.53
946,17.9
268052,3.105
162919,7.117
222122,10.07
180091,14.13
73274,6.758
44275,15.016
33215,22.3
144003,54.7
272248,12.484
149095,99.0
66628,23.8
76084,34.25
99660,94.06
196108,66.94
127716,15.62
59916,6.46
281967,11.52
184502,6.504
144076,87.6
169376,2.514
61535,10.67
37113,1.934
271925,5.402
239324,8.43
124344,8.96
242055,21.19
86483,2.209
293791,3.852
18071,16.72
100252,16.72
218984,8.88
249782,12.23
137763,15.14
235502,56.9
188786,4.844
38323,5.234
137632,16.62
48947,11.87
63058,8.34
149264,48.9
52177,7.406
217570,47.1
178676,9.32
231930,59.44
171914,4.492
244812,23.7
97992,34.8
172848,6.926
65373,24.05
84070,17.58
44674,10.72
65493,10.76
287949,41.78
289683,7.52
237602,27.66
240259,40.62
64327,44.88
246081,25.45
74501,8.234
78572,17.0
37795,13.13
70103,39.97
269849,2.045
24409,6.99
8958,6.758
226944,43.8
247560,37.25
276337,5.066
164433,12.54
158242,7.742
93265,10.83
219511,27.44
48919,11.914
122292,15.266
49410,23.95
284740,7.324
87406,17.77
193094,7.773
48928,22.03
286060,7.656
264436,10.49
170017,46.9
290083,15.46
196763,17.88
266155,2.354
245088,23.05
273826,34.03
229053,49.3
255501,6.652
64428,85.56
15616,17.61
251427,10.2
160772,27.33
192977,23.84
221529,43.9
131836,27.89
234636,10.78
187846,12.23
83210,15.05
23589,12.94
222243,24.3
66090,11.4
136102,11.086
133880,35.72
80265,7.758
30820,20.3
44191,30.3
10742,12.54
146772,41.28
190840,11.04
293105,6.492
289972,8.805
56056,49.4
284282,6.82
215960,18.7
75358,1.871
119060,16.22
225107,16.83
90120,7.242
48693,8.34
18944,2.102
144953,71.6
76660,4.402
68468,16.25
251332,12.59
136743,1.802
198959,17.47
13062,14.92
267269,9.625
215472,19.08
110822,44.44
246804,21.5
19028,56.22
110528,31.4
232480,12.73
51412,6.758
265673,6.402
227044,9.3
2125,121.56
127233,6.477
73678,11.84
162620,13.08
234707,19.48
251282,7.688
75469,16.94
247919,7.844
75631,12.86
150067,8.75
162684,15.85
154486,8.79
5007,7.83
92885,35.88
1989,67.5
7991,17.47
125965,53.6
296599,16.52
236861,13.9
7673,14.67
29803,4.094
62697,17.39
217960,17.19
93146,5.855
141195,5.496
140,7.273
79656,8.16
76755,6.61
214412,20.8
116906,5.605
78535,35.94
232527,9.38
288088,15.016
97298,5.137
137802,41.78
279395,13.87
81288,18.97
82588,13.24
60431,23.23
166994,16.69
79615,5.49
245384,12.05
244521,17.14
36148,6.55
163738,3.664
92738,9.625
283659,4.18
72015,5.83
244464,2.406
292798,6.15
47280,41.03
148234,1.945
44206,13.836
25224,10.51
3878,16.25
289956,16.48
81642,9.73
19320,53.8
282619,8.195
7464,33.44
63986,29.86
58732,13.47
65419,14.43
260352,3.57
25347,8.125
118554,40.28
75155,5.97
20114,11.305
97907,18.28
164588,9.75
294441,24.84
1388,61.84
233152,16.08
263177,18.66
176140,5.914
75562,2.084
58646,23.0
131970,14.4
173337,10.555
57223,45.6
64735,8.734
293138,14.07
77458,17.36
185827,25.5
217434,23.47
149997,33.38
50008,11.33
36076,16.28
133304,13.664
279218,8.62
7276,20.25
106855,5.137
104951,14.7
148808,24.94
130010,28.8
192101,123.0
252339,11.13
206750,7.355
192966,26.19
249344,16.42
259368,7.895
206126,25.97
163829,27.77
156534,2.672
179327,16.97
257862,37.88
213473,58.03
205448,11.695
185531,9.8
46126,7.438
284146,6.434
99665,19.84
129449,25.4
164937,18.89
147703,82.25
139921,7.914
281348,6.91
6862,38.78
189133,17.22
55524,8.414
143264,104.25
56960,9.16
230937,10.05
249906,12.195
39381,18.84
297758,8.29
126495,13.78
68188,16.22
170712,15.266
11579,9.22
132856,13.19
921,13.64
2586,25.4
204154,24.48
275610,8.55
124612,12.97
133638,34.75
169599,6.7
291577,17.61
264506,4.168
88925,3.045
201181,14.555
218452,13.61
169783,20.55
124021,33.3
13927,25.3
263722,3.729
51014,6.434
7965,27.83
108246,21.84
103952,22.12
30167,10.01
249590,9.6
90787,8.34
134017,6.316
30323,24.23
185240,35.5
76190,7.082
133130,28.28
53646,21.98
54399,14.95
74159,20.05
181397,17.66
69415,7.62
211666,16.55
163272,7.707
226736,12.41
234061,13.52
153462,9.65
84459,44.88
23319,21.14
19590,14.46
235350,29.98
200025,13.47
73472,39.2
289601,18.23
277764,11.87
16072,7.758
129730,3.592
100031,20.6
284264,2.254
58476,31.98
15365,18.17
109488,19.36
145646,49.7
182044,16.77
46143,3.037
257819,2.426
36814,18.42
77303,3.084
3272,5.99
112794,6.492
209078,14.92
78550,7.88
70736,11.016
212913,15.2
238727,18.58
181647,8.36
58846,8.84
167154,37.4
172893,6.867
134166,23.42
252186,9.9
34078,23.14
46202,2.895
6027,21.77
84790,30.23
131965,7.54
27399,14.34
106744,4.293
14441,19.72
290114,18.17
187090,19.64
187879,7.54
131517,22.48
109560,12.83
75903,8.36
121815,29.16
291411,8.47
146869,16.42
240095,20.02
103931,19.89
116799,27.44
121772,72.5
995,21.06
12560,17.66
173140,8.71
61207,5.383
134492,33.5
20949,54.47
135966,17.9
30823,17.14
20037,37.78
93348,7.406
230480,5.812
150207,7.707
113897,4.332
255452,17.22
121585,21.77
234544,19.89
81046,5.508
15258,16.45
272408,3.656
272064,25.72
75938,17.44
246892,32.44
13596,20.67
120736,50.1
191793,3.646
66821,14.19
159646,11.04
173179,12.805
32224,16.25
257938,42.97
74042,25.97
12124,22.08
142880,25.77
181509,12.43
279149,7.86
153660,5.375
293707,10.35
159490,18.12
152213,25.81
4564,94.44
58108,26.23
4645,13.61
125158,5.34
54964,19.61
5946,9.65
8332,23.66
128363,3.86
274953,16.14
162701,5.887
78878,8.18
137111,3.152
264713,81.94
282245,3.57
46117,18.55
282056,16.05
169894,1.997
108767,12.78
175785,28.62
100509,11.33
180145,18.89
236051,12.86
22029,8.55
256102,8.88
269396,7.42
252853,10.555
286826,19.69
27568,28.22
94833,11.26
441,2.727
69521,23.38
88702,24.94
192173,12.305
6884,35.6
42374,9.77
91912,32.9
95438,7.895
212956,9.3
120772,24.23
102963,13.78
205636,28.28
125873,15.65
82885,13.984
133126,17.88
33336,4.812
85118,7.242
253513,22.48
296755,16.97
140782,17.77
206041,1.902
27365,6.684
295346,28.52
83926,5.742
204094,7.15
137106,8.67
24342,10.23
140550,3.404
18882,56.66
93167,3.72
172833,3.646
219744,19.69
239523,18.89
16622,5.33
295376,55.78
148854,55.56
256418,1.971
174485,13.05
71966,14.734
44673,16.11
135128,6.836
293344,23.95
67772,22.95
185875,8.77
80901,56.22
221313,15.65
267803,11.11
243436,23.1
294448,24.34
171219,4.527
93372,16.08
141634,6.035
177816,20.67
298716,6.297
143777,97.5
92377,102.6
62412,11.42
84264,11.33
164212,28.17
194726,19.8
100208,19.61
279113,15.46
46520,12.15
5113,53.28
110299,7.02
3702,22.67
263811,12.62
229524,10.2
95089,7.914
295537,14.13
157366,123.0
233358,31.98
185384,12.94
53092,7.504
197404,21.23
184479,10.24
12090,30.97
240808,19.05
167187,15.85
174923,7.02
21562,2.07
51743,8.25
46153,10.03
274860,2.822
262236,15.3
105068,19.92
103937,14.05
47670,13.414
232307,7.117
231734,28.45
25072,6.23
9094,10.97
62156,9.0
268738,6.883
226824,6.492
262222,129.0
5984,9.12
160430,1.8545
237803,20.34
209251,9.195
281445,33.9
182551,15.65
102214,12.62
173447,9.586
10223,16.94
281748,1.852
179620,16.94
26356,1.698
74172,5.99
238215,16.55
279735,3.574
169192,6.23
249763,8.45
45778,53.28
5086,73.94
96760,19.77
188267,41.94
58411,42.7
101084,4.742
241154,11.42
178252,30.47
265781,7.098
7088,26.03
46815,8.87
91452,8.52
295403,17.55
662,24.05
176633,13.19
43534,8.734
69142,23.1
40956,6.07
31981,21.67
79481,2.12
296929,7.742
144595,2.58
184211,18.12
138137,4.312
232537,6.85
129521,25.81
298668,12.78
89819,12.62
108476,19.52
200271,11.06
67503,16.83
32921,43.47
62226,9.06
146999,37.34
287989,34.8
63366,27.05
74465,25.81
34297,14.28
194868,17.39
209293,23.56
192687,9.586
187411,21.36
31547,11.82
184425,12.33
225093,4.766
180799,3.297
208055,33.84
148425,7.082
15572,21.23
293243,19.12
262566,20.8
126017,17.19
13228,19.64
46631,8.11
49342,19.4
64635,22.03
227403,6.91
220936,2.672
200030,8.11
271997,25.0
69502,33.97
233363,27.89
136755,8.14
109221,17.33
227489,20.72
250487,30.9
118931,11.445
35108,18.17
193641,15.75
948,12.83
111498,15.3
86520,4.047
280270,3.938
116992,12.17
163226,2.068
93751,19.25
266492,11.11
203371,11.375
16859,7.242
17746,6.31
250127,11.74
69927,5.5
239433,11.33
42034,3.129
12799,16.42
278672,22.9
1729,20.84
274083,23.0
108544,29.39
276166,3.908
298437,8.984
41260,8.695
142004,80.6
133273,21.02
296074,10.07
97638,22.2
115201,10.76
285597,17.33
183590,20.22
194734,15.36
205511,12.25
155747,9.336
129462,3.469
1588,90.44
193054,32.38
873,9.71
203277,16.38
199588,8.18
227720,17.33
141645,24.6
4297,3.553
146594,50.28
31762,5.914
54458,47.66
131576,10.65
250873,10.445
67135,13.24
66429,10.97
50766,11.57
36073,14.67
71580,2.016
105325,8.51
126244,21.84
245157,19.28
288756,12.25
189928,146.2
91132,20.3
75110,6.46
227690,15.42
39626,5.88
207747,29.16
199503,5.566
64757,60.16
151764,5.11
245881,28.34
184867,9.9
31014,19.61
143876,82.25
119227,11.59
123111,19.48
236621,3.994
249442,4.777
112729,20.55
16921,38.56
125737,15.49
76491,8.14
241704,32.06
10297,1.908
271897,4.44
152237,27.61
42017,23.0
109934,17.61
182388,7.21
79867,14.25
229590,23.61
227787,9.14
294823,5.676
117661,29.03
60422,2.736
67545,16.52
190201,14.67
297044,10.555
100751,27.66
143327,11.64
210895,29.27
178629,6.445
29702,13.58
5822,32.78
67025,23.19
224091,6.94
93624,12.62
283428,3.29
104852,27.94
298196,10.67
206808,55.56
41114,17.66
223290,7.81
227493,27.77
140964,23.8
150562,8.67
291532,15.945
8592,9.16
9444,14.46
199633,13.984
125123,13.3
222116,31.28
228895,15.98
268807,14.95
230318,7.758
104686,22.3
184578,6.52
216469,11.04
31514,4.61
225346,9.945
42123,9.5
187662,12.305
114824,20.8
40931,22.53
9979,14.984
162190,6.125
266056,4.3
125101,36.3
211999,11.49
161365,7.42
144251,73.94
88779,2.34
230692,6.324
248517,22.86
28238,18.5
145689,15.42
183284,10.625
47699,18.81
31687,21.58
175350,3.762
233014,11.62
239278,34.03
35494,25.66
54609,10.24
38931,11.445
278118,4.62
283723,7.258
278788,9.71
261916,29.39
125483,10.78
3585,158.2
132394,27.22
107161,28.0
232029,19.77
151320,27.38
32256,2.299
238338,11.35
79586,10.266
245235,8.71
167353,33.16
187431,2.521
24802,11.4
242548,28.11
56876,17.9
240081,21.4
234191,50.2
280350,8.67
203358,30.66
194789,26.61
184375,2.023
278039,11.62
220944,10.13
80176,22.53
100423,24.94
93966,14.61
236820,6.94
179244,46.06
238937,18.39
23243,5.008
176487,8.734
42016,6.973
243094,12.38
41240,7.605
246096,49.9
65917,16.72
109887,28.56
238042,12.195
202987,27.44
202921,50.5
154294,6.35
138344,12.56
231458,20.38
234702,17.44
280435,15.05
249378,5.742
69873,22.86
57235,25.3
236033,15.08
225017,9.664
173306,46.34
76510,18.42
192419,20.42
149445,10.67
137960,13.02
33411,9.04
151749,23.56
51785,16.38
80009,29.45
220024,16.52
29748,6.883
21604,6.36
101833,2.62
19655,58.03
218045,3.105
228085,15.81
263159,112.8
29353,10.74
299161,9.06
65437,21.77
161083,122.5
50103,12.67
40119,4.926
264399,34.3
233507,39.25
138382,57.34
216025,14.43
25977,14.61
280564,21.23
250531,14.13
164918,3.064
33788,5.746
186377,6.26
104803,34.38
293362,13.695
188427,84.25
227418,9.06
208192,12.25
124350,16.97
293106,20.42
291769,42.2
249047,46.8
254353,10.01
234467,2.871
129314,2.766
183397,22.16
69439,10.266
199035,24.6
287628,3.412
72228,3.395
174652,110.2
217062,35.22
256101,6.39
142899,24.39
151266,8.52
113067,12.05
180165,5.125
14922,6.184
54988,13.95
246603,18.39
161958,26.67
212773,3.553
9230,10.12
121779,18.1
69046,11.086
285480,9.81
156524,8.305
31109,3.352
10445,55.78
120725,20.5
73166,12.97
155823,12.695
197075,7.67
35807,12.43
38177,7.18
158425,16.6
29508,5.832
11535,9.984
249987,12.88
263163,82.56
262391,21.31
95391,9.36
105904,56.22
64393,7.793
66524,18.62
229896,5.168
272528,5.547
239258,15.69
99188,2.264
17095,6.21
86878,28.92
280764,5.402
186672,2.59
267198,5.19
154589,20.6
12399,34.03
23821,18.84
294397,25.81
244250,14.64
213631,15.33
64392,5.07
21923,17.55
16522,31.61
110357,33.72
264642,8.66
159029,15.914
87370,6.73
103201,22.9
18014,40.88
8414,10.695
132444,12.914
137827,13.05
150563,20.3
272185,68.8
240775,10.9
151931,4.676
213527,12.64
4149,23.66
167865,8.6
174362,3.79
279644,5.32
257662,10.74
20632,21.28
179485,26.94
281005,22.2
39926,14.07
52329,9.56
226442,17.94
92203,10.58
247304,4.547
136003,10.266
151797,7.86
55333,15.88
159727,5.895
1276,10.24
18307,37.56
72932,7.035
57901,36.22
256949,15.75
298468,10.4
260330,15.05
172322,3.535
95544,20.22
14201,3.264
239428,37.25
25911,7.082
81011,73.6
187941,3.268
78311,10.805
188609,10.6
252334,17.33
71065,36.22
24873,10.47
154916,14.25
50189,11.87
248942,17.44
106206,11.086
185598,17.0
65118,12.59
183085,16.38
252754,22.25
138406,67.5
47573,16.77
97897,7.59
213481,19.48
195826,57.12
98207,5.07
220233,39.34
62383,18.58
196754,11.47
103363,23.56
283999,23.61
32433,3.72
75414,10.375
223350,13.95
106059,12.25
143638,76.9
34005,16.14
17367,10.625
25564,12.05
103336,7.164
60286,4.996
74905,15.36
246008,49.3
8283,6.36
60318,11.13
205517,30.97
257462,31.03
196244,53.8
141787,14.7
74524,9.984
82786,6.758
144994,36.3
191971,2.709
212332,13.52
177372,14.67
232212,16.55
195739,58.72
74521,63.34
36847,28.17
8680,6.61
244055,18.42
164228,13.33
209905,27.94
242722,19.52
230709,16.55
104792,8.04
271387,10.4
112340,44.44
239893,12.75
222608,17.98
51325,10.83
8555,14.58
64971,27.72
25793,23.1
61756,19.89
186418,25.5
11529,31.16
96743,13.49
138804,126.94
255104,8.14
292829,8.88
241047,94.06
113201,24.39
185537,14.766
243336,8.305
265681,59.2
22735,31.98
114279,7.133
57483,17.33
33229,9.984
221807,4.45
267971,22.62
113696,23.05
245855,22.44
60900,13.81
269769,15.72
99328,5.043
158549,4.96
7517,6.535
95061,3.277
282054,16.42
8094,4.15
253788,9.69
283819,8.6
113467,16.8
265274,13.22
168955,11.99
96345,20.67
206807,10.336
58440,7.242
125361,5.82
221368,31.47
42937,3.62
220329,17.72
233366,34.2
213515,34.75
211662,76.0
288509,6.684
211696,5.27
104392,20.42
48441,7.52
37337,12.78
182001,21.02
177685,10.2
61726,101.8
174896,11.35
55377,14.22
109804,14.31
192283,12.56
184359,3.092
125497,13.24
85213,9.984
92836,35.16
38264,17.5
68543,11.47
77879,26.61
164660,6.895
122350,12.97
153107,31.16
156604,27.0
159213,5.08
107043,43.9
189612,18.84
34597,12.195
261345,7.293
110394,23.8
129502,12.12
263359,17.8
132881,23.23
8907,8.51
275827,39.9
111222,13.73
77330,9.195
25623,48.72
152246,28.39
260032,11.766
248782,8.55
97393,14.734
264688,14.64
76570,11.59
141502,14.555
41899,20.6
183739,129.5
82562,12.805
13192,31.1
73501,11.06
271827,15.42
272316,5.32
91192,21.36
6334,2.35
104739,36.3
35759,7.355
216047,27.22
191645,18.47
298578,5.98
36846,15.75
54099,12.25
204532,17.61
73291,2.584
217216,28.0
212446,9.12
135994,17.44
224594,40.38
187499,11.375
264055,15.11
231415,21.23
87055,31.34
68171,24.64
3923,11.28
188079,5.01
172977,5.355
103228,11.23
25074,5.934
87588,8.16
68524,24.6
274292,18.36
23371,5.555
106736,2.959
187246,30.84
178950,14.4
216610,10.47
143299,17.88
71648,11.64
63787,4.004
243713,20.64
276491,1.945
127132,23.0
209511,20.77
143611,67.2
295952,5.605
9287,16.77
153291,19.12
243050,18.12
47533,32.38
174190,17.47
26709,10.6
59455,9.92
227815,15.945
114435,27.22
291698,12.88
143539,58.72
249657,14.22
231516,14.25
91564,9.195
257469,9.336
211873,42.28
232763,4.1
119669,19.77
231796,10.24
66177,23.14
82807,17.25
274065,22.67
179789,31.34
173828,20.67
201872,6.14
36181,6.23
274661,7.86
146276,6.73
251398,3.96
52852,18.05
110837,33.03
135803,11.11
53298,23.84
257119,10.53
234935,4.17
292214,10.445
5264,15.11
59811,66.94
60580,7.984
70300,13.27
108542,30.36
249342,20.42
177434,14.86
228683,26.94
254395,8.91
223043,18.12
27793,3.688
256105,25.14
178043,15.016
77980,17.0
1001,39.72
63354,13.1
283334,2.422
155113,30.72
271824,3.021
278908,10.85
290960,7.004
223512,10.01
107319,6.895
183006,3.201
68558,6.035
183274,13.22
185733,6.684
170494,6.562
133371,4.926
174024,15.36
273444,6.504
109459,24.55
172131,9.32
84405,24.8
32026,13.38
6490,39.72
108958,20.84
248069,14.49
26359,12.99
272303,27.61
131784,26.03
26701,27.48
221545,25.5
48066,3.646
117873,35.5
73465,9.875
233575,51.9
210303,16.97
156660,132.0
210890,12.35
31843,9.55
103590,12.78
183277,110.2
87035,10.97
261585,6.316
200141,13.81
257148,12.67
249292,10.375
297179,7.914
282485,8.32
11059,30.66
35570,19.4
17901,12.54
127225,3.293
159590,50.7
140129,79.06
287959,37.12
174952,18.58
121117,14.28
91969,35.16
180840,15.78
272564,5.477
258117,9.75
247061,15.2
88130,4.637
138435,11.04
69207,19.64
25547,9.4
265849,25.92
26371,7.195
23267,5.54
168260,7.555
216295,15.88
51351,27.72
172050,24.0
289728,8.125
141242,12.51
10546,30.47
165428,35.5
185104,17.58
126350,6.36
103461,9.02
99380,121.06
115647,22.86
86867,4.06
175046,2.219
238687,13.61
187856,22.08
138502,20.38
230391,8.77
66820,10.266
112310,16.72
190327,108.0
166428,13.984
207994,16.52
147263,34.2
83855,36.53
282985,4.33
228489,48.8
39341,4.69
40093,7.504
49062,28.11
187666,10.945
297522,28.75
187724,5.297
29644,25.0
89714,9.586
177366,81.6
209081,14.8
163407,2.955
14475,4.855
43850,22.81
180818,21.31
182796,2.623
133258,28.05
171778,2.273
297926,4.61
276707,16.62
19584,37.25
73683,6.637
90219,12.25
168590,5.99
252018,13.1
232709,25.3
278985,6.742
39567,18.66
112857,6.58
59972,11.445
175018,13.33
215459,24.0
50003,8.25
147586,6.06
268259,17.14
87520,17.66
2875,2.152
34847,33.03
138446,14.58
139157,11.375
256964,8.086
193343,29.75
254980,16.31
178917,22.53
203893,11.87
244217,21.8
53122,20.42
93492,5.98
89238,15.98
114011,14.016
239737,16.9
10348,6.004
85570,8.11
203091,21.62
98547,4.832
36345,21.84
123486,13.49
8995,1.905
175984,23.75
179187,13.95
194465,11.375
97226,49.4
229875,16.22
153954,4.41
101531,11.97
169510,15.72
63002,9.81
146381,3.137
33322,2.818
217109,6.29
28511,41.28
291319,6.758
228274,23.14
186046,6.99
127731,13.13
299077,2.168
11737,3.99
84143,32.78
172373,24.14
276042,3.336
289784,22.95
127289,8.91
4265,28.86
286079,3.611
22761,16.52
57822,13.1
32830,6.883
297152,29.92
265290,149.1
243996,8.64
208142,8.414
236922,12.914
165345,5.31
233605,8.805
281333,54.25
263885,8.83
29754,31.1
239651,7.86
50845,14.07
156702,114.56
74041,28.86
143917,27.94
131010,7.42
50880,9.86
290194,21.77
90301,13.95
81911,7.324
51261,10.16
295843,5.12
221841,5.914
260024,26.72
60882,8.195
42584,5.402
217343,46.8
221086,27.89
52922,13.81
233903,26.67
119230,14.67
6636,60.62
69206,13.22
33257,5.215
35405,31.03
126113,8.0
40251,3.578
201584,15.88
109559,1.701
219957,25.88
149144,22.34
174664,9.56
199567,8.04
192594,12.86
30187,1.894
164563,9.18
297581,11.695
232378,22.53
147249,80.6
111629,18.12
107720,17.58
198353,21.89
116321,12.27
212013,73.6
35984,28.0
284054,6.926
27498,8.56
224119,9.44
143335,4.78
101712,8.51
17432,15.586
97977,14.52
104239,2.916
292297,17.88
116178,15.98
44707,25.92
167868,6.203
50051,22.67
201824,18.31
27087,26.67
100627,6.094
273811,17.61
273831,2.545
178881,18.1
77949,48.9
176345,11.18
263737,10.4
219296,11.18
111421,14.13
168457,18.81
11621,9.484
256458,5.33
274062,2.588
176163,5.09
18224,16.94
55157,16.42
161933,150.9
297679,6.004
172641,12.805
274807,4.8
291697,22.86
211033,6.742
46118,9.92
121499,28.97
160967,85.94
286117,9.06
145843,56.0
148840,11.74
196441,44.53
216090,15.016
72753,35.8
190410,55.78
116959,14.34
88458,36.16
207173,38.72
283434,5.684
284255,14.05
227046,22.53
110586,30.36
176055,43.8
88007,29.69
116362,22.67
187855,15.46
279818,19.08
174783,25.34
232441,8.21
61526,24.0
228826,22.62
24498,26.3
134969,29.03
118614,39.1
234469,7.555
192906,12.484
89978,8.58
214916,25.0
52511,14.25
266040,27.0
210209,5.586
93757,7.42
219316,21.94
26959,20.3
259786,11.664
289926,29.1
214536,16.28
122623,9.56
240913,103.44
236776,8.18
61612,8.805
6066,6.004
176431,148.0
293504,7.18
88032,7.39
274465,62.84
23350,13.33
132997,37.94
57535,15.14
298182,13.33
116643,12.195
150861,18.2
110556,11.74
282634,5.227
290867,10.555
187491,9.945
151948,5.32
237337,32.97
18396,2.947
206137,11.695
168262,26.45
189645,6.46
168665,10.31
137570,23.75
100182,11.42
32529,6.895
105359,13.836
295279,43.56
236100,16.77
268091,35.88
58891,19.4
78094,3.701
153390,25.56
7547,29.69
128587,14.28
905,9.14
248688,24.73
84394,5.277
156704,134.6
222576,16.34
267901,7.656
109666,15.49
140828,8.6
286347,6.195
229497,21.36
215884,25.97
218288,17.39
15445,18.81
39136,13.1
241822,15.14
94691,21.89
285258,15.234
279897,6.637
192336,24.8
179095,23.84
245511,25.14
139777,6.445
236030,14.07
208379,14.22
49395,8.305
95747,4.54
164292,23.7
55656,4.688
158718,12.25
252446,3.912
97582,14.92
88850,18.02
132006,2.295
213537,26.08
261040,30.9
37843,7.895
62133,11.26
244039,26.45
83505,8.67
120150,5.61
53398,11.445
133907,3.684
119701,2.842
282796,12.27
261732,51.72
296714,19.05
129711,13.08
277958,7.656
46187,10.445
29990,29.2
219181,17.88
29515,4.67
117242,34.47
57627,15.52
238181,43.03
24554,8.34
29364,5.08
180083,70.75
179308,20.67
28864,8.734
265362,26.34
7046,11.06
199139,10.78
234994,20.3
160390,9.945
283360,11.59
234394,21.84
130341,25.56
174174,146.2
30718,21.84
215215,17.66
89073,14.7
253557,7.83
262227,136.2
50361,16.55
3443,10.2
92113,5.285
294063,4.867
252674,10.695
103586,29.03
42560,19.2
62091,17.9
29707,4.54
94093,16.31
257786,2.357
29699,63.6
216814,21.23
148320,100.6
130228,11.06
70462,33.62
292500,37.78
209900,20.5
293315,21.4
269614,22.62
109893,3.504
116050,56.44
259707,19.33
9872,26.94
64793,3.623
9334,8.25
255427,15.234
248028,16.25
106709,11.74
254523,21.02
82069,7.64
200693,51.5
13922,37.2
48016,2.436
125441,8.07
179309,8.36
222238,4.523
131953,33.56
84342,18.84
283724,7.05
14934,16.28
131001,24.73
188470,6.06
17611,6.652
123102,12.43
26433,13.73
155389,23.66
99176,2.086
253336,26.5
285415,8.32
95159,5.977
192238,11.82
6318,13.555
150213,32.78
189850,9.8
135989,21.72
19574,32.9
213825,4.78
130031,29.5
9367,11.16
39884,11.87
220216,13.93
85775,15.555
235341,17.22
46420,90.44
266444,8.58
21199,6.562
137974,13.3
240187,7.95
37514,5.344
208755,19.28
272905,2.25
164958,24.44
197407,17.33
47513,12.54
271960,15.08
75896,17.98
30042,2.549
267670,23.9
251667,27.38
167097,45.97
182413,17.36
5581,82.56
78546,20.64
247070,17.08
45962,2.168
283165,26.03
102545,48.12
132505,8.11
127053,7.453
35126,11.57
152837,2.908
180117,4.305
261120,54.7
169304,10.18
144066,51.1
36925,9.92
239006,15.2
250853,46.25
101153,6.094
171787,11.42
89510,3.785
54813,4.074
272505,3.674
46245,4.38
199398,12.07
298692,7.082
65237,12.51
86730,13.73
172385,7.67
233551,39.8
258099,8.62
93301,11.89
267010,19.61
295927,13.49
244179,10.2
88372,10.23
127513,7.49
173270,7.88
251969,2.379
199514,16.19
94994,13.27
103358,15.17
181477,8.77
268168,4.99
15743,5.49
283381,10.18
290112,8.0
43551,16.38
97326,15.016
285625,2.047
71557,18.2
279061,15.914
85045,24.69
186435,11.914
266201,4.75
32962,11.086
287106,13.02
26946,46.62
175704,10.05
17814,9.73
147002,38.62
66416,11.11
154387,6.07
44468,97.5
140041,6.926
153826,9.8
237639,104.25
116137,17.83
172189,8.87
48218,5.047
221477,15.49
59011,18.84
68569,11.695
173958,27.33
23255,17.9
276492,12.43
22217,13.52
289131,13.81
238877,12.43
297998,5.215
128313,14.58
114801,119.7
294944,4.535
149362,24.6
59231,21.28
101257,10.945
211616,34.47
20924,59.9
250098,14.4
104550,11.55
71462,16.9
175176,4.71
291143,5.676
281544,19.61
284660,4.684
219531,23.38
55186,152.8
65645,20.84
109924,33.78
246174,10.555
7226,5.99
272131,7.88
183215,109.3
741,5.555
89649,15.17
34805,7.555
237836,29.45
234757,25.2
225844,85.25
255449,17.94
83216,13.33
126759,1.942
228936,3.643
160191,28.22
166520,23.42
55184,67.5
217729,2.818
27088,27.33
123964,11.57
199396,14.164
175639,22.67
56668,16.86
189955,17.98
204461,18.47
176482,17.14
226627,16.02
98473,6.445
205397,31.1
54416,26.5
8703,12.09
123906,13.35
160163,14.52
79555,14.61
166578,24.34
51878,82.56
137870,27.61
14169,6.668
84442,17.39
64316,29.62
245395,17.72
49098,15.72
27971,3.994
41710,8.11
96090,20.25
45151,8.45
158068,17.8
33817,16.66
68566,22.44
274660,7.324
65608,45.16
186666,13.16
33937,5.996
225188,60.38
236140,10.13
63333,26.19
97690,12.484
65054,28.05
85648,20.72
47743,3.656
139313,2.102
198252,28.0
256257,11.47
272478,20.17
138562,13.58
142356,48.03
130882,14.22
102186,90.06
22697,15.08
28978,7.273
31042,5.133
244922,35.03
227060,14.016
49249,11.766
61165,18.5
161613,129.0
15844,5.254
102288,49.5
23690,9.56
70060,19.44
254618,13.58
175290,14.46
245665,9.52
297236,1.971
204161,29.92
220634,16.11
72960,14.49
181258,6.39
63197,11.945
262014,98.25
109087,16.45
56658,11.74
122067,30.66
179765,8.016
104825,11.79
71284,10.625
50239,22.86
28653,17.5
267793,20.05
151312,16.83
84902,19.64
7756,30.47
126556,5.656
184902,9.32
118045,127.44
258868,15.75
182201,18.5
133091,47.0
47399,6.99
246815,21.72
40404,2.467
95033,7.004
272854,7.355
147059,33.22
267745,10.31
180292,37.72
129530,103.0
277155,3.057
94371,9.04
86010,12.195
157776,18.5
292501,14.92
116080,24.55
239250,20.38
245594,21.11
156818,16.55
164923,7.707
219482,13.16
50790,31.8
185758,23.0
183855,3.889
201402,109.75
123180,27.94
1960,53.06
119767,8.04
168815,10.97
253081,16.38
95878,5.887
11461,15.65
213757,30.6
220929,6.52
89884,5.21
260031,5.008
21702,18.5
208865,7.02
239635,4.188
276722,5.906
189644,2.994
125539,6.52
219655,16.31
212259,48.72
276691,3.994
259912,14.92
152736,28.69
113589,2.393
24245,12.83
1873,52.66
219089,24.05
172540,12.94
52964,24.23
33442,18.81
186209,17.05
185660,12.64
15339,25.77
57497,17.44
64049,10.18
135518,34.2
52701,4.406
23861,8.32
100717,14.4
299286,12.05
78616,16.34
260585,16.45
292126,7.52
102433,4.555
17674,4.344
189817,18.89
106851,14.4
202948,33.97
203911,11.89
222359,8.945
119914,5.07
234114,17.77
71551,13.44
254867,16.14
199518,5.043
54190,34.38
206438,9.32
195385,61.12
292531,5.1
278559,17.94
245200,7.035
284823,7.406
201092,16.11
93295,32.9
105135,16.38
173674,10.85
68364,39.9
68347,42.62
266663,11.99
263449,13.75
160228,27.94
221369,2.387
63003,17.25
256135,8.234
158902,3.697
156907,68.8
266717,4.15
61378,10.53
111625,20.97
168398,5.344
96535,12.64
250807,8.016
28700,32.78
86196,21.62
285382,9.18
46275,16.94
116483,15.98
143096,14.86
190379,121.06
123949,23.38
80046,3.426
25014,34.94
99690,55.56
279246,10.625
107909,26.03
110318,15.33
86843,9.75
287848,5.586
121427,50.9
44946,13.95
115835,7.473
130146,22.62
133283,41.28
237442,61.34
157948,18.89
224920,10.695
296095,18.05
214756,24.64
122037,20.55
226998,14.28
291653,25.1
48180,7.742
211209,11.82
199936,19.05
85437,6.55
262600,16.69
211694,53.6
8540,13.33
3248,8.18
231711,115.5
247774,18.36
90910,12.12
93518,35.6
151801,12.305
148082,16.72
181215,2.4
280799,5.344
292741,36.6
276568,6.625
104833,11.99
30631,8.43
210465,5.375
270427,8.47
135200,6.715
278874,5.246
113068,12.195
225723,40.12
257893,24.48
185676,8.58
286953,16.66
168211,21.94
160194,6.504
145142,105.9
249899,12.12
207920,16.19
176167,7.742
264762,16.97
83853,8.29
114605,21.45
237302,17.47
274207,18.2
297235,5.332
27930,6.434
45512,13.16
65224,6.926
197611,16.66
117414,17.14
121226,5.125
61690,6.12
283546,13.664
141969,8.805
24207,20.05
130984,5.01
219574,2.912
106669,9.02
71018,23.0
23143,11.87
277447,4.88
239771,31.86
268586,12.43
26626,7.86
195431,88.3
109498,4.22
182252,9.69
282893,7.21
109799,28.34
172067,4.395
26785,3.477
225349,9.5
79378,14.25
13358,20.77
96258,21.77
277696,9.36
61982,13.22
129917,4.434
177498,5.754
158997,21.62
31810,9.4
167851,9.836
178404,6.867
210444,6.125
127426,17.98
40229,12.25
208390,27.11
98520,28.45
225428,2.928
15007,30.36
78214,9.81
79312,7.117
159403,24.8
205682,12.94
212481,6.12
292193,12.73
162388,10.6
110426,32.9
30232,14.49
247520,20.1
182895,10.375
259049,9.42
207458,42.03
137202,27.89
197067,14.31
164207,2.672
2649,35.22
114355,26.5
234740,4.555
129836,9.4
68198,10.51
156087,22.77
296277,5.02
75746,5.03
24559,18.92
208384,9.56
176552,10.72
289153,23.56
30602,7.258
87205,23.9
98958,23.9
46256,15.39
34650,7.52
115731,56.44
271529,2.23
214093,44.1
268456,3.469
230319,14.164
257688,10.555
198851,9.28
59348,26.56
120915,7.21
286911,8.484
251522,11.97
170583,6.535
215654,14.37
66999,10.78
157309,105.9
54265,9.984
113994,32.38
131040,19.12
22061,14.46
274620,65.1
112228,34.03
170162,16.55
213795,21.19
254732,12.09
171633,9.26
69001,22.95
22751,19.2
204874,22.72
248310,16.22
261746,4.723
77071,6.227
231157,7.39
163055,4.46
65380,13.24
93563,62.1
183462,15.234
75046,22.16
169115,12.38
42759,56.22
95518,5.82
107081,2.777
11427,13.73
30380,6.85
104640,13.19
226923,15.016
260602,12.12
285272,5.188
104081,14.61
231866,15.914
164155,48.8
5652,52.44
196252,60.16
146026,24.23
171387,12.09
213295,11.42
148851,57.56
126301,31.16
41537,11.914
41797,20.6
212629,7.42
1815,72.5
237341,21.72
26200,9.18
122754,32.7
142452,58.5
259698,6.85
43405,2.104
186457,12.25
84820,25.61
128525,18.89
228532,16.66
159420,5.49
155914,7.035
267824,44.34
132967,22.81
195210,39.9
39590,42.28
123803,4.95
55133,95.56
187496,21.5
171682,19.61
284117,10.58
139090,36.8
90648,4.715
227970,58.5
192965,61.34
249967,3.803
224429,3.105
86739,19.36
22083,13.9
77991,20.5
285153,4.203
86522,41.53
39287,55.56
60412,23.38
5507,16.19
65261,22.2
262367,23.95
63462,139.5
117259,11.99
151974,32.7
26280,14.52
203249,52.66
114282,7.15
72683,17.61
35057,10.945
26035,14.95
242922,74.8
158949,37.12
229267,24.34
65715,21.11
215114,44.1
105132,100.2
26036,15.39
90774,18.55
93953,16.19
196877,26.19
202178,11.99
186410,28.56
121375,10.78
5369,31.98
129186,10.53
244033,30.78
83412,7.62
23003,15.14
233452,14.984
77040,8.66
5419,76.3
104080,35.16
149780,22.48
134083,8.88
98144,18.23
288529,13.93
226997,22.72
7841,13.3
138993,3.084
152478,26.4
22293,18.97
142141,52.97
277217,4.62
217421,2.688
79954,4.22
53980,16.52
29495,15.85
267556,76.6
5795,6.316
68313,18.42
25280,25.0
108147,31.53
292885,6.05
176515,5.023
1213,4.79
26924,14.67
270637,2.264
278333,6.297
173649,16.19
238071,26.4
299393,12.88
59720,34.66
294240,5.895
293710,17.05
93654,2.553
196789,4.477
181701,13.27
189991,11.04
51541,138.4
54989,12.83
62674,26.56
222591,13.64
250627,10.09
109156,10.83
51281,21.23
127315,2.625
209035,15.88
108514,13.75
258793,28.45
7741,11.086
92574,12.12
241373,21.98
263028,6.957
20167,40.38
260607,24.64
247745,7.93
32502,7.688
279252,5.527
288105,12.56
106196,25.92
184297,9.12
219967,14.37
271064,3.025
286455,14.734
166061,3.842
296284,27.38
141491,12.67
284092,9.71
230556,20.84
163322,5.684
62357,8.62
93049,22.58
24168,6.773
258995,3.72
297773,23.75
30999,7.95
112404,17.11
191228,3.193
39290,6.133
57098,16.8
291295,8.71
88584,12.195
77834,44.8
255722,15.08
64689,12.83
292243,15.2
148022,76.9
26622,5.793
43204,10.555
125195,11.47
134878,12.07
131455,9.55
144630,9.06
72606,10.18
170630,12.59
6796,6.895
130811,13.13
229843,33.78
198930,3.307
174143,4.777
133513,14.164
134219,12.99
229440,27.72
25152,26.34
24403,7.52
216719,5.81
25178,1.994
12807,14.555
132627,9.28
39573,7.793
228747,22.77
269966,6.883
152325,30.84
163650,16.94
75436,7.02
253656,2.168
293508,8.29
242915,4.36
105116,23.95
117334,5.355
242380,14.07
123327,15.266
68151,22.03
46710,7.57
164846,17.11
52694,12.83
298431,10.16
167003,3.156
274295,13.695
190653,4.305
259150,14.95
33345,15.2
68927,4.035
50997,13.33
205440,22.3
9088,14.37
49418,11.42
71610,12.97
186076,9.664
365,17.19
15378,56.66
42470,14.28
98444,9.3
50744,6.16
178170,16.42
177812,11.64
234049,15.33
240504,27.55
8674,5.65
142146,20.1
223594,19.56
706,19.28
238592,7.59
250464,26.03
92945,11.2
191179,4.59
35831,27.05
120136,20.05
276474,8.52
51890,7.95
233968,30.53
241184,12.07
221772,7.117
256087,18.2
186828,3.465
193243,7.844
240573,22.34
261493,8.36
8970,9.8
266633,21.4
216969,8.234
116008,13.19
68393,11.2
198458,23.66
258478,28.56
243633,5.355
220275,4.02
162481,4.02
64835,35.22
292782,21.31
258900,16.77
269929,8.92
61450,10.2
138278,2.436
199272,3.193
113622,16.9
116110,18.92
253624,48.8
50511,22.86
107585,5.887
256582,15.69
221787,10.16
224760,28.92
32364,7.02
206937,5.19
173325,20.6
11266,26.78
69924,12.54
173102,4.918
282428,1.753
236337,44.1
204618,24.84
110956,25.77
73354,16.48
229724,8.055
2546,37.78
286682,7.324
164787,10.97
111339,78.44
9863,20.42
171735,17.69
126111,23.14
77671,5.953
79480,8.45
287513,2.28
247731,14.52
101461,19.33
220055,97.1
210138,13.52
264430,5.066
44681,1.894
177928,14.25
126593,10.2
199926,7.242
113354,10.67
239475,20.5
23040,11.664
181229,25.1
64794,47.1
291387,16.72
78375,16.97
136047,10.18
150939,8.234
81799,11.28
180462,4.91
199273,14.734
6767,16.97
112651,8.25
41055,14.25
75053,8.945
282500,3.738
227235,6.82
145915,15.75
133831,8.21
257724,11.2
203569,8.56
288890,14.4
290724,15.14
47309,19.36
199367,35.44
176196,22.72
216809,14.28
237043,18.2
48740,7.258
75917,8.34
535,18.1
229004,21.94
224686,7.86
59083,33.78
17539,9.14
293165,2.238
235931,9.42
50291,24.94
240264,41.2
288127,21.11
135436,17.11
242052,24.69
26545,7.742
248989,38.2
50038,27.72
138134,7.504
260623,4.266
226901,71.9
108492,31.16
103515,3.16
2097,50.9
258348,8.0
290583,10.72
29905,8.92
53552,20.64
229201,8.6
18285,48.62
79296,9.06
153929,27.0
197909,30.47
53863,14.555
168734,8.14
147472,6.91
251657,12.07
257795,2.855
271236,26.5
148886,56.66
110721,16.69
261254,10.07
97874,10.695
285121,5.95
259900,33.22
223588,23.38
254151,4.137
118193,12.41
242511,17.69
102829,21.67
37110,2.379
210159,14.83
43926,8.71
286111,9.56
117411,5.812
266365,37.72
115562,8.266
252293,6.133
178609,2.576
226825,6.957
94578,22.3
215315,7.035
262239,12.07
124274,14.83
171981,4.008
175612,32.9
148187,4.78
224186,2.057
155410,5.277
265115,9.14
5529,60.38
125408,29.62
32965,18.23
222340,27.05
41749,17.08
233915,40.62
126817,12.35
276546,20.34
203966,8.14
64107,17.08
180793,10.58
125043,11.375
258011,15.2
170320,6.34
14496,7.758
294159,4.75
37016,2.416
204547,2.959
57317,28.39
20165,61.84
67630,16.52
162097,8.47
46481,45.78
10864,13.695
59126,11.06
153319,13.08
269681,31.34
167379,9.56
64133,106.3
275517,5.234
7880,9.5
212359,13.35
197582,13.02
73577,41.53
58833,9.08
64284,34.94
255495,34.38
138085,55.56
50292,21.77
262801,4.625
61622,20.42
287724,6.418
128634,7.42
267187,2.273
275648,8.84
159356,16.83
8046,16.97
125141,8.92
89992,5.676
187905,21.02
14779,11.47
277000,13.44
262247,11.664
171930,11.766
78722,3.67
30592,11.695
191379,10.47
121929,14.95
240534,18.36
43290,16.66
6077,27.05
27741,8.79
297170,14.05
22533,16.02
13260,12.17
85617,6.79
63092,7.984
112524,32.9
181023,6.715
250877,5.508
227913,15.914
166714,1.971
93080,7.082
139520,43.03
19354,18.36
23295,19.8
294966,11.766
139612,25.25
41692,6.594
61278,22.67
159554,69.4
34059,16.8
65156,5.953
220153,6.99
239575,7.688
275795,12.25
44080,6.562
215659,16.05
74068,14.1
203095,6.85
115862,14.49
228850,9.625
6209,14.8
213518,10.875
108137,14.43
278287,6.004
101667,26.78
74303,19.61
127443,29.27
14261,12.12
2348,77.8
52519,47.2
294148,54.9
150068,6.12
106084,11.13
209444,25.92
91712,21.89
299309,12.46
153498,2.92
145878,20.55
249770,21.28
118466,14.31
153548,25.4
216630,27.89
51919,7.844
99434,49.78
229648,19.92
36762,2.727
72435,5.94
156665,50.5
219406,67.75
131781,9.24
230277,14.49
87049,41.78
116814,13.836
115524,16.25
103995,12.99
7621,12.695
249103,46.16
25964,16.66
278923,20.22
133330,14.4
199713,7.67
9280,3.918
252869,21.84
248299,19.84
974,14.1
68945,18.89
131550,11.04
220374,5.277
21749,24.69
167675,1.939
218553,4.83
33475,2.184
35307,2.48
275039,19.33
82654,17.8
261775,12.016
97673,12.73
105679,16.42
51594,15.62
14024,25.34
272160,4.32
271844,8.16
83402,12.62
227296,15.81
214470,35.44
107395,16.05
102629,20.47
102208,10.65
73499,12.35
143749,25.45
137626,3.06
234405,71.6
195084,18.23
83159,7.723
244281,25.97
249015,5.52
132291,11.18
165651,5.145
70129,11.87
288571,17.19
187197,10.58
65026,9.02
141866,12.99
160295,8.734
154206,6.035
55098,8.984
139086,19.72
296904,10.35
247098,20.72
210925,16.66
141573,9.75
123069,66.7
146335,13.19
55198,56.0
113301,5.402
158486,18.39
176081,3.938
246660,11.47
31652,3.615
53534,56.66
192924,23.66
124643,7.656
64354,75.4
203565,15.586
73925,7.793
189849,6.61
116283,27.44
86406,3.11
207297,5.043
120113,26.45
60564,34.88
29528,20.42
174155,67.2
97318,10.12
75248,8.016
56158,12.75
166459,7.473
66050,6.625
83213,15.88
211343,8.87
151275,5.15
86265,10.12
72202,10.51
104227,5.445
154089,4.02
41996,19.92
109838,27.77
5780,28.34
150867,23.23
266415,11.33
104295,13.24
141914,38.03
271751,16.9
3942,16.97
285473,6.24
296145,11.47
8657,22.62
115350,17.98
281780,1.691
134043,9.86
76827,20.22
215622,5.246
47065,11.59
211500,14.766
38439,10.805
237277,24.48
283402,4.703
99958,3.42
166986,12.54
165722,13.38
155814,2.129
26512,6.14
155407,2.25
126932,14.05
144639,7.88
22582,24.3
227337,8.79
185836,10.53
282273,2.785
4881,12.33
205543,15.945
66205,22.3
129328,29.27
257114,19.84
287985,28.34
87002,3.373
278102,15.88
19471,60.16
138084,32.62
5081,76.6
236408,26.72
32135,21.77
65424,13.58
59294,33.38
43467,5.547
108701,16.8
33360,4.055
250081,35.16
215156,29.5
219294,6.203
288918,5.33
251361,21.02
275161,16.77
84608,12.09
173954,2.178
294001,22.77
251621,19.52
107447,4.926
256606,8.18
155007,7.05
128179,37.88
57553,32.12
215209,59.66
247787,52.97
195890,60.62
30374,5.895
135638,16.69
268125,9.0
89172,5.875
290167,10.51
59306,8.805
36878,14.8
144853,23.66
138138,6.23
191555,17.0
290084,13.33
210837,10.24
70692,43.03
22897,6.004
275912,8.734
126985,56.9
177727,7.406
197547,18.12
11692,7.18
39321,4.832
266136,6.535
95870,7.914
45843,2.916
103285,25.92
10916,2.074
26272,2.932
286898,24.8
172034,15.234
195736,76.3
235655,3.387
146847,14.766
171798,7.39
279793,18.42
194706,13.664
42944,3.842
7246,9.92
229838,15.914
246794,12.62
7941,45.53
45257,4.816
97781,4.418
44383,14.49
28920,10.23
199085,8.32
211671,82.9
287855,3.98
164071,7.258
166380,4.938
254303,24.73
221528,8.88
92010,19.17
263143,148.6
173142,14.22
52858,16.9
179395,136.2
133572,13.33
42364,81.3
208300,9.664
134157,23.9
276713,17.08
82982,8.484
63691,6.926
21870,6.773
195444,94.8
166331,3.182
157675,138.4
33048,12.73
132918,18.92
33138,4.99
119640,27.83
170911,4.26
283684,10.24
208173,12.07
205712,24.55
8407,18.12
13472,5.93
14919,4.332
122936,7.453
299189,4.094
237870,18.42
286314,5.754
4472,18.78
284061,26.19
85527,134.6
214672,2.514
14128,5.477
171205,21.77
78530,13.695
188097,19.69
285799,11.23
182619,12.15
106303,27.61
242528,11.87
92593,10.555
13294,28.69
299106,5.734
262857,39.56
188816,29.03
32065,12.07
240724,28.11
43019,10.09
200950,15.69
200717,8.77
155711,7.984
271439,13.78
139211,23.23
23729,60.62
238138,10.74
265469,11.47
195504,83.25
200825,27.48
24892,9.24
197744,71.06
294957,3.166
255060,1.788
88070,37.78
26097,8.47
59578,12.67
41277,6.594
289381,6.383
61235,12.695
194495,15.2
99567,108.0
250340,9.65
275904,2.354
41045,4.99
294353,7.18
40847,5.86
189474,15.69
27028,14.05
27322,24.73
59277,9.73
26485,9.6
3639,13.414
132383,31.53
142836,27.0
142476,80.94
261063,27.44
71288,5.84
95539,13.49
169209,2.145
191281,14.22
299350,7.258
252505,3.852
6388,29.62
16323,14.164
26019,20.8
161650,6.61
199295,17.25
196231,67.5
252401,17.55
136282,10.83
99543,18.39
202986,23.61
62876,20.84
25293,5.855
242775,8.88
40580,5.37
178738,17.22
67041,10.23
204286,11.695
76928,10.74
1198,21.77
116222,11.664
21505,15.69
87628,27.16
52521,12.016
6926,23.33
53347,34.3
227830,5.59
251349,5.688
91699,61.12
227383,17.98
138936,16.02
24513,21.58
29058,3.482
74735,14.67
249071,9.69
179472,19.89
52360,3.775
32316,13.73
209865,53.38
61776,12.016
76638,12.33
229903,7.117
237955,15.33
271041,10.42
285503,9.81
138010,23.47
114962,54.9
56270,9.69
217991,19.0
34781,2.514
62142,14.05
249123,12.59
148200,2.863
156129,27.94
291238,6.82
27159,1.774
177073,11.52
239170,37.2
232014,3.227
105533,9.24
104189,31.92
260194,13.93
18559,16.38
163186,11.16
47205,2.238
34348,11.4
233537,6.55
269091,12.88
55873,25.0
119067,13.984
221992,94.06
40456,8.375
43503,67.75
267302,7.688
120563,44.25
8652,15.49
255239,13.24
74473,15.81
2903,12.75
244552,15.81
67981,22.53
208254,7.59
4368,11.47
154515,19.28
271815,36.9
125166,10.445
176534,2.863
694,4.508
102731,5.445
265513,90.06
233824,19.72
100060,14.46
169092,11.49
30701,10.875
54852,6.73
268992,5.418
168237,6.418
225740,22.77
137450,7.688
91018,7.88
251523,3.033
212031,101.8
47652,17.44
198198,25.14
47248,9.875
206082,19.44
202732,64.06
32468,18.47
32658,39.5
41714,4.977
209546,20.55
298864,8.36
103875,9.46
150454,30.05
258499,10.945
206018,7.504
130549,15.62
36711,10.47
142255,41.34
233372,30.6
188294,9.02
216244,3.521
68039,18.73
172023,58.72
97699,4.117
110293,31.16
68977,26.83
268868,7.83
131954,19.92
225467,4.58
207342,52.34
4737,11.664
71430,45.25
132947,16.66
150935,8.71
66741,49.6
150767,24.8
25698,13.87
34517,21.62
160603,6.34
152548,19.4
52597,22.34
283354,5.637
191297,13.1
65605,18.39
221511,11.79
163353,4.434
256600,6.562
33238,7.49
21608,21.06
3905,18.58
231652,54.25
28473,5.12
248221,13.664
77572,11.79
172265,3.34
218707,30.6
266797,2.852
151072,32.25
270044,5.92
287028,5.598
131966,8.91
131183,10.375
188002,5.875
150412,9.625
62401,13.1
49301,6.176
59140,12.914
40306,4.13
176455,13.9
150247,22.77
148215,2.092
159004,10.42
71861,17.55
289195,8.945
230026,18.2
33082,9.9
104208,25.25
184851,10.13
167706,36.9
165683,9.586
260177,23.47
292689,2.715
216949,3.105
59710,7.773
285724,7.793
134226,12.695
164739,15.2
67113,56.66
274600,5.312
284056,20.97
202287,16.28
291635,40.12
287078,2.379
295329,14.83
270018,5.547
72624,8.055
86012,7.64
150626,4.91
50679,11.28
200408,4.52
294779,7.293
264429,21.62
41761,6.668
169447,6.35
288913,23.14
50135,12.695
263765,11.28
57122,22.12
292726,14.555
72054,14.766
171285,20.22
211553,11.64
257167,6.52
133182,6.715
270078,4.215
257598,33.3
154252,5.27
39755,12.41
130829,12.59
250811,97.9
113028,17.14
47811,19.72
298992,9.484
226292,22.03
112904,32.97
32188,11.305
55968,17.11
161045,67.5
278197,3.584
64346,66.94
205818,14.13
46617,29.98
183767,17.61
151684,8.75
176956,40.53
176717,6.19
54680,9.73
88784,2.338
161337,6.7
191930,2.838
204127,31.4
276150,4.89
11542,9.75
236512,27.94
100206,15.17
14165,25.5
47792,20.6
52860,12.05
272520,1.942
221782,4.71
161590,22.81
109158,8.34
132103,21.77
176460,2.03
213608,30.05
128480,149.1
92178,9.8
226826,19.84
49536,26.23
47658,11.72
293581,2.979
65293,15.586
131133,2.723
152052,24.69
83774,10.65
48605,25.97
216742,18.97
62016,18.12
79017,11.11
93288,12.07
162031,83.56
23430,14.86
296269,4.777
157100,144.0
247185,20.84
160345,18.89
210414,10.4
142477,56.22
102182,10.74
67747,2.855
145784,11.2
292690,4.44
233804,42.28
290933,10.23
91373,16.8
134811,8.805
153471,6.773
211485,19.08
68355,21.14
181131,4.254
87663,28.39
145735,53.6
295096,7.004
156055,20.1
243498,18.23
79699,12.88
290675,11.13
258130,22.12
135256,8.125
82362,5.35
41630,10.67
90901,9.625
206498,28.52
286645,11.89
25586,12.15
9584,21.98
176569,26.83
205398,30.42
254773,4.71
273470,9.46
267112,14.95
158322,9.52
255921,15.81
244124,21.89
173985,8.36
237496,6.12
122160,23.05
40258,10.01
82244,7.473
73680,6.79
55735,8.52
2430,32.3
267137,11.06
253067,13.836
55135,11.79
233753,11.766
242162,17.14
26204,2.658
81447,8.79
256532,3.03
161110,91.5
286649,5.773
132389,17.11
267084,20.38
44286,17.61
56105,19.77
298679,4.816
28059,17.11
92357,125.94
224705,19.89
182279,26.3
49678,7.723
263582,2.057
289062,24.89
160483,10.4
241615,6.434
108134,15.75
33834,7.02
244462,19.61
259938,10.375
166617,36.16
215117,19.89
108274,24.0
117171,23.28
102880,18.97
247508,16.77
202333,18.02
206747,54.03
29033,58.5
20133,16.69
198001,18.23
49526,10.695
18356,32.06
81872,7.42
122126,43.03
97480,11.11
160433,6.176
85209,3.543
296664,3.34
211934,24.0
143948,92.25
132302,12.67
267889,7.258
155787,2.748
158065,8.14
96790,9.04
47861,28.97
250784,22.2
235861,15.266
209947,22.3
168122,12.914
90313,9.02
126617,28.86
59773,21.84
104269,14.28
111179,4.22
19637,10.12
264374,10.6
238353,7.742
4264,15.69
33619,3.832
21035,75.7
167913,9.586
3194,2.34
164163,2.057
101522,24.44
124461,9.96
38087,3.86
180666,13.87
58745,102.6
164255,29.69
268063,8.29
55754,17.98
196026,111.44
211120,20.89
289667,4.723
1809,52.84
151962,18.84
233396,19.25
230702,15.11
196667,87.94
272950,21.5
32370,5.01
156060,9.5
67142,18.05
233499,6.254
276450,2.734
51643,11.2
249530,10.51
100998,8.64
90698,28.52
5673,11.99
210830,22.58
125686,71.3
169487,21.36
119734,18.97
268761,9.06
124473,96.7
50124,10.24
273593,2.299
169845,37.4
151694,23.38
297148,6.562
221476,34.8
26852,12.83
219781,13.19
173053,7.117
127205,15.85
221274,104.6
204511,16.62
274608,7.035
285720,4.266
140801,60.16
96688,4.75
19132,9.81
4577,10.83
164436,8.086
141802,15.33
274360,22.12
261004,40.94
163080,30.53
51066,32.56
91504,13.664
60584,13.02
146726,15.08
182384,32.5
250035,13.984
260077,3.285
130559,26.23
293862,9.664
60789,18.66
290262,14.984
45253,10.875
284484,5.21
97346,7.54
168741,12.484
17770,20.72
126717,37.2
214171,16.94
218315,7.21
84086,14.8
215959,23.42
260244,13.24
22576,14.13
224857,10.695
236869,11.79
93723,15.75
1181,7.758
69153,21.06
169471,7.54
128744,40.7
211923,5.402
268073,17.66
192093,127.44
38490,5.92
103256,12.484
133640,10.18
22261,31.53
169906,4.76
270223,10.12
120124,9.92
234283,9.81
272276,5.695
268932,6.758
74685,9.4
59896,4.617
42960,7.227
235233,28.05
155862,8.375
125852,8.51
78804,3.584
7505,25.61
160003,15.46
52269,9.836
133923,6.73
190295,20.42
97686,23.23
60755,15.914
164971,13.555
162029,93.7
80872,7.15
62245,19.36
225999,22.62
19962,72.75
74865,5.08
47823,11.49
169574,4.047
294975,4.13
125955,21.77
279758,5.895
233642,19.2
196973,15.46
220861,20.05
224788,10.49
297454,124.44
271084,7.83
149612,24.73
251368,9.195
479,1.824
50839,22.3
223523,31.98
118727,25.25
146194,8.07
101212,163.2
228246,18.58
85304,14.86
52807,18.5
103933,11.35
199335,7.34
136257,19.61
270124,8.04
60573,43.22
132801,7.05
163733,22.08
100899,14.05
173193,4.332
198481,3.408
148913,12.78
183079,5.695
8866,24.39
227270,6.668
202711,31.67
5715,57.56
240619,92.6
211309,52.53
246252,28.11
153740,7.88
96605,2.05
133147,5.848
217553,46.53
47992,5.746
133416,20.1
79001,19.89
120569,30.78
31311,4.082
259537,9.77
21186,11.57
219119,33.5
231840,10.9
126853,14.37
142754,25.14
293150,7.688
272865,16.86
235677,31.4
44184,4.234
162240,2.057
4532,24.84
31775,3.53
43883,20.77
143591,40.38
111713,20.5
177328,7.67
262156,16.69
55583,34.03
183197,9.14
288271,11.79
175807,5.484
40154,6.652
1178,11.11
222611,14.28
125862,40.28
33177,9.4
164723,8.91
108776,10.76
212039,78.44
54319,15.98
232195,11.74
109873,18.12
242814,12.914
155262,22.48
244564,68.3
192340,20.64
145149,23.0
245536,6.098
267563,12.38
159871,24.73
186343,4.965
292987,6.637
296532,16.66
641,9.586
14115,5.547
143493,54.25
124155,40.28
23169,24.1
128615,44.2
87899,47.66
174781,27.05
128768,19.89
266402,5.605
217811,21.62
255566,31.47
171806,10.16
202696,21.31
209767,18.17
286247,18.55
179008,44.8
101755,8.11
57624,27.72
109769,12.38
90050,32.3
241602,14.07
281012,12.016
178370,15.11
279847,8.87
14762,10.53
47845,6.402
67504,15.914
111483,17.36
266695,23.38
24369,6.203
34733,30.11
11576,11.26
104198,13.81
28396,6.73
227656,34.6
66719,33.72
91934,29.45
284413,4.645
217818,4.938
189217,4.047
105013,17.5
103373,45.44
182807,19.2
186483,22.12
275066,12.38
153578,8.25
33139,28.11
172525,21.45
80877,5.01
128297,39.8
278799,2.504
30204,14.86
109617,5.234
248344,12.38
126957,14.28
37319,5.656
284442,7.52
297946,11.82
179445,17.33
82556,8.25
102430,4.0
157096,95.94
189509,18.02
119935,29.92
102540,16.8
288750,7.406
296500,10.58
21327,4.164
182175,9.984
265857,33.56
237248,19.72
146913,103.44
79877,20.02
9309,24.48
82422,7.773
109415,11.4
43417,2.637
116152,15.52
125011,136.2
133697,14.164
121079,78.44
145970,22.3
159889,14.37
178793,8.375
174537,21.62
8288,8.75
265807,28.28
6539,14.95
3861,8.32
227290,24.1
112961,24.14
145372,7.688
226102,6.668
174702,6.91
164034,8.0
177821,5.1
117946,4.875
245386,5.406
162613,36.53
264411,8.125
28127,1.865
238210,12.016
53979,20.55
188038,14.37
15351,17.66
234579,30.6
3351,8.32
14477,17.88
242945,13.95
226246,15.586
208581,62.84
176064,16.97
138091,62.1
255652,13.414
218049,6.637
66900,54.47
212842,16.19
13177,17.47
289963,7.64
36914,7.88
196313,92.6
224149,4.523
123997,16.34
4781,31.47
215450,18.84
102549,2.584
274172,24.84
212121,89.0
188261,10.85
100343,6.434
185298,49.0
103080,14.016
226289,14.164
294153,10.97
224029,12.33
298153,9.96
278615,13.38
133900,18.89
51681,29.1
68630,29.5
164301,4.58
203052,16.62
103351,7.035
269412,27.61
50996,5.52
277102,5.145
145552,25.92
141693,11.42
34739,4.15
254212,3.96
276644,10.16
96709,9.9
78093,3.08
202300,15.78
225560,8.36
157396,90.06
39086,16.25
256607,11.74
33214,13.49
285440,2.69
61369,5.258
252011,3.31
26694,8.195
57923,24.3
132145,12.305
83429,121.06
190548,9.69
166621,32.62
281361,5.457
85970,6.61
118905,23.05
41248,10.375
230346,30.97
210631,25.81
15095,22.9
205849,23.14
225313,14.37
60019,25.3
232516,27.66
277715,33.03
159361,26.5
259022,3.06
99615,20.67
47287,6.125
13065,7.83
298788,3.357
119506,13.73
157017,148.0
192619,8.71
69455,17.44
79646,8.414
145301,13.75
181236,18.89
249485,4.336
212952,33.03
53433,39.66
176185,27.27
217591,33.72
45651,6.836
284579,4.35
157176,38.3
241489,9.12
28955,7.42
187811,5.246
69395,21.89
150735,6.85
220631,13.61
239853,8.32
284971,7.54
215562,16.28
150873,8.484
190350,28.75
81616,15.234
279187,14.89
287853,4.664
164553,14.83
264160,5.418
274260,19.72
83986,3.057
24949,10.16
43148,12.78
122261,14.555
85035,10.92
153167,4.293
69196,8.52
220795,18.42
160181,5.664
180078,10.375
175332,8.11
80394,7.31
147336,54.03
129623,52.84
115591,12.86
180063,8.34
158696,16.69
39213,4.254
285293,10.03
166670,25.3
289222,7.15
76884,8.36
45526,12.805
532,15.33
252264,25.5
181543,7.453
94870,15.39
135623,13.61
24134,17.9
179041,6.008
135244,24.89
121680,30.11
284176,1.919
135759,59.2
293394,2.605
278120,8.75
145257,52.97
287505,5.723
209713,10.47
1436,125.44
278407,13.695
207973,122.06
276963,10.83
189872,12.78
135414,4.293
50972,20.02
231510,28.69
15984,52.97
236734,7.406
199237,26.67
88900,6.492
186451,28.56
11078,18.92
177140,21.72
61145,2.611
48256,8.305
193212,31.28
38407,8.4
158746,4.082
145059,76.0
298773,10.83
60351,17.08
42340,22.67
283749,3.615
139095,20.67
14173,10.336
5754,7.758
152653,12.46
264674,9.22
283762,14.49
245046,19.28
243359,81.3
204407,2.764
142776,56.9
253133,4.2
191366,10.875
218470,27.83
134040,20.38
51188,22.08
196931,30.3
294388,6.324
92653,13.05
66898,6.348
72640,12.33
136612,8.195
129160,4.41
125037,22.72
267406,9.9
68141,14.734
201118,6.94
295798,6.445
270913,20.72
34074,50.1
105727,9.55
104506,8.18
222399,8.25
82897,3.79
163932,3.78
180036,20.77
260725,19.36
198193,8.83
108673,1.939
27183,2.176
278820,15.586
274746,7.723
87491,7.438
243407,44.72
263985,2.027
35632,10.35
112852,27.83
204317,11.87
89247,52.03
225924,4.46
295535,6.883
283626,30.3
119878,2.182
78969,21.98
237202,25.61
133675,4.1
112570,6.05
256709,2.803
104013,14.34
290345,14.37
20906,27.77
234769,16.19
134623,5.27
276845,13.47
255735,30.72
286737,11.18
161994,80.3
264591,7.984
92011,13.414
46903,7.31
80981,47.84
111900,11.49
157770,19.61
150750,22.62
156041,9.44
183539,80.6
287850,5.65
90723,12.97
259210,11.914
212367,14.89
53336,14.95
198388,11.13
140278,8.47
172258,12.27
34230,18.42
166633,1.871
31066,8.58
94672,8.14
112027,11.914
222911,6.742
43603,18.89
224810,10.42
104784,22.2
3575,120.1
241256,23.84
12588,27.16
17965,37.78
252487,5.29
294771,3.984
201210,18.5
99528,56.44
152087,18.39
214494,17.58
28712,22.16
86313,2.453
96559,24.1
118573,20.17
227806,14.7
180124,9.75
291153,4.06
289485,28.69
54443,9.875
42163,5.5
113548,24.73
41998,6.367
243355,30.6
79292,22.77
148358,43.38
35342,2.826
153647,10.03
85550,4.28
278368,7.133
198684,30.84
161836,23.9
218249,7.984
99174,2.285
63036,6.05
38251,14.734
228690,13.73
276607,2.549
128720,8.07
55633,58.72
271470,8.96
240700,24.6
105792,6.973
8059,16.77
61574,19.56
198807,31.03
195395,43.03
23405,5.254
144955,59.9
33657,6.99
213439,37.62
285468,9.28
35483,27.66
227400,17.25
20054,57.12
189496,61.6
212048,14.984
212008,12.05
58742,25.05
245238,9.71
266837,6.836
13104,15.78
83927,44.0
228739,12.27
281064,9.73
246749,14.37
214091,44.62
213002,23.0
30521,7.57
292093,35.88
25997,42.44
145710,33.3
168799,4.082
168056,2.785
279547,19.89
285836,5.57
177156,3.889
170545,8.29
253641,33.5
191370,24.48
124791,41.28
141179,42.97
11485,11.375
56821,17.14
86429,4.996
4192,3.885
188627,32.62
60919,26.67
77516,2.23
231411,23.38
168370,3.605
233800,6.758
128088,12.64
170336,2.08
229331,56.22
135621,9.1
131983,11.89
52058,8.32
252429,1.838
83626,8.016
224098,6.492
161412,8.87
288742,16.62
70824,13.9
288675,8.64
92858,11.47
172574,2.867
124962,28.17
109243,6.004
113063,23.1
219558,2.291
284387,5.906
34680,6.61
39074,4.535
232578,11.695
212532,12.62
298157,4.582
76914,10.49
41940,5.52
6108,28.62
194422,34.66
151082,37.94
57674,7.59
88486,3.646
265046,65.4
235432,48.62
187723,13.22
179304,10.31
94052,6.94
228502,21.36
46286,5.03
131430,3.775
148838,6.098
268128,13.984
123417,10.09
47113,8.234
166314,4.812
232442,21.84
76288,6.402
22095,3.734
119508,14.19
76907,2.975
88403,2.512
223331,34.12
298238,20.8
32108,16.42
46588,8.16
111863,22.86
212556,9.81
106451,11.13
81652,7.555
104891,31.67
132515,8.51
79189,19.12
116940,30.53
214533,21.19
9235,9.4
97956,2.324
125698,30.72
248873,2.123
6498,17.69
121578,98.6
120903,16.42
241083,10.65
278898,22.67
148641,51.4
6969,5.03
125651,22.25
149996,20.97
188310,10.945
210050,40.88
115816,20.94
196903,22.67
191509,14.31
26712,8.66
55720,9.1
226421,17.39
272871,15.85
156786,48.03
286621,27.94
139604,6.22
97505,7.555
291152,7.688
49119,11.72
107818,12.64
78095,42.2
283335,2.04
45588,18.73
179909,14.37
51982,25.56
1372,112.4
139708,6.36
241829,34.38
261525,19.0
147651,69.6
248524,12.38
85181,8.47
229108,38.72
171605,27.27
111574,1.882
282232,2.412
173722,6.61
55299,9.71
49426,5.684
104076,8.04
33101,28.97
154388,6.086
197388,14.4
184378,27.33
4069,148.0
80468,11.79
294236,2.86
78141,11.47
141633,7.52
134076,17.11
34278,12.805
145240,16.45
129912,16.77
149044,39.72
55986,13.75
109740,12.59
219477,11.13
173815,9.12
63407,11.766
252605,13.555
120412,3.314
176761,11.87
94493,14.92
205549,10.83
295840,9.875
80599,7.324
164864,7.37
135554,42.62
27246,8.805
163806,25.14
162158,3.67
92346,32.62
86862,20.42
49487,4.645
189902,103.44
151755,4.535
153301,3.566
92708,7.773
165137,9.664
244150,3.918
82055,10.51
37364,1.919
15870,5.49
24417,7.293
76548,7.035
154304,5.3
229190,13.49
213837,23.47
98062,13.24
126293,34.38
39354,6.504
258309,15.39
289540,12.67
195772,89.4
296856,3.268
49662,35.16
40316,3.605
6543,10.31
78122,11.086
175084,9.24
88225,9.875
216208,23.38
267917,16.31
61770,4.426
234148,9.6
115778,15.36
259197,8.055
185719,12.27
30310,6.82
227114,10.875
181934,7.438
47749,5.867
82744,16.77
142621,59.2
245753,10.29
136976,30.66
86484,2.129
91645,8.07
147151,20.72
251543,20.1
295194,6.758
150092,5.03
175124,11.35
117794,4.453
45827,14.07
111231,23.66
193359,17.22
57406,10.9
125805,17.69
23299,14.43
149662,23.7
171400,6.867
41613,32.38
108253,18.78
103264,3.984
204619,45.78
171441,2.855
143814,22.62
106354,19.56
6432,8.77
62352,6.957
60610,15.65
119355,17.98
156541,6.594
208159,12.305
181729,3.535
173269,9.875
38201,4.99
3833,20.42
50370,14.58
209138,18.66
59794,31.16
101768,28.8
199140,9.96
221542,45.44
298117,4.06
106365,18.05
79531,7.133
12187,16.55
213210,25.88
133809,23.75
180313,9.28
47776,61.84
217927,25.14
155585,17.28
54832,13.35
193900,11.79
242817,23.61
228436,36.44
207528,10.92
89298,4.59
94806,15.3
169973,7.082
13084,20.12
83928,35.94
19157,45.16
264111,27.55
253650,14.19
93746,27.72
51402,21.11
299215,9.586
283848,16.45
14057,2.246
285808,4.168
172828,7.895
138394,60.88
116105,3.879
214086,11.11
97141,2.898
165608,4.605
149792,63.6
85842,17.69
263819,17.05
248714,28.56
185787,13.87
269071,12.59
192844,19.12
168618,7.57
265894,3.021
26927,11.47
180062,16.14
191234,30.72
28479,15.52
79282,12.695
218628,14.89
148266,24.14
249973,9.625
75707,13.414
180441,47.0
263586,11.55
154576,7.273
99275,12.56
170243,9.586
198295,7.355
245923,27.48
84635,9.12
45682,9.8
81265,18.84
92540,10.35
84200,9.65
965,11.47
83293,4.562
283735,5.234
227504,36.53
138123,22.9
217520,9.75
41068,9.18
164338,7.59
117956,19.97
240429,2.223
265089,18.7
24334,11.375
121488,48.53
212346,13.81
29749,13.9
236854,11.55
67606,21.5
160685,66.94
154247,14.58
181782,6.883
120567,9.38
241068,10.445
287241,3.99
68174,36.97
38629,5.914
258923,18.84
178049,20.77
25888,8.14
261767,17.72
203476,28.8
53203,13.93
255127,22.34
79984,22.3
284507,2.74
35243,6.19
276952,18.05
274627,5.94
144346,25.5
3840,10.76
149916,9.0
238481,13.75
32354,16.86
192139,8.29
32071,6.23
89689,3.064
200186,50.38
189437,6.773
186229,4.02
153568,16.83
226018,10.47
26094,6.91
249135,16.28
114732,40.06
115432,11.59
99939,16.42
111396,7.258
16789,4.18
86063,14.49
50982,19.56
32656,8.414
130720,17.0
113007,49.3
248712,11.18
99404,11.59
243534,9.92
24874,5.21
292830,7.004
40752,51.4
188523,4.47
119269,27.89
19974,4.285
187777,24.3
22788,17.5
146054,71.6
147781,79.4
137308,8.32
158669,24.94
250753,3.729
29909,10.49
235585,30.84
255099,7.965
114598,12.05
226715,7.57
236324,25.05
198590,28.22
285816,19.33
20228,58.97
115520,9.6
68956,50.0
235436,75.7
22526,23.52
135602,27.55
68822,7.258
39728,9.18
153919,8.34
291662,8.16
239563,12.695
181967,9.46
226849,12.59
21838,36.22
4102,38.78
157665,10.2
195400,75.1
49226,16.45
213015,11.664
142474,62.84
139256,73.94
72886,114.56
281054,19.28
84397,7.965
30153,4.395
282241,3.451
16827,12.78
293803,11.79
129804,19.84
207765,24.23
248260,12.64
261964,29.03
132244,4.527
147444,27.66
33551,15.2
133266,10.74
111043,22.86
135876,6.305
37466,13.19
20040,41.84
99458,23.0
163629,10.555
95301,9.24
118290,14.164
164812,6.195
113144,31.67
62773,7.605
221634,19.77
188806,5.086
168005,10.92
80582,17.0
10205,33.62
7582,30.84
240098,14.555
135134,3.39
144220,10.97
141687,18.31
213182,30.53
155644,8.43
177707,31.47
71195,15.36
97750,45.88
93913,12.54
50037,11.26
291832,29.2
41585,9.336
39789,10.625
61004,23.47
163378,14.4
182073,7.758
11948,10.31
157577,25.05
17357,10.805
35096,21.5
195585,73.06
163452,10.58
228138,6.957
2426,78.44
261834,20.38
142258,56.0
127202,13.695
112494,20.42
201278,1.9795
216657,37.56
132247,9.44
104439,20.12
279274,14.64
155689,24.84
204788,6.305
274816,6.91
107906,5.934
114761,12.484
78055,5.332
292966,11.914
209683,17.83
267020,6.742
130107,23.33
75132,26.03
93915,15.555
35806,17.05
296936,32.38
129680,9.26
28188,11.4
238066,21.58
199249,6.82
105986,5.727
110000,2.379
108764,5.625
52652,8.266
151474,4.9
48225,8.07
13407,23.7
186642,12.43
148111,28.05
30176,25.14
78298,24.3
286481,13.64
143846,15.81
276293,5.78
268964,4.605
195823,111.44
288438,4.426
88528,12.016
85673,12.62
133757,21.94
136737,3.941
219207,9.06
70492,12.46
52688,37.25
132135,16.45
22306,18.62
275400,58.97
65879,14.92
21897,30.53
290321,17.36
295190,8.84
181121,6.16
101025,19.12
1861,94.8
12620,12.15
152693,5.848
103744,9.8
71855,16.8
121925,12.97
2049,72.2
54426,23.75
270617,9.4
156451,10.29
246295,35.22
280286,4.938
239142,18.7
122481,15.78
209435,12.51
150608,5.27
89180,13.1
95693,9.81
26173,3.836
189946,14.25
226384,10.16
16904,15.46
270667,12.78
288187,8.484
93642,2.086
14908,14.52
213547,21.4
116949,33.5
141453,5.727
120666,19.92
160453,42.62
87140,18.31
111909,11.79
254186,11.086
181589,12.86
228909,12.695
24728,10.03
79505,14.34
194866,4.043
32260,19.2
149037,31.53
437,2.875
81378,4.812
74251,33.22
14504,20.25
67419,13.87
100017,27.61
296881,14.49
280087,39.66
111843,8.21
288153,24.19
163461,37.94
188555,11.445
74329,24.14
90467,6.35
75448,10.945
236876,12.695
215783,25.66
65087,19.0
187695,11.99
137696,22.53
27836,21.02
125757,6.99
254052,6.957
182732,8.04
284298,39.66
54146,11.33
208736,9.06
236118,2.467
233281,19.92
180659,6.254
189774,21.06
243340,41.53
35178,4.035
56869,18.05
263982,13.38
245922,9.38
49839,31.92
236357,2.867
25409,10.03
45896,9.3
137237,3.125
159888,16.55
166586,13.52
269101,25.5
12683,7.64
264514,4.492
209241,4.73
12433,17.11
95762,31.47
37404,10.97
195351,52.12
248336,16.08
230792,16.55
204516,8.83
63782,60.88
2177,58.28
9616,7.098
96699,12.78
118597,16.42
6781,20.25
90727,19.0
98184,19.36
9648,22.67
143871,27.48
234118,4.32
107183,18.78
116946,8.14
169716,15.14
177955,8.67
243787,12.75
77874,32.56
98630,2.898
87707,7.293
295575,8.51
56684,32.3
161025,101.0
272534,1.808
121702,11.016
142820,62.6
116276,13.13
185665,14.46
245964,8.6
44232,5.887
222044,25.2
119122,5.12
275763,2.625
167165,7.54
164811,8.984
73094,21.02
113967,37.94
94670,11.016
288839,3.826
107648,36.66
52080,23.14
175538,43.9
38652,11.16
5476,13.78
266005,16.83
76906,4.215
198658,4.625
265978,13.16
128582,141.8
287539,3.701
292852,15.14
2942,23.66
230207,44.44
241175,17.25
273923,55.34
155107,5.11
27934,24.14
238568,37.5
124404,43.12
91002,10.47
16717,19.52
197236,29.69
37125,2.684
133746,2.168
291067,22.3
204293,8.62
123657,5.125
224840,5.133
124478,30.3
232878,10.29
247369,24.8
159587,31.61
286341,37.88
268279,12.75
106291,34.25
209275,8.805
218594,11.99
111876,11.62
270764,12.27
196820,22.95
35520,28.75
82895,12.62
8209,18.97
63159,12.94
164114,2.234
49248,12.99
282839,2.273
208132,21.53
140730,21.45
299045,2.16
34410,4.492
4762,17.33
224105,10.445
76615,5.445
235321,28.17
179791,49.6
73388,14.46
27552,5.008
191751,18.78
86025,5.402
155050,41.2
243565,7.707
67765,43.38
183407,17.33
172701,21.31
243757,13.52
267487,15.586
59729,13.13
24256,19.28
208122,10.74
194350,10.24
45422,68.0
35360,4.305
298359,6.94
80313,9.18
258813,3.633
142504,46.9
176121,7.242
63940,25.4
159202,2.379
99550,73.06
150406,103.0
245244,16.94
241999,13.05
108088,24.6
134187,10.31
152408,25.0
282553,8.055
80450,19.33
213404,5.12
165057,5.17
141415,19.64
183213,19.44
246243,19.77
243016,7.52
130000,22.67
218119,7.293
178792,22.44
260277,9.26
118122,132.5
258578,15.11
283352,9.3
208003,23.84
205959,18.17
132819,8.55
297195,9.984
259689,2.684
38633,7.066
73249,17.36
35615,8.984
191564,11.79
213163,22.16
153360,26.4
152373,8.25
121348,21.72
260628,3.477
55850,13.19
235728,20.55
161429,9.77
220594,16.22
66200,5.508
11469,7.31
23148,9.195
78238,14.555
60514,3.045
222449,9.8
83338,3.945
122922,11.766
11158,12.195
121255,12.86
283439,2.117
84212,18.42
57850,11.13
277234,4.996
64401,19.92
147381,16.19
236230,8.18
225128,11.23
146265,12.016
275542,7.035
172457,9.71
137645,11.57
55774,16.83
193819,15.39
295922,5.625
275205,21.28
170407,3.068
129287,20.05
159087,10.13
80407,11.89
42521,13.33
281233,36.8
269249,37.5
177988,3.268
77178,5.3
153311,15.78
798,17.61
61531,14.05
23170,25.4
196688,15.016
180300,4.816
266962,14.07
29825,18.1
142602,52.44
142138,78.75
77712,7.066
295691,12.695
144405,21.8
88503,8.71
110441,19.61
247623,12.305
123928,20.55
202359,10.42
6502,5.035
217746,4.582
144041,37.34
35936,2.576
260830,10.03
163692,22.34
218881,24.69
109279,5.875
107178,5.312
210416,4.54
296280,9.5
231750,25.45
292709,6.348
145803,9.52
147225,56.66
259102,3.39
226800,16.83
4940,11.13
176131,7.242
176531,16.22
85106,4.633
276599,2.602
18401,25.72
226691,12.67
230812,43.66
15714,23.28
108289,23.61
273232,29.16
199777,7.83
280258,2.86
70020,7.54
273382,1.791
263614,13.75
143690,77.5
82704,12.56
59288,2.887
197709,7.688
43544,10.85
164463,14.13
129718,9.9
53913,29.92
156908,115.5
13943,9.6
104827,10.695
141478,16.55
10228,31.8
295723,11.97
111482,9.71
168250,20.25
270707,8.484
109668,19.4
260930,3.965
135057,52.75
243044,14.67
146808,24.69
130295,7.34
131461,36.0
283668,12.43
286870,34.6
135166,27.33
80871,21.77
281061,19.05
43150,13.75
94631,9.26
150782,47.2
241659,11.11
238221,51.8
7666,28.28
209106,25.25
63522,15.14
231846,9.945
158728,13.75
24388,26.14
256978,5.953
96246,10.16
195310,60.62
3495,147.4
46900,8.07
20216,80.3
3015,39.97
126073,22.72
229419,10.78
89785,3.412
230585,9.945
264191,53.38
152708,30.72
167880,15.65
61161,5.703
189516,13.38
204599,56.44
185039,12.35
255014,53.6
649,21.98
149743,56.22
251225,26.56
191713,9.8
78497,9.69
184671,10.4
185522,13.93
236288,3.615
182189,21.28
172299,10.555
112353,30.53
102578,10.49
33598,6.227
143994,52.53
217595,29.33
130945,3.121
33791,7.844
151674,6.535
27842,9.02
41806,9.18
198291,7.453
237776,22.48
150900,4.887
156762,54.03
79393,14.92
250884,30.42
168978,5.59
256383,13.08
151953,4.21
20767,26.72
285676,6.297
224772,17.61
60897,24.14
227038,29.86
205886,9.6
91274,10.07
61116,2.168
170986,11.13
15849,8.375
38228,19.36
56851,4.508
177401,26.61
219242,15.2
158351,11.2
153569,15.81
33994,12.88
268931,4.62
75050,9.38
56721,10.555
87374,7.453
192091,138.4
278008,2.748
172528,6.23
77548,10.78
260701,5.06
162826,43.22
167382,14.28
270978,14.61
3605,148.6
215985,4.137
22327,3.994
223980,8.805
212662,12.05
178479,7.965
8591,31.92
112349,23.1
118114,22.44
229318,33.9
60591,8.414
27540,8.84
133810,19.92
230901,8.45
295814,6.883
88951,13.75
142389,76.9
4579,29.92
112600,28.75
98019,7.02
276046,6.19
110118,24.55
55600,11.84
21024,80.6
130763,27.0
127764,19.61
23296,22.44
80972,48.62
249082,13.33
267202,5.098
11816,8.67
61395,71.6
27661,9.875
228862,26.45
272578,11.945
126494,16.66
196016,77.8
50393,41.53
88137,13.93
174482,7.133
214811,22.95
226754,99.0
173077,20.72
268059,10.99
135453,9.484
112485,16.05
11309,18.1
102705,29.39
270262,25.2
29482,46.62
194102,4.777
10160,21.45
73463,13.05
130062,22.03
105169,11.47
175414,6.086
18474,4.434
63285,10.72
17050,3.5
222409,10.85
42437,19.25
107717,20.72
60158,23.47
225105,3.117
75035,26.56
128733,4.477
42811,10.31
193506,17.39
234340,15.914
62861,33.56
175581,5.12
141081,10.83
77901,15.42
38768,7.066
85458,27.66
46135,26.89
261098,9.18
267548,12.64
262257,13.13
258046,17.98
241837,11.18
137124,9.664
17740,6.957
286498,8.04
203187,21.06
267394,10.78
189271,120.6
12286,28.52
190065,9.73
292191,4.78
241827,27.0
285838,18.66
294395,6.82
24607,10.445
59139,4.594
185779,7.52
25189,74.5
109184,23.28
215514,9.08
178322,10.78
177834,8.29
139304,5.055
227236,5.535
19720,36.97
298066,5.457
214066,80.0
31326,59.66
86308,27.22
166779,2.172
286040,7.02
69427,9.71
137059,11.82
106563,4.938
86305,19.05
251098,5.332
229611,14.64
266777,32.5
189375,18.05
38783,20.84
82441,10.78
246316,6.668
8869,12.195
115177,27.72
266608,15.52
114335,20.38
85942,22.25
95920,13.87
74152,14.984
133917,12.33
183995,20.97
129144,13.78
11901,20.05
87179,5.78
12682,44.2
101032,17.25
115502,7.066
120224,18.97
291786,12.914
286083,8.6
75162,8.75
27657,13.08
192645,20.5
237827,28.45
30503,12.305
293794,10.625
31859,29.1
131229,7.914
273335,33.84
126035,24.14
51291,11.64
155590,4.484
27901,3.738
28200,2.684
295578,2.94
106904,11.2
182473,9.14
137840,17.08
171061,12.94
295382,21.36
53589,6.504
217855,54.47
69016,18.2
196813,23.66
210613,2.406
284995,5.02
68290,13.27
181394,16.62
18705,7.133
87084,8.16
215021,34.66
261405,12.38
195997,77.5
289976,23.95
90029,18.89
79076,8.84
118640,9.65
67352,21.8
167709,18.2
271965,4.16
138478,15.945
243492,24.55
195410,56.0
85396,5.258
193244,13.05
5703,7.082
81700,10.74
183151,84.25
7291,25.66
268002,2.633
119876,22.86
107734,7.227
287783,14.766
174330,10.65
260812,20.34
58772,6.016
76550,7.05
31322,15.2
116325,12.695
246814,63.84
139714,15.3
209894,20.34
143323,15.81
296632,13.75
14694,44.53
2107,27.94
219189,28.92
124769,8.266
258210,20.3
3476,11.62
195054,16.28
169060,6.31
198239,14.31
42664,34.47
39795,13.38
248419,21.02
251118,4.555
213336,5.793
66814,25.66
267873,4.58
37373,26.4
92494,17.47
50958,22.34
276309,6.7
253735,2.895
248932,29.1
275410,13.08
152678,6.91
131079,11.35
103788,10.92
120603,14.19
161322,11.13
91155,34.8
148559,41.94
223297,10.805
87965,2.13
99492,16.9
268961,11.2
262035,3.812
32182,17.22
21590,46.25
252253,12.56
45061,13.52
143011,16.66
157127,145.6
273705,44.8
219100,21.28
225661,15.14
292582,11.79
216242,19.56
201947,4.406
115230,8.266
148195,18.97
18491,5.953
275903,4.566
170868,4.926
287901,34.12
227080,8.14
213659,22.67
103819,9.86
84188,12.484
159273,6.227
254701,12.94
16891,13.24
136059,10.625
50827,11.695
139214,12.695
92714,57.34
162174,1.802
63635,11.84
282197,4.984
41257,16.55
23849,18.05
71286,23.28
223768,11.375
147377,62.6
291512,39.4
29683,11.914
153108,5.93
291573,22.95
204272,29.69
3664,2.152
39894,22.62
103001,10.99
62683,79.06
178112,10.07
86055,12.09
105417,13.02
249352,35.5
3377,8.984
7134,27.27
272569,6.684
262989,3.79
225386,2.822
207664,7.93
195743,57.12
153034,12.54
53622,63.84
118840,24.94
194445,17.0
190649,42.28
294992,3.021
210985,13.78
151225,13.13
165441,5.395
79437,8.0
277575,4.18
231885,27.72
142240,79.4
205266,15.75
81037,4.28
277915,14.766
103935,12.51
221005,62.34
216283,5.664
133423,126.94
284047,22.2
106356,17.77
199712,19.84
151924,9.14
253542,8.375
91318,7.117
144578,18.84
27758,3.053
195275,71.9
279468,10.625
237066,9.92
17167,16.48
210170,13.75
164519,7.723
281155,9.96
133144,4.8
194432,8.984
151582,3.482
273230,14.46
258562,8.75
139094,15.62
246803,25.45
186870,14.43
78972,98.6
79983,9.9
269686,19.28
178829,9.69
105875,23.1
71083,25.72
209561,19.89
28792,5.93
82075,22.3
35724,9.625
137079,15.016
76740,34.25
70850,11.79
173405,22.53
267698,15.555
164784,11.4
209390,12.73
105103,18.58
26105,5.516
295954,11.55
169359,2.379
11248,17.47
204444,49.2
63997,15.49
13328,21.19
136839,15.75
51038,29.62
82775,20.89
52590,8.18
237913,16.22
115836,5.113
269782,16.72
168094,9.42
202621,9.71
89926,7.95
269725,5.773
295146,11.99
151245,13.3
32255,3.918
210987,10.18
80247,44.53
82332,5.484
131999,9.16
1775,63.34
52332,43.47
193867,1.959
118904,7.195
171769,21.31
284707,4.855
196969,17.28
242542,3.928
80477,9.36
19260,1.956
258904,13.02
139582,9.9
29625,11.375
5609,98.25
234309,28.11
276667,8.56
70820,5.223
136739,2.166
203959,22.25
81804,3.34
142384,103.8
152633,4.016
168153,6.94
203038,10.24
167974,9.75
298811,23.8
299082,3.412
84450,17.11
296050,17.33
40259,10.336
200711,33.9
3606,23.75
70510,19.64
135892,20.64
47730,15.914
193408,3.852
195107,3.39
92093,21.53
280882,12.56
32250,23.28
207229,20.94
128113,4.023
83741,5.297
12717,11.55
259501,2.197
254315,29.45
146675,82.9
16231,2.912
215094,1.982
257353,17.69
74660,11.55
72017,3.23
285793,9.484
226435,48.22
287685,11.16
114127,8.43
187812,18.1
73739,12.73
35686,9.92
125641,7.273
205073,12.305
291211,5.996
155180,15.2
107824,8.016
93961,25.66
4051,49.6
195555,65.9
265453,5.727
33803,13.08
131537,16.42
131408,9.14
44811,16.9
236779,11.23
149580,5.605
205787,35.3
242415,10.24
45748,4.996
239233,7.656
134460,19.33
45235,7.54
264931,5.484
174427,5.996
231844,13.33
241214,14.8
125765,17.98
88296,2.426
114945,15.98
105815,21.53
136814,20.02
260373,11.4
191143,5.78
123533,79.4
467,24.14
140275,1.962
117767,11.945
282983,8.055
201919,29.56
260208,13.93
125568,5.98
106625,12.17
272135,2.773
262904,3.766
288878,8.71
42949,5.934
169838,35.5
287904,12.41
262593,52.84
44207,20.97
13631,7.62
35586,23.28
169821,25.3
180958,6.22
71293,9.56
297493,23.42
170360,10.945
108483,12.17
201349,29.33
131532,5.414
79241,10.13
134388,28.62
56299,19.05
247345,17.14
220159,7.54
224411,8.51
201505,14.64
141246,7.273
276220,7.895
193163,9.5
286223,27.11
223666,12.97
298786,5.11
152578,20.6
274848,84.9
220768,16.42
117516,26.14
280928,23.66
185469,5.35
51622,18.42
152781,9.24
262952,20.47
19668,11.28
97165,10.67
237569,9.77
66372,20.77
239591,67.5
101866,10.51
177461,10.12
82413,5.312
278740,16.8
170889,3.715
82174,125.44
278684,11.42
266191,44.72
91165,31.92
56975,2.777
226677,35.38
22216,13.75
4117,6.94
164235,24.84
273887,6.375
143982,55.34
20127,16.25
45803,3.72
273110,2.598
69032,18.2
152641,13.16
131662,14.89
104743,12.56
85743,2.291
223382,9.02
25452,10.695
188034,11.72
281707,1.956
25325,14.43
2144,66.94
119757,9.8
242963,11.4
202256,27.16
270702,9.586
223301,8.0
114373,12.41
6018,6.402
73032,6.15
129907,23.84
55772,8.92
79937,6.594
126752,1.832
291602,6.55
20160,77.8
25935,5.8
17409,13.836
111947,31.4
211902,5.79
163473,10.875
34359,15.234
115466,23.95
276699,8.4
222425,15.05
44004,9.28
176312,15.14
208176,11.445
175975,15.62
238281,22.12
42982,30.3
89207,12.88
8965,17.33
154,4.035
165877,2.871
92457,26.19
96292,6.973
126808,16.83
113833,7.195
242753,3.525
45451,16.83
288123,12.09
55125,19.36
67873,32.2
158540,9.14
291717,16.22
289660,12.33
83109,19.48
104587,12.83
5890,3.795
193421,13.49
62416,15.2
13314,19.17
158695,22.34
114839,28.28
169846,8.414
191103,18.28
81487,9.945
149985,16.11
263652,8.234
24553,51.9
112969,24.89
47750,5.887
275642,8.87
41576,3.076
256277,9.16
2734,23.52
160782,54.47
284016,20.84
257314,18.1
201363,13.61
157995,21.31
149872,80.3
53225,21.4
279662,9.32
214457,5.023
267274,3.215
102176,12.88
208931,10.18
20262,76.9
219520,9.5
37154,7.42
118062,127.44
113735,8.83
280021,9.4
51159,37.4
234810,2.084
169782,7.117
185981,9.38
286381,3.766
202065,17.28
257229,7.95
243923,20.47
33300,16.48
259332,10.625
36253,9.195
100142,16.86
25108,5.867
106874,19.2
63497,14.1
178297,12.67
269802,9.55
104866,6.445
4350,10.78
191306,4.715
35948,2.902
72697,13.984
36725,11.64
288028,21.23
184998,4.582
289212,14.34
100317,56.66
289118,18.5
264955,19.77
4322,54.03
19195,59.44
271979,49.4
114020,13.24
95247,9.14
138880,10.625
103445,5.12
145866,9.71
270521,5.695
187561,18.47
5535,14.31
193337,12.914
46781,11.18
239582,56.9
247228,23.8
66828,16.66
228361,17.14
269835,3.03
173127,14.46
10435,13.73
168970,2.607
65328,13.08
203280,16.25
296814,11.04
335,3.57
81755,4.84
110140,26.61
218111,7.473
113529,26.23
214204,19.8
121825,7.88
115576,12.484
124165,48.8
269402,11.79
171628,4.293
148797,148.0
259436,17.0
265835,9.28
72175,14.52
134598,1.905
228891,61.12
83031,39.5
199858,6.926
176648,9.984
201710,47.2
291318,9.484
195926,82.9
76525,22.08
265565,83.25
232211,16.8
246170,9.8
113704,27.94
151987,33.9
132714,9.36
163180,17.88
220762,18.28
48194,13.73
182876,17.58
249970,22.03
215680,3.822
105695,11.57
183496,25.81
6419,17.28
142070,33.56
148404,12.56
55724,16.45
206613,15.88
61636,10.18
257815,4.113
197884,38.1
29911,6.418
171211,6.434
259261,6.19
294037,5.426
184674,6.418
48572,20.34
252538,23.42
123756,7.57
141067,8.055
105173,20.38
8851,22.72
26666,10.58
43971,9.14
37687,4.1
37997,6.266
260282,7.895
15724,18.97
97633,11.28
39296,30.36
9878,26.5
17562,8.195
24855,10.875
174474,3.71
231235,9.18
103997,12.17
56164,12.41
123534,11.914
268420,8.36
71621,13.16
117817,20.94
215113,15.69
85619,17.83
98948,23.0
227413,11.04
226792,7.31
229936,12.305
26960,24.34
120680,123.0
183065,6.805
88071,1.902
174375,12.27
178876,8.4
138476,9.12
290022,4.902
56104,3.922
105100,10.24
151409,25.3
138666,19.44
274128,9.77
73883,28.45
2934,12.23
18651,15.11
16355,7.066
171330,6.418
32204,11.4
43078,3.822
62540,24.6
27349,4.387
120092,8.75
28154,2.102
180915,15.75
63596,16.83
170884,12.99
134347,5.426
92310,20.67
73554,23.8
163448,4.74
237014,15.945
26801,14.19
174223,7.133
113306,2.062
223788,19.2
146347,9.65
158256,28.39
89800,3.465
25770,31.61
194095,17.61
269855,10.51
297204,29.1
93487,17.28
264049,6.184
156206,7.59
240838,6.477
47512,28.56
289384,16.38
60084,13.24
24772,5.363
11468,50.1
197050,29.75
189272,51.0
143074,2.09
173433,22.03
246270,4.918
86572,2.26
247459,29.2
141307,25.61
142943,26.19
73621,10.65
137639,6.99
64455,9.56
73839,29.98
284631,2.822
193013,18.12
130352,29.56
272878,5.227
295679,5.434
274054,3.66
104708,19.28
209151,21.45
257281,14.86
172987,28.17
175597,11.89
162890,25.4
133396,14.7
119826,3.846
117471,18.17
180093,17.72
49840,17.14
128811,3.588
163110,5.93
276456,10.09
39904,11.945
85091,6.82
109095,16.38
187325,12.05
227907,118.75
102933,12.27
225619,4.22
140537,1.956
234897,3.557
32133,13.49
222338,24.55
275716,7.117
249337,19.56
106571,5.17
168359,3.459
2630,35.16
123821,15.65
217478,16.55
277581,28.69
196732,7.15
281497,9.44
259807,10.99
127086,2.44
107280,9.6
255059,8.43
648,33.1
132374,38.94
97224,56.44
79675,14.86
72374,30.05
56781,79.4
60513,9.984
145884,16.55
133221,22.81
207252,12.25
22658,10.09
83599,23.9
279222,6.94
55520,7.34
107654,12.83
296369,5.03
217449,6.535
68831,36.9
180275,11.87
221482,10.2
83783,19.97
233458,39.2
109304,2.182
214145,39.2
197324,4.996
68571,4.75
270410,11.72
97445,6.715
99403,117.8
286538,4.875
2124,40.47
97939,5.434
204246,8.14
100675,41.53
114377,5.715
282310,2.654
253101,8.66
20188,38.56
150400,3.518
66305,33.38
249864,13.22
13653,2.01
16016,15.72
286385,9.06
236541,48.22
96607,1.939
111832,15.62
165193,11.52
42984,29.75
221855,4.65
8826,22.16
202934,17.25
25894,3.912
137418,4.363
262561,23.95
117948,142.9
45830,14.016
13803,8.45
42806,22.25
1306,19.61
1795,89.75
260192,8.414
193523,11.18
209850,25.56
50265,11.945
241461,4.18
288287,34.66
139956,18.89
7318,20.3
148145,11.49
253778,7.453
277141,2.104
152285,23.47
84529,36.75
68960,23.9
36824,3.508
163981,8.91
234342,9.5
207054,13.33
85843,13.35
8358,17.25
158189,31.34
164941,2.662
158678,80.3
270626,7.21
263152,140.6
68618,49.5
258661,3.076
97591,2.512
49234,9.32
7672,44.25
236305,19.69
116247,8.484
190186,4.777
220432,64.6
141529,15.266
261376,13.78
4992,29.98
134030,12.05
115553,14.07
129182,13.695
264563,2.566
23016,48.53
65936,15.65
36356,15.62
268518,10.97
26618,4.555
33305,12.25
158706,13.44
147321,24.05
291193,7.227
211772,18.97
36483,9.3
57717,7.035
93924,16.52
57494,17.47
249661,5.715
223602,10.375
203646,33.56
254198,2.684
55292,24.44
70978,118.25
35667,9.75
54316,7.098
157494,146.2
89812,36.53
242405,5.312
148288,14.984
57084,31.4
68765,4.535
205757,21.67
86,18.78
128273,33.78
131928,17.61
288625,27.89
269954,22.16
243650,4.117
100069,3.975
229836,24.3
188902,20.47
212500,6.105
270765,18.1
270747,4.816
283254,23.19
237351,9.664
135133,18.23
108552,14.4
295095,2.756
159673,10.67
164774,19.77
149287,5.086
271004,11.52
267970,4.24
130060,34.94
49144,7.49
54264,18.73
112660,7.273
9624,19.77
40518,17.28
236457,40.7
50536,10.97
237211,15.72
171677,2.42
293991,16.02
217242,12.67
114418,14.89
46808,10.07
142865,56.22
283064,26.3
166541,12.97
265528,17.9
48942,4.94
195546,71.06
86148,22.53
21840,18.55
213064,22.67
59901,8.56
283411,2.701
215338,32.62
151338,31.73
174834,3.477
210311,21.62
178077,20.6
271331,20.12
7855,10.336
68137,21.84
185476,6.168
189838,21.45
172611,7.355
188488,6.254
241718,13.61
138607,104.25
16661,26.23
274831,4.137
15872,6.46
118697,13.555
136600,5.902
179235,6.297
183331,19.0
196372,54.9
130766,34.38
188683,21.5
192207,23.33
286615,8.11
232338,27.72
146143,52.34
54371,25.3
220939,2.223
241873,55.78
54004,21.19
211227,11.18
178035,31.1
270975,7.555
208242,6.58
17492,10.07
35391,2.484
185793,5.566
233722,30.6
205739,39.72
220261,32.9
152574,21.89
47000,30.97
269963,5.902
89082,4.375
60321,13.93
62211,30.17
286632,8.266
88762,2.545
201790,47.56
250707,13.81
21549,2.281
173126,6.31
178196,2.182
2297,66.7
14412,14.734
209551,19.44
6423,24.8
223759,12.62
166341,2.213
101038,4.996
164669,7.098
186661,17.58
16528,17.69
148743,62.6
114899,24.48
244649,8.88
278643,45.34
50666,28.92
62922,15.17
8412,21.98
1424,49.2
285424,5.023
215640,19.08
162221,5.586
74077,2.004
93445,3.166
86485,5.266
257064,6.883
295846,4.004
153550,26.72
107232,6.105
6062,27.48
20064,16.62
105336,17.28
22266,5.06
235812,37.62
103633,21.5
258014,9.36
119627,7.54
183442,16.94
176013,6.895
173982,2.264
160271,6.086
270935,6.836
236547,16.9
134779,6.758
54667,17.77
125492,23.23
45372,5.887
106932,8.58
205228,14.016
61938,9.06
104038,19.25
39446,4.363
64019,20.34
155503,2.887
74562,43.12
277425,9.586
192804,106.3
127312,6.105
289427,22.72
90154,32.97
131830,9.71
259351,20.64
21337,10.67
241627,19.8
82899,6.82
297683,6.273
264083,24.48
283476,2.81
75092,18.47
258058,14.49
72838,42.53
85913,38.62
199655,3.455
231395,2.111
61601,1.988
249217,5.58
117936,7.242
194988,3.408
218790,4.79
8454,13.38
291460,8.47
284475,5.668
280035,9.06
76717,6.79
274926,5.1
59630,22.16
259088,18.05
249340,17.0
148257,26.08
3755,44.25
173036,2.26
191090,11.26
179638,15.36
195499,102.6
154504,15.69
62952,15.14
157219,108.0
80631,7.62
65163,9.945
88061,5.395
179482,32.7
77715,5.637
150139,6.195
85164,6.742
19898,28.8
215185,5.363
46885,22.95
142858,48.12
235730,10.53
238596,20.97
151061,43.12
40555,20.22
14562,5.125
214242,12.15
87004,3.809
92571,55.34
137435,16.83
111012,2.156
232696,43.8
148624,37.12
252937,15.62
94067,9.664
161348,3.455
161027,99.8
184586,2.844
70397,10.625
93833,9.08
125939,3.697
283415,8.47
234665,14.34
74952,2.08
142562,25.81
176414,6.418
86915,11.79
242315,18.84
228425,8.14
56191,6.742
204216,25.1
54953,15.65
125750,8.305
216545,10.74
118354,6.895
183912,3.588
25794,10.266
64838,14.8
293940,15.11
214938,18.17
245688,17.69
241788,18.2
256568,36.53
204812,7.453
167583,9.14
85125,6.94
59519,9.69
173291,8.484
77540,4.363
44372,20.55
16237,20.42
210944,5.297
70862,20.5
252348,17.05
227188,23.0
171312,12.09
234378,15.11
232523,24.55
116159,19.36
108457,11.52
63801,52.03
154994,7.453
187191,21.67
244983,24.48
213445,27.66
19315,57.34
10720,3.775
236918,42.78
82041,6.7
79118,15.85
46980,25.45
267676,9.71
53426,15.11
102981,33.78
240889,19.52
181711,6.79
268829,7.844
127194,17.94
113969,24.55
296683,10.16
2701,16.11
143852,63.84
13700,1.682
256053,6.05
198957,5.645
163922,27.33
178333,129.5
89873,7.406
122941,16.11
66871,26.03
263330,8.58
221801,11.33
252685,8.62
63548,19.52
234042,6.895
235392,30.47
70842,7.844
101517,18.12
292115,41.44
58274,14.58
50119,10.555
236387,10.76
118383,29.81
37819,18.73
77082,8.25
184690,12.305
225403,17.88
90788,7.793
26969,19.89
159817,43.56
287857,4.305
54809,5.715
294456,6.203
151394,12.83
29664,55.12
86198,66.7
81901,3.244
265581,13.61
99220,10.6
65804,31.03
52889,9.06
126275,16.83
133818,13.13
189150,13.52
11627,30.11
140177,1.948
117538,28.45
241097,9.16
232433,21.94
194452,10.2
163603,6.637
239295,16.38
195667,59.44
197154,31.61
195578,83.25
174867,2.959
127909,27.05
23427,59.66
57883,13.87
84231,16.31
87639,20.67
157558,120.6
64165,11.305
129699,12.05
242642,6.023
33793,8.305
18204,56.66
178058,8.055
100598,3.674
289739,7.31
184724,8.305
111275,15.72
8621,2.092
239494,16.31
98597,17.55
265188,21.98
43780,9.14
117147,8.36
254659,13.27
68010,41.1
270152,5.457
193150,25.66
275686,4.914
278654,28.22
246241,10.6
210046,18.2
6555,6.535
197788,118.25
293291,7.258
175206,8.45
241362,14.95
99160,7.742
109005,13.9
7964,33.44
51017,9.836
225603,5.58
33548,8.75
43950,9.8
44905,20.12
48283,7.54
151856,2.096
292400,2.803
172099,6.99
182122,35.8
92674,20.34
43493,8.086
46018,10.76
250062,8.305
57871,15.05
24250,23.1
74285,14.95
116808,8.266
146701,10.58
2507,57.56
155499,12.41
171690,11.57
150323,33.5
8678,6.023
66129,22.9
170431,8.305
207387,16.38
41089,25.4
126105,6.434
96053,6.895
116594,10.67
216130,19.97
188167,77.5
17952,127.94
26821,16.25
242116,36.38
81001,5.76
195703,52.03
109099,8.14
298617,6.58
126207,17.0
261909,30.36
270297,9.52
142037,39.34
8544,28.56
87119,5.54
29376,21.89
240621,12.62
263590,6.46
154235,12.484
283313,3.357
115023,6.15
83849,39.25
298884,32.25
107984,17.58
131289,9.04
114763,9.9
271932,15.81
38894,12.12
111924,15.46
15592,14.07
150127,5.934
90707,18.39
21663,7.473
11340,8.79
223958,4.535
47258,14.28
283159,28.86
237603,10.74
19417,57.8
285116,5.656
138114,2.234
179387,20.89
244291,52.34
63509,24.1
113239,38.3
264249,7.49
166409,17.72
49256,9.16
281573,8.18
124570,19.2
96409,9.86
29311,20.12
150185,4.035
102703,5.555
27628,4.36
29682,8.04
38758,9.625
14089,21.62
63198,33.78
230591,11.664
133227,7.082
174608,12.484
133734,16.31
236204,7.984
48580,11.82
66042,25.88
114500,38.25
272676,15.69
165253,1.91
34585,20.64
212165,23.7
106085,10.53
20878,61.84
161712,6.094
20720,38.88
168830,12.195
123416,9.38
154735,18.05
91051,19.48
74367,10.2
52421,30.6
121712,21.67
179252,6.066
289353,10.42
112834,14.58
241551,12.99
158719,14.164
190999,21.19
284386,4.336
219263,8.016
264605,6.367
51445,11.13
241038,9.586
245368,28.34
79257,16.11
243337,17.19
56542,17.14
624,6.758
95567,12.695
142941,27.11
281694,3.775
198074,13.44
152242,21.45
123826,59.9
58945,15.016
129723,11.79
256906,16.86
8470,33.72
59211,23.75
110794,22.44
146740,60.88
155908,5.65
185140,6.91
115699,16.62
88418,33.72
206713,28.39
98508,8.6
267115,12.97
111936,6.26
51323,11.89
99397,106.75
186170,26.08
125575,34.75
105515,14.92
83701,3.623
68746,9.945
25316,12.62
155249,7.242
260437,26.89
59535,17.47
216579,24.48
93703,16.05
166581,23.0
247658,16.77
191438,24.44
197827,26.67
118853,22.67
281449,24.1
295295,48.9
235315,25.66
149472,23.7
137936,6.445
272852,12.97
234181,19.64
96285,12.27
124888,4.91
191497,2.975
132905,7.742
129897,17.05
10154,6.06
85234,17.94
82063,6.957
14170,42.78
263524,13.27
189176,12.695
280353,10.2
235779,66.44
149399,30.47
106523,54.03
19480,28.86
178208,3.865
267016,10.85
212962,20.1
201878,4.93
255801,7.504
279878,92.6
101080,13.22
23033,44.2
239722,12.484
37798,12.78
96166,17.11
192006,22.2
122748,9.71
43739,9.52
137356,14.13
284285,1.862
224846,114.1
115437,35.1
129826,15.36
100495,10.9
54344,5.098
78110,17.8
193594,4.27
208206,2.203
279066,15.05
144872,96.7
15874,30.23
180819,8.75
28406,5.18
7981,12.05
48106,10.07
49706,7.688
48748,18.5
35464,25.34
20738,57.8
197465,18.5
210054,18.55
53201,12.07
247259,22.77
139817,7.293
164179,8.14
46472,24.3
18554,9.24
228201,106.75
61178,11.664
3461,11.33
131534,9.46
35186,4.566
75015,8.734
163880,20.12
154381,11.016
281457,16.55
235145,30.6
83386,8.234
239071,25.14
138768,1.91
97344,11.23
198331,38.25
208629,14.984
264408,29.56
17268,6.625
146567,51.9
198646,19.2
126810,5.98
62288,13.02
118300,5.5
154567,3.697
60341,23.28
95501,32.44
107680,12.25
40833,4.824
4603,14.05
278121,20.34
193419,36.38
118613,21.58
231893,61.84
4733,24.73
274343,19.05
268393,12.15
135066,5.516
50460,7.793
50614,48.03
133919,11.945
109217,22.72
199816,4.527
115259,33.62
267850,7.453
217048,3.53
3224,25.61
135055,42.1
98964,13.38
255728,3.182
116400,17.33
98131,3.66
238821,17.9
288555,5.266
205438,57.8
194143,3.365
64248,60.88
279125,14.89
244130,29.81
29557,21.53
198754,1.704
193998,10.23
152571,18.7
50747,9.69
202061,15.555
104688,25.81
176647,11.57
57097,2.773
145203,58.03
28968,14.07
127501,30.84
211851,56.44
262034,5.0
265615,4.664
244020,20.64
2222,49.9
32555,13.95
124144,4.89
234166,5.34
57588,18.2
98981,3.084
144871,56.22
106160,9.5
16687,11.28
79638,5.18
20271,85.94
83119,8.87
172073,7.67
51051,4.9
220900,21.72
152809,29.69
276670,10.99
195323,76.0
250800,10.266
250887,25.1
164545,11.28
150612,15.78
164157,7.34
187651,12.33
217847,23.1
281136,13.95
85876,2.818
74949,2.078
44720,2.688
126015,5.387
29267,26.94
90878,5.375
151428,6.895
97414,7.133
182752,23.14
143879,16.45
40173,1.902
267155,24.3
154189,14.07
198270,31.34
221017,17.36
132293,19.64
117807,5.246
26817,3.322
159748,3.43
95466,4.918
197734,107.56
131316,16.9
232484,21.02
238656,21.5
51099,12.56
152787,2.29
12256,20.64
86137,10.29
84588,16.14
292223,5.555
258965,18.42
142583,34.75
150527,3.178
198430,19.0
218525,3.11
291396,14.734
280857,4.656
5628,25.88
166224,24.8
248416,32.06
196325,80.6
218916,4.777
228635,27.83
258081,10.375
206831,11.305
45320,11.33
74298,27.72
6236,11.945
140480,7.15
200094,4.66
262476,5.96
230838,20.47
171536,23.0
194097,12.73
287927,11.84
14524,23.84
56256,13.87
218517,5.086
149777,12.15
127762,5.09
122573,54.7
210282,10.375
209943,48.72
125835,26.19
1169,31.86
30794,3.068
160760,34.3
135040,6.99
247159,4.312
201530,12.86
96645,2.41
255614,6.773
187774,7.984
60975,12.78
89920,5.113
240689,69.1
182800,1.785
231896,16.11
209475,27.0
44161,8.25
26755,20.47
285694,5.645
69709,7.93
149093,102.6
70008,6.773
253740,3.244
132463,11.42
181833,24.84
224687,13.02
287070,5.055
55601,7.473
28408,9.22
31071,14.19
35212,3.78
9602,12.27
261452,28.11
201557,5.35
80766,7.227
111701,16.55
150627,4.71
125021,124.94
260872,72.5
292786,5.98
104543,33.56
28316,16.8
166558,13.3
215587,12.41
198931,2.74
290380,8.195
246285,15.62
167886,14.67
23220,12.27
95460,4.598
115481,11.4
63916,15.3
41475,5.438
85845,18.02
215756,44.1
71407,13.1
113854,7.355
214582,15.17
13217,3.965
113229,10.23
160988,83.56
51742,29.1
211185,23.52
53121,40.7
275688,7.62
230362,10.445
102093,14.7
237766,26.5
114229,12.25
97861,12.05
266868,20.89
253268,17.05
38117,8.4
46581,31.98
164249,4.8
12503,18.12
82358,13.695
292064,26.4
195860,74.8
193664,6.61
161714,110.2
123421,13.73
233295,2.104
25813,7.21
105692,12.305
116277,16.22
282750,15.11
81828,18.31
65531,16.6
188988,18.5
154971,51.6
140963,12.51
104137,11.06
209787,8.055
109475,4.438
189629,19.8
75044,16.83
260183,8.67
176999,18.12
184848,16.02
97848,5.895
180595,8.945
47218,2.107
223698,39.97
222121,23.38
202831,14.43
3139,8.0
269864,5.855
16370,7.86
159298,13.58
34082,10.9
167901,15.36
271262,40.22
228790,14.46
73571,2.203
100744,6.652
207902,17.05
122176,18.55
238520,18.66
128664,148.6
101896,8.305
123012,10.375
255569,4.99
101220,51.3
283927,23.75
193688,5.406
86271,10.945
22841,11.47
87870,15.914
182446,10.35
33600,2.31
248294,12.56
200646,6.35
57754,56.22
71568,25.1
48127,85.25
177394,33.44
137330,8.6
44290,35.1
10885,4.57
150238,4.305
104221,3.543
266536,85.25
248813,5.29
179025,2.402
283596,10.47
199580,17.77
17185,5.84
1371,22.95
277438,10.58
64146,25.0
209858,47.56
164167,3.438
104527,12.07
35932,33.62
81902,9.18
263516,25.3
293221,5.07
207396,23.66
208645,44.1
191840,2.936
183872,3.574
166999,17.36
250740,25.88
105466,4.766
264874,16.45
91622,4.36
156378,9.42
101364,8.47
124610,20.02
172933,5.31
274401,17.0
20532,12.43
152475,20.89
231926,13.93
164734,19.0
55109,7.273
33865,10.445
197818,136.2
251510,21.14
250217,12.33
276911,16.34
225589,34.3
16174,19.44
97215,118.75
23554,23.1
26212,2.904
279858,13.16
126146,2.955
269433,8.414
68261,15.81
66260,22.62
75760,24.05
269904,8.75
103157,13.695
203712,10.695
68375,36.22
5675,60.38
116085,28.92
24124,11.4
86600,15.586
272680,5.07
7055,39.9
212162,19.52
70484,12.805
25423,3.846
275637,11.375
208657,71.06
158472,18.55
196679,89.4
109033,16.83
48915,9.875
126312,47.28
167484,4.098
68180,11.35
253062,16.77
188775,23.0
23043,10.92
62209,25.3
250428,7.195
54530,46.44
102228,4.11
281517,10.445
240305,13.9
95810,2.916
125693,12.73
36401,13.05
209152,24.48
83622,3.633
272684,12.23
48558,3.348
4290,97.9
220130,35.72
249586,4.477
169767,7.195
126676,21.84
174470,5.035
36740,7.723
183367,14.13
28312,63.1
135242,11.52
34122,10.58
138471,21.06
119278,22.39
175263,8.305
22750,22.39
167592,24.44
33886,9.14
12534,13.836
268378,9.75
43986,9.08
14435,10.445
291928,21.72
22403,11.06
7283,139.0
287849,3.729
61943,19.44
14948,9.92
282826,1.91
15736,19.36
22538,42.78
63786,10.47
59452,15.62
55062,18.62
118287,12.67
113929,6.36
88703,12.56
236954,26.67
74763,2.834
69665,14.07
246198,2.908
82961,7.258
35137,13.836
179776,5.02
166889,5.977
83838,22.08
57890,14.4
285828,5.742
128120,11.04
82877,10.92
145707,52.75
75620,2.152
116347,20.8
147128,3.178
219834,3.932
260001,6.004
280688,1.8545
25653,16.62
184435,2.266
266002,10.47
127498,5.676
146042,47.75
42426,71.6
74510,14.64
277720,24.19
284878,6.21
60588,4.496
134843,149.8
51801,7.984
73312,90.8
36214,9.08
244419,13.81
145063,57.8
119612,8.34
214217,29.33
112950,19.17
45597,3.543
255408,11.11
213883,8.29
253418,6.535
110309,3.705
255415,1.8125
53041,15.98
133544,10.875
257739,8.234
195131,4.816
48950,6.594
53601,9.77
109971,14.766
79556,10.85
49443,21.06
167954,6.227
82813,49.0
49820,9.75
108357,13.08
249119,18.7
233022,11.64
38586,4.203
120420,8.734
176865,11.16
27743,7.504
193016,10.16
21842,19.12
99748,18.1
35416,2.863
182440,27.48
30776,13.24
254005,23.23
243087,39.4
86452,12.05
71070,13.984
276580,4.055
50961,19.89
20715,40.22
40145,7.88
169432,11.766
80204,20.55
248638,6.168
19682,57.34
15462,29.27
253992,13.73
162807,10.03
246034,56.66
115426,13.81
191995,16.62
282671,39.2
274900,64.9
236730,23.75
224037,16.48
96224,10.4
50322,5.484
210773,3.344
245722,9.08
146128,25.14
88936,11.33
157565,117.8
114075,3.637
105945,8.305
274585,3.268
73460,32.06
150845,17.47
202206,19.17
90368,18.55
127999,12.43
101774,18.55
73579,13.984
262325,28.52
52869,30.11
119830,3.318
115449,22.2
223673,39.03
80384,11.04
274394,24.48
95496,4.59
66991,10.555
241056,5.035
173413,12.86
109074,34.12
86630,5.33
287859,6.58
11130,34.47
208562,20.6
143613,104.25
234474,8.414
200710,25.61
239742,20.94
57457,19.2
124097,2.467
144596,5.914
288332,15.78
258655,11.99
127012,36.75
225337,22.16
111150,13.64
35400,17.98
272155,35.22
141151,140.1
182813,11.086
236985,2.781
110546,12.27
227828,9.73
107146,15.586
201907,22.62
159848,6.016
235564,16.83
294688,18.73
135345,15.81
6879,21.06
220763,18.81
161311,7.88
131341,11.305
76714,26.03
189588,10.445
78061,4.246
129920,19.28
276168,8.695
147388,99.0
1948,65.6
178866,9.69
80971,28.52
22108,9.32
91154,41.2
113400,50.28
54799,28.92
121744,13.24
282333,3.268
253883,18.7
227703,20.02
80189,17.47
118844,43.75
243506,17.05
144725,5.688
141446,10.875
114449,5.97
33946,18.47
55814,12.99
260875,23.23
270412,15.85
217623,9.96
5736,16.69
258096,12.83
141174,56.0
295678,11.97
55481,37.4
275184,7.95
2072,24.69
132567,7.773
138675,19.28
258869,11.99
125718,18.92
236437,26.4
219789,22.81
69079,27.55
19633,3.053
280993,8.16
84001,2.936
159329,8.016
161302,28.97
230946,9.06
203749,13.52
113171,16.25
129691,8.21
76760,5.258
138690,23.38
120809,30.47
226489,10.24
68844,16.14
207855,14.766
289210,18.23
124218,10.83
166564,22.81
167557,38.88
64496,19.36
286540,3.574
128764,15.914
94281,9.06
16531,14.1
188068,2.912
487,3.42
149588,58.5
11464,6.29
295989,7.52
11548,12.23
140120,24.05
221520,85.25
253563,15.586
50668,7.86
106269,11.766
245781,18.2
773,11.42
11568,16.42
109259,25.3
87240,2.357
244692,25.05
280858,10.85
205389,47.28
283339,4.62
15280,7.83
247013,9.16
248212,16.22
184643,4.555
136428,2.94
257463,5.246
41377,7.473
203178,27.94
207992,22.34
146274,24.39
195501,85.25
150332,10.58
222817,14.46
30465,13.73
68189,26.94
22672,14.555
117165,5.906
71856,18.7
275514,27.11
76825,23.84
89286,2.223
103765,6.883
223135,14.1
245080,35.6
59990,4.375
37859,4.47
134057,57.56
266119,3.623
214538,29.16
293277,42.53
70443,8.56
202187,17.08
140246,17.47
46353,17.39
178649,9.71
40199,1.945
227468,35.88
265839,7.473
203295,20.94
290237,4.727
238298,20.64
159019,9.9
250921,7.83
68694,33.84
121681,13.836
7365,3.615
76065,15.05
243467,2.916
223704,9.5
273698,1.908
39135,15.36
170245,51.0
15933,3.846
75633,11.664
121158,13.61
251113,27.33
146471,53.6
243880,20.72
277686,25.92
151950,3.553
279917,10.9
216350,18.23
160255,9.96
82114,17.05
70365,16.28
196790,11.84
49245,9.945
280660,7.406
110830,11.97
247346,14.49
82088,26.61
160789,6.562
257179,17.14
125388,18.81
276575,5.19
129924,8.64
32680,12.09
35853,2.064
182765,8.55
10456,8.734
191814,4.78
257553,8.66
235188,32.2
267229,97.1
196854,7.15
27660,17.61
119808,23.95
36486,43.8
38875,4.754
167707,22.62
71525,4.137
298621,7.773
259855,35.22
207912,31.34
36798,19.61
96551,4.45
82497,31.61
279481,17.69
153989,8.734
291340,6.562
52661,32.56
267643,8.805
19831,6.348
151251,18.02
13652,12.43
170714,5.31
188324,4.06
141210,11.16
173445,14.734
33116,3.637
120534,25.5
223755,37.56
156370,4.984
165192,4.523
255196,144.0
141864,6.098
22803,55.78
45759,8.62
212087,45.78
163800,11.13
270576,2.71
26387,57.34
162167,5.516
20620,7.95
211921,9.38
217326,8.07
87046,33.5
206601,14.28
118777,16.31
125111,5.953
69829,8.945
1793,54.7
113798,19.12
235845,20.38
96793,18.97
80470,8.96
106770,23.0
7119,12.33
166890,12.54
205177,26.34
213838,59.9
74230,54.7
265654,17.19
93007,5.047
59135,12.35
40250,12.43
294305,34.3
131525,44.0
96813,12.54
15517,6.79
74616,13.52
99265,7.15
278492,23.0
102170,3.088
276417,8.87
199991,128.5
45686,19.44
35555,14.34
215893,17.11
288989,38.03
211095,14.52
106387,18.58
72011,24.34
243800,20.97
261714,28.92
26681,12.12
291275,4.3
91581,24.69
206473,32.2
45042,12.73
164856,17.22
179430,15.98
231635,17.58
289899,20.34
1410,24.1
164070,10.72
5072,59.9
196552,42.53
223470,30.17
277446,4.22
222649,72.75
57417,24.64
235426,32.56
118182,5.848
132520,16.08
240167,24.39
265922,10.01
56691,49.0
184766,12.99
12970,10.9
254644,4.59
189230,29.03
206657,17.94
8834,12.78
90482,7.605
283901,12.56
155881,5.508
89558,12.695
245570,25.5
275892,1.721
141252,3.096
278909,9.65
45903,5.688
294167,2.225
96654,15.98
287741,11.16
132002,19.17
139309,21.98
52010,11.47
79786,14.05
103420,16.28
111875,19.84
30031,14.64
19053,10.85
260862,26.08
289093,39.8
190013,12.484
291390,24.55
43488,5.5
20780,58.28
16395,4.098
275273,10.16
197492,12.73
43362,14.25
172174,47.38
39465,9.38
280332,15.234
165794,5.21
287767,33.3
3988,11.13
280224,14.37
53894,16.22
58317,10.42
123001,11.72
287693,5.703
40946,6.016
52124,19.84
37196,8.016
198078,15.914
2834,7.273
4698,13.24
85197,13.27
256925,11.42
223751,19.97
123009,8.84
279263,12.99
27202,25.1
3530,5.914
29015,6.28
220527,11.375
138981,10.42
104005,17.28
226892,66.94
278661,6.73
110609,23.61
283280,6.58
200845,5.812
253157,19.52
156241,8.47
65482,16.11
126284,21.77
227442,17.28
163530,3.898
67525,26.56
40155,38.78
21774,21.84
34434,10.24
77796,51.1
35339,5.625
31677,10.12
62106,33.5
3168,16.14
257428,14.8
259803,13.61
263549,30.36
158163,7.258
122951,11.62
56715,15.62
15094,29.62
161732,4.977
231581,24.05
296455,7.93
220640,13.13
107866,21.72
212708,58.28
75135,9.875
86531,6.7
158218,10.555
286861,22.39
116058,30.42
182173,30.9
220285,16.19
208426,12.195
183654,32.06
196140,68.8
68939,44.72
94681,11.97
279738,18.97
23278,9.8
226342,9.38
99727,5.605
99055,25.1
40842,7.504
86908,12.33
201297,10.875
101897,13.52
189556,35.3
42567,4.47
114695,16.38
178395,21.8
40031,1.555
211610,53.28
291890,8.695
124466,2.193
76074,10.875
186775,10.12
32203,12.38
107893,13.87
296891,10.555
123219,9.18
260285,11.945
162889,38.1
28835,9.08
264075,3.219
130567,50.0
175349,17.72
75508,4.363
199852,7.67
34569,22.16
274134,9.42
10069,21.98
186316,8.64
295773,6.58
15857,3.42
70895,7.688
243388,14.07
268805,3.348
270030,3.98
41444,4.7
103184,11.26
193341,26.61
233250,20.12
129384,2.73
281073,27.05
151757,16.22
229831,14.25
249013,6.52
31441,4.297
235260,24.3
56011,9.96
99480,12.51
84083,4.246
235848,16.45
102573,125.94
133537,43.12
50665,25.2
97047,4.11
160070,16.9
100994,30.42
228272,22.77
290872,9.32
48372,12.56
101957,6.836
221376,20.67
8175,16.94
197699,20.22
288600,32.44
23586,31.4
65752,4.336
222136,12.83
125310,24.1
25620,12.51
269489,6.94
158961,37.03
224928,12.695
283716,5.113
290888,16.55
290135,11.97
153147,16.08
61493,45.34
34809,30.11
248112,36.1
55437,23.1
87999,2.27
285500,13.695
153701,3.49
15259,5.12
81413,11.445
183210,27.33
179582,5.35
295849,9.22
95113,11.99
70841,12.09
203350,14.19
91456,13.695
236294,42.97
294817,2.074
130525,6.39
267134,9.77
199619,3.186
269123,9.336
271983,14.19
272693,15.17
249618,6.73
58808,19.08
49570,4.402
166348,46.72
139431,20.5
144869,14.4
194371,18.81
172217,10.01
193441,31.67
143479,8.14
94141,6.957
4327,26.94
77570,11.664
28943,7.688
277522,17.44
94003,7.473
90427,6.7
40712,4.25
11241,5.625
212868,19.05
197862,29.27
20749,75.4
55680,24.23
155243,8.11
107881,24.8
249137,20.77
114580,19.25
49384,19.89
209617,8.18
119989,5.47
34252,7.62
190211,52.97
127408,9.96
198587,17.22
213074,23.42
229032,5.234
208402,21.84
218587,7.098
116212,11.945
199898,9.9
93765,2.998
134023,28.0
50524,36.44
201321,12.67
64844,18.73
108323,20.3
166902,9.44
13088,29.45
276834,8.34
2450,24.44
44626,10.58
121195,10.336
2147,25.88
243425,24.1
138635,20.84
186274,7.133
224057,15.08
96764,3.875
178744,12.51
41311,16.38
34993,5.54
266157,14.734
11799,4.008
91109,30.05
114604,15.88
118333,22.44
112907,20.67
127062,11.664
130662,95.56
53080,8.6
285459,6.375
258458,20.42
105469,10.35
246696,95.94
20463,14.28
71054,32.7
24869,7.793
60346,14.34
45148,3.318
226796,23.66
71685,31.1
30872,19.4
261324,7.082
97277,3.912
188993,16.83
279431,2.887
199840,6.625
211981,7.195
99757,5.188
35705,5.98
110165,12.56
21191,18.1
286831,21.89
286811,30.23
121734,10.51
106440,9.71
130479,8.36
51097,82.25
250647,11.42
49193,12.305
143586,73.06
291139,12.07
84479,44.25
212908,15.08
136307,15.2
50875,59.66
274640,3.416
169084,8.305
240835,20.6
269826,11.664
36290,8.58
21756,41.7
255375,11.04
200388,14.92
46046,14.07
121670,6.375
253159,3.084
292567,13.38
96756,39.1
130359,8.32
266904,22.53
146955,27.0
116023,18.05
252443,2.77
65094,28.69
108097,9.38
237465,4.38
68488,12.195
146007,15.266
107078,7.773
149579,15.33
52488,23.23
77562,22.95
126813,24.6
266435,7.34
58636,19.44
233634,20.77
25024,11.33
12600,18.58
172430,18.12
193892,10.42
35240,3.129
259057,12.51
41705,13.16
19570,57.8
251668,16.25
23884,21.98
283062,27.61
43354,11.35
71040,57.12
231094,18.92
194919,21.8
144839,15.88
151173,28.45
198632,6.254
226761,8.234
160464,19.64
93935,23.7
16861,3.434
109440,20.34
29537,27.48
227120,20.05
164358,5.434
58221,34.53
54533,22.39
294752,10.9
108413,21.98
77637,5.61
52409,12.43
67751,2.36
145488,45.88
155809,48.72
83356,17.5
290480,8.36
145473,37.2
268989,38.3
73466,24.64
58037,12.88
99686,132.5
233376,19.92
60371,33.1
39018,32.97
294960,4.664
184817,10.875
115702,19.97
161920,155.1
275818,13.3
129037,6.82
67615,2.188
278687,40.94
186634,7.42
18068,55.78
270302,8.21
49100,11.4
56740,27.48
223651,46.25
179659,30.53
166408,2.963
237537,3.434
275657,5.625
57949,26.14
9896,18.02
26037,4.363
252887,11.2
31679,7.164
28361,4.496
278314,33.16
10399,44.62
274463,13.75
3432,11.57
193958,12.17
85841,6.742
213416,5.508
286880,22.34
167873,25.5
241510,11.23
247705,37.78
240405,10.24
126327,15.33
130647,110.2
99756,6.266
83307,4.996
120409,6.156
4814,13.27
159747,7.438
278122,21.77
203324,29.86
4503,21.98
265672,8.62
11882,16.22
27179,1.919
34843,24.05
263399,7.707
100176,20.89
173676,7.52
175814,16.02
214213,9.984
225849,18.81
107465,19.36
957,33.1
287045,3.97
221609,7.18
131674,5.664
126963,17.19
197978,12.695
228478,26.19
122446,12.99
22265,12.12
134542,7.34
254218,14.61
238924,13.35
112979,8.45
299098,2.684
97839,36.16
257217,13.984
68190,24.19
71089,101.8
136431,17.28
216526,26.4
245667,10.65
148516,24.44
230087,13.58
107302,8.16
39650,5.676
78351,46.34
2874,14.4
284522,2.734
46444,13.664
65302,22.12
73295,57.56
187986,22.08
237280,5.566
83308,3.615
107151,11.23
290288,7.64
262864,10.05
123851,10.58
247972,56.9
72245,19.8
128031,3.902
298907,7.95
228829,10.6
203079,25.5
286587,6.836
257813,2.389
142334,100.6
226749,7.86
60506,23.84
108650,16.94
75588,2.518
132604,10.07
181990,11.664
188480,3.818
26612,7.605
249517,2.89
253094,12.25
201137,15.33
152877,10.445
85444,81.94
69221,22.44
107498,20.17
50378,29.27
206832,7.88
281949,7.54
40648,15.945
291018,30.53
253570,11.57
198938,9.26
185348,19.92
72365,20.17
78991,10.35
15486,22.81
182686,7.39
147308,28.11
50264,12.35
123848,5.76
120344,23.14
266109,7.723
183345,11.74
17437,33.5
198765,17.61
264060,2.412
296424,13.49
239312,11.84
37680,6.31
220689,19.52
93093,13.24
113426,14.67
178420,4.793
113567,4.625
75599,8.18
59415,8.18
89163,29.98
209668,16.31
181240,3.238
145226,59.66
75701,33.62
45103,5.055
129607,10.05
104250,9.22
246562,11.375
114731,18.97
51510,12.25
78035,3.72
96198,28.17
96792,10.67
279584,16.62
57929,12.17
273369,20.77
111968,15.72
60846,32.62
119332,41.94
153394,6.895
94492,16.77
215498,10.336
162432,7.723
298148,17.47
283873,19.48
173268,18.17
275694,18.81
286687,5.746
146244,7.773
24580,9.38
39159,23.1
150094,4.145
93522,12.43
124353,7.895
159738,21.89
33900,2.709
189914,93.3
55839,23.47
168176,9.42
161581,46.06
34568,20.84
13957,16.72
20436,20.55
256062,2.193
282388,3.629
188690,25.14
206591,45.88
242691,6.254
213444,25.05
217392,49.0
271520,5.668
289977,19.64
5805,17.66
88211,6.22
37863,8.695
189343,7.42
225766,12.016
229430,14.46
100367,2.514
119827,7.64
3100,17.44
263077,70.5
288132,11.79
105517,8.18
196038,63.6
128464,81.94
230128,28.05
135521,20.84
295270,9.836
77449,7.258
285695,7.258
67516,21.58
138670,78.44
289510,4.36
47095,29.27
137360,8.11
151433,20.5
34423,10.336
29419,20.55
221413,11.305
171716,6.836
184739,7.67
42571,5.875
112087,38.88
198469,11.945
227634,4.598
44003,9.65
88608,18.66
179664,10.99
211799,25.1
76438,3.748
290594,5.01
227227,16.55
268696,2.35
204648,38.94
132462,14.83
128456,28.34
248231,18.58
255937,39.25
293184,10.9
11757,20.02
75190,12.09
275474,15.52
183130,20.1
199082,8.84
266175,26.78
201567,21.94
163977,4.703
37699,15.3
4276,69.1
147012,25.34
253569,20.38
18058,57.34
260230,20.94
183691,41.6
149756,16.34
111283,12.17
139453,33.62
24668,15.42
199700,15.05
280396,20.17
115335,41.84
30350,26.61
232294,11.086
267030,11.87
78899,11.945
30585,47.28
124312,9.195
86464,2.086
87886,1.948
178205,13.38
130974,11.62
254512,6.133
133717,16.05
191260,22.53
22286,27.22
76775,15.72
262973,5.95
214692,10.72
19884,79.06
226196,8.14
95710,18.2
33940,10.65
286544,6.246
68316,28.75
35518,27.66
222107,19.0
5236,13.24
20943,26.83
223161,13.81
68562,14.7
132664,20.3
22022,27.94
71846,14.7
157064,44.8
194967,10.09
255438,22.9
199385,6.668
260937,71.3
180352,7.656
232021,10.72
179566,16.31
73574,39.1
200286,18.36
202253,21.19
255578,5.754
127161,15.85
259612,12.43
232840,9.86
297904,20.5
62297,105.06
204910,7.83
21029,17.33
182510,20.5
34598,12.59
119366,13.02
110833,31.16
1897,30.17
89090,26.72
163086,9.77
80151,12.195
65,6.28
286720,11.62
107090,9.1
292630,3.053
115474,5.445
146514,15.11
38690,9.984
74365,5.344
284643,7.62
31970,4.45
56357,12.05
249069,39.66
143169,33.72
229115,5.855
243734,55.56
81233,4.61
6055,8.695
253949,5.88
29205,12.05
218302,11.97
185274,10.875
181975,25.0
229100,20.89
274709,6.477
167215,17.28
68243,11.18
214869,19.64
279138,29.16
110787,21.23
247365,17.55
203770,16.22
171019,4.27
121342,20.84
205831,15.62
195437,71.9
244407,3.547
160064,89.75
42047,4.85
20147,58.5
93342,65.9
189460,24.89
189078,14.46
33211,13.73
167380,9.75
81307,4.375
20144,54.7
173580,19.89
74511,5.07
159386,6.668
58202,17.83
251597,16.94
73799,9.86
97831,39.56
211051,14.49
13493,35.3
47175,6.004
295906,24.19
287117,17.9
35716,21.8
1652,22.16
173719,14.43
295425,2.97
61102,27.48
122345,9.92
132203,3.201
270450,20.1
81824,8.75
167877,12.695
13176,20.05
55517,64.4
278238,7.93
90846,6.39
63796,14.37
79276,16.72
174123,8.88
204431,19.0
264891,4.312
255097,15.266
204633,21.36
81539,6.58
126513,26.19
17119,19.4
122109,8.87
120291,11.695
77547,17.11
30087,82.25
239946,6.367
107270,25.77
52543,24.34
263065,140.6
73437,18.97
286669,9.5
111355,60.62
218541,15.586
31527,14.22
286093,8.16
231313,13.555
232083,4.145
129408,21.67
53115,12.51
118008,15.75
163735,6.22
288643,10.24
76758,1.88
264593,7.723
125138,4.562
54532,22.9
147422,60.62
216032,15.78
189662,9.984
226996,7.88
62672,7.93
179525,12.695
253846,7.15
267881,10.24
168587,24.0
58040,12.914
186099,5.066
134274,8.805
173594,14.7
140077,4.098
267441,3.748
80041,5.21
259090,21.5
78029,6.758
49751,33.78
78642,6.957
39125,12.195
138913,29.86
223630,13.38
203019,22.9
109549,11.55
201644,14.67
209310,13.414
200405,4.59
222900,16.14
206862,37.94
225441,14.49
228078,23.9
24912,23.47
8350,22.58
280465,13.414
138499,29.75
143516,4.42
285564,3.438
86625,45.6
248750,23.23
97634,22.2
20130,20.6
221366,3.842
111813,14.37
263226,12.51
275756,8.29
2253,59.9
225297,10.85
278989,15.14
75645,10.67
108112,19.77
22644,19.84
298432,9.5
193434,15.69
64020,20.34
193679,5.45
95418,22.62
194821,10.805
146853,27.89
271037,17.55
101615,22.03
80026,40.38
42554,12.75
92507,41.34
249789,20.38
221779,4.89
116177,17.11
174581,8.484
241820,12.43
54728,16.94
257725,10.58
146354,13.81
167497,23.0
90767,7.758
212537,26.23
84672,6.434
91227,6.023
242325,12.94
193884,13.64
225174,32.25
93456,6.652
97604,6.008
43205,7.844
57161,3.578
196286,68.56
138408,55.56
169219,6.758
160135,8.62
289675,8.77
63744,6.477
174699,9.02
263294,25.92
205713,16.34
107683,97.9
289679,6.684
107099,4.02
154055,2.152
239187,5.83
291903,19.77
32004,22.12
7241,18.2
75228,35.6
214147,50.2
154658,5.49
110255,11.766
85674,11.79
159943,18.47
179623,3.045
71549,76.0
86324,7.656
277136,2.512
263455,13.35
164046,3.121
67141,19.44
246700,21.53
127946,11.4
271857,5.1
190398,12.51
96244,7.004
297367,6.418
121407,4.453
56208,13.64
192037,13.24
4309,6.492
106512,6.46
213594,47.2
109056,5.977
134708,15.234
183972,4.016
299413,4.168
24963,18.55
24664,25.97
288435,6.867
123466,38.72
187430,13.73
257241,33.44
209806,10.31
125051,18.2
221190,10.78
27299,7.473
281579,24.6
238711,8.195
293840,10.13
194515,8.96
112622,9.4
184508,12.195
56601,42.1
13713,8.07
36637,8.984
2451,57.8
66579,29.81
120516,9.586
21403,5.312
124212,18.02
92273,9.16
64337,19.89
156684,13.984
104150,39.34
132586,15.234
272447,40.7
72000,13.05
186766,20.02
55987,29.75
83891,114.1
10957,13.93
265610,5.285
137220,3.01
103768,5.375
290727,7.195
198797,17.83
223845,8.32
74483,11.57
130863,49.9
88635,16.02
255841,3.072
276372,2.545
20977,15.586
92621,6.7
273684,21.72
282714,2.182
35202,2.525
273021,34.12
191573,8.36
12659,26.4
7993,29.75
112173,13.73
288995,39.97
36603,5.79
39955,4.91
85148,14.766
291382,17.8
119648,15.914
278765,20.25
30578,7.54
25712,18.1
125546,5.01
119891,9.16
269096,10.375
154924,7.49
176794,2.588
1975,34.53
221339,16.08
97312,28.92
105893,25.05
173789,31.86
71826,50.0
292866,3.26
249943,13.555
182004,3.547
80051,8.92
287413,2.12
55505,33.16
154683,15.72
138772,22.44
264379,17.14
229800,16.86
233095,9.22
142514,47.66
69040,17.39
287268,20.17
138372,54.25
132531,15.72
146983,25.1
254407,19.17
135458,27.89
68085,7.406
227164,8.64
145837,7.723
108278,30.3
127414,3.738
98968,13.38
215014,5.496
255992,7.34
181708,2.498
131043,25.56
32590,3.223
47854,12.56
231167,11.89
198356,29.1
269499,9.96
10927,25.61
50333,6.73
95448,8.266
187155,5.895
113278,10.53
149123,56.22
175773,28.28
293660,14.31
180575,13.22
202083,12.38
204403,17.19
267286,12.016
253185,6.79
89648,8.6
193255,8.11
24267,15.78
91148,35.38
172721,17.94
148925,15.3
187714,19.44
112688,10.51
177914,30.84
94294,12.97
260600,12.88
87813,6.016
37105,7.258
101875,21.58
56354,2.594
72040,31.67
146745,22.9
34501,13.664
14309,38.25
39574,47.75
134787,8.6
297304,3.535
66804,27.44
192307,13.24
208044,39.9
162618,20.34
265897,25.2
165116,11.84
55179,7.844
104138,23.23
140986,32.38
75831,18.28
61887,6.086
225132,14.25
195436,51.72
106226,18.17
115775,18.05
232760,18.73
110359,22.12
65792,21.89
186462,36.44
56049,13.81
93369,5.94
266763,11.28
38070,5.484
284063,10.9
250827,10.92
248702,6.594
64931,11.914
17224,29.62
247322,19.36
59119,11.84
105519,9.86
17873,4.402
180868,4.285
210585,9.44
98824,4.11
238752,8.56
229879,3.928
81904,4.523
195519,98.6
72561,13.87
6559,13.24
299021,3.014
255370,23.19
114388,11.23
175670,8.79
245399,28.0
33502,9.586
61838,44.8
34728,9.875
239565,26.14
141084,7.914
171744,5.914
94999,15.11
234610,48.72
130043,17.72
282581,5.996
108643,12.25
6847,3.785
104945,28.11
68240,5.17
278798,2.826
208875,12.17
97225,71.9
239104,29.92
96796,4.39
221150,27.83
176114,3.885
299142,43.8
67075,6.7
260694,11.18
209594,15.08
51970,13.08
100082,13.49
282836,10.03
88329,9.08
119187,12.41
63769,62.1
62531,32.56
111779,35.5
266096,14.8
63478,22.2
238813,22.58
88299,2.209
232091,12.33
279807,20.94
266183,6.94
163013,9.5
251320,8.91
202577,33.44
103564,14.19
29611,16.25
9959,2.625
282189,4.004
151780,4.41
282968,36.38
45425,7.05
77491,5.508
176757,25.77
234581,12.484
205249,11.89
136201,18.31
128883,65.6
167490,15.05
140472,18.36
44481,6.55
203171,17.88
47967,5.742
227874,12.41
181519,14.58
161405,6.504
244331,27.61
21057,83.56
157082,139.0
222215,3.451
21698,16.6
211320,17.05
226751,8.29
263660,10.53
4686,15.14
298889,9.484
33008,5.953
255368,9.71
163927,7.293
108855,7.453
41793,9.8
41597,6.316
43037,28.97
122576,11.445
272328,5.656
137811,19.89
64879,21.31
116842,22.25
175456,21.5
150011,5.676
247813,2.5
277839,14.52
71460,14.61
58152,5.363
157456,150.9
79649,6.492
283002,4.48
225485,19.92
193052,7.42
130348,22.58
275929,2.658
85359,4.145
290213,14.7
254415,29.27
225186,14.61
103504,11.89
243266,8.66
288156,15.98
72627,21.06
199866,14.13
257238,6.52
152888,6.004
256929,21.77
271938,3.076
101445,21.28
102967,5.766
298144,22.9
241609,2.473
225218,2.104
209641,9.1
7234,10.05
180467,8.66
30992,12.51
39664,2.27
129035,10.76
250650,9.44
286018,15.016
252191,12.05
59330,38.25
92398,102.6
107294,11.695
189909,145.6
144139,42.7
291496,2.773
232110,12.78
204786,10.555
208241,44.25
147948,25.88
121291,23.14
189957,17.33
6134,24.39
74239,24.55
29073,6.043
129426,13.35
287971,34.03
279804,16.28
25144,3.512
267806,9.9
259633,19.8
170210,14.1
290533,13.27
57190,31.22
15548,16.08
247591,13.75
221262,43.12
6263,20.02
80847,20.94
95422,4.363
178416,4.285
185774,134.6
257389,5.97
111893,17.19
169541,46.72
99956,3.271
83455,4.363
185666,6.758
188636,8.71
7843,9.336
176279,14.22
179625,17.5
278760,12.86
197572,5.547
215326,7.656
147281,54.7
66139,2.625
94656,2.834
262335,25.56
289170,30.23
244976,24.3
267243,47.0
85836,9.945
129472,7.406
175969,5.438
216044,38.78
283981,21.53
253399,49.78
96176,7.67
16330,35.88
42975,18.47
68097,10.16
128997,9.24
35836,2.744
23384,19.8
128154,41.6
255110,12.15
160512,4.246
159206,9.77
8936,16.31
185662,8.18
117394,16.25
53030,13.984
14889,25.1
89973,14.46
72302,16.72
252725,22.12
248758,10.47
136229,6.176
258079,20.97
60198,6.926
239403,5.895
210969,44.34
289487,17.98
242125,29.5
271736,28.86
26343,10.24
270584,20.17
122434,19.77
259173,118.75
296565,13.93
68384,8.18
150230,8.14
9810,11.695
236897,16.86
173093,10.92
222313,12.51
136436,18.66
109078,15.2
80349,36.0
149920,9.336
295688,6.086
141434,6.273
104585,16.6
57652,3.293
238818,27.48
81167,11.99
168093,7.86
100883,7.49
209377,19.0
185010,9.73
20696,57.56
280166,23.05
86064,7.406
5711,17.36
289579,18.36
245584,8.87
63287,9.42
191675,18.23
296168,10.35
207455,5.695
170393,4.246
281486,3.459
163485,8.67
284382,2.457
282013,9.4
255828,6.46
203121,2.883
144006,55.56
179433,44.72
211408,68.0
285411,2.393
221037,16.28
156180,5.617
284532,6.023
186606,15.52
237737,20.67
85147,22.12
38672,20.5
53983,23.05
294556,8.695
256409,4.395
153404,8.375
235153,104.25
64587,2.76
265878,13.35
19578,15.555
35350,2.246
162809,10.03
242270,30.42
295191,37.5
123666,20.47
146637,90.8
272164,10.12
50867,25.61
62440,17.39
4291,50.2
33565,132.5
13290,12.09
104851,2.152
241005,18.42
70404,33.03
173119,13.1
100828,6.805
214810,14.07
111810,16.86
140005,10.05
248905,20.6
39063,8.45
218089,10.13
51478,13.555
20473,9.38
112132,12.27
104899,4.113
123685,71.3
240490,17.33
123103,12.805
46428,15.75
294518,9.586
46741,6.12
140872,54.9
272491,2.959
297516,15.39
191641,17.33
4074,19.61
218453,14.07
233030,59.66
75898,7.57
151218,15.555
276809,15.17
42618,17.88
59572,14.37
153636,9.664
131411,4.902
238946,15.17
173732,2.512
122221,11.766
103676,12.695
90974,13.52
16446,8.84
24261,8.484
122062,13.35
167058,120.1
274718,13.61
78927,17.83
23163,12.33
199543,1.974
125091,130.0
52081,7.656
159030,16.14
279995,11.23
143719,16.72
121913,7.324
172133,23.14
270462,26.67
285197,4.46
229883,2.975
203404,27.66
101854,14.86
28951,5.145
27378,3.885
49520,4.13
124307,17.0
69963,126.94
124417,20.25
9727,26.94
265739,10.4
25745,14.37
142041,17.25
138566,22.3
51683,18.31
39985,8.25
41672,9.195
299193,18.39
78489,25.25
33786,7.02
175552,3.65
260859,2.967
157859,19.08
218619,4.21
149554,17.94
166884,6.883
95911,3.092
212225,94.06
266322,2.42
53234,13.08
38374,7.05
51923,22.86
110563,5.59
64211,25.97
154064,31.4
155906,5.3
91915,26.56
217613,12.15
224313,16.9
223210,1.891
67416,47.84
176538,11.49
298045,3.56
48696,5.21
6446,4.16
288451,10.76
179156,25.25
5583,27.38
49672,5.63
24908,46.06
230565,10.47
100550,12.38
70521,24.0
273303,23.14
159520,2.27
82006,3.98
138697,24.3
246336,5.297
243426,5.055
159274,13.695
966,16.45
122610,14.1
256588,22.86
115308,17.47
156602,11.23
262638,10.78
149757,25.77
6052,11.35
44048,8.43
278338,15.46
167019,23.66
49981,4.703
26063,3.701
154459,23.56
118884,15.33
67198,10.47
49045,15.98
172356,20.5
202422,2.402
170035,9.836
174724,4.914
40562,17.0
426,13.9
35802,20.25
12986,13.73
283572,7.117
254691,21.89
193780,118.25
238358,20.55
237646,21.11
161131,23.0
50540,19.44
25519,26.78
64440,10.555
287412,3.244
77241,6.273
28651,20.67
27237,1.721
66491,19.12
130422,16.66
11387,23.66
83098,10.23
16230,12.09
45632,17.77
192678,30.6
39453,11.47
241307,31.4
164144,2.47
165453,13.61
233404,21.67
86838,8.195
217717,4.727
282204,2.363
188953,16.28
161236,38.1
211143,12.99
21406,23.95
134469,11.016
161606,141.1
48212,8.4
107182,14.016
240840,9.6
44797,8.58
12602,115.94
99916,14.52
145766,37.12
246932,16.97
266574,7.066
235519,33.38
269631,26.23
166659,8.734
50359,2.49
218730,30.84
22762,20.77
121067,23.14
226958,27.94
259026,7.81
23481,8.92
16877,14.555
64462,31.28
256307,8.77
91797,7.984
37356,14.89
162827,1.91
290746,8.43
34590,6.895
110247,29.03
136617,21.23
53193,15.49
190892,8.83
229649,33.62
50753,19.4
64990,15.39
202084,16.48
213335,5.516
17885,19.44
229564,34.8
233693,56.66
228311,44.2
174246,6.066
109618,55.34
182066,11.87
142951,59.66
79696,5.496
297340,29.03
255760,13.38
179345,13.19
59403,7.117
57844,4.098
69378,26.03
18487,10.375
272469,21.58
28333,2.744
189635,16.97
56872,5.1
88091,21.36
34592,17.44
287072,9.46
143712,36.97
70928,22.77
138258,2.97
199320,17.58
247430,52.03
208492,6.957
4630,17.39
128235,10.24
32890,17.05
204981,35.38
270800,5.684
285563,5.76
213487,29.62
143707,30.11
1533,24.69
87364,5.33
266859,15.85
152060,25.3
120132,10.92
99838,9.36
182571,5.58
38526,8.29
184576,13.19
53196,16.14
43583,13.58
218954,22.12
117844,9.836
9674,14.766
286604,6.684
21695,8.016
291582,9.4
19265,8.64
113836,9.9
65218,26.83
272539,18.42
129889,60.88
24344,11.97
135794,17.33
50409,60.38
230453,14.016
250672,9.52
57004,6.742
256161,9.664
49807,17.25
192031,48.9
228127,27.61
17418,12.05
3309,21.58
116851,29.2
296170,11.016
69544,16.83
100403,21.06
238129,26.03
124454,10.47
170139,7.42
247425,18.47
102128,11.55
11279,30.05
107859,15.11
138815,7.18
43829,12.33
277812,2.59
163369,17.0
18117,65.4
214111,11.06
271229,10.23
276876,12.62
206367,7.62
268472,7.15
646,4.582
177440,11.59
259280,8.67
154317,10.29
56641,21.36
158537,10.53
72720,37.88
240419,21.4
104116,39.4
72270,11.016
110416,26.4
125214,20.64
20289,60.62
65926,29.62
267872,5.418
268578,9.42
214039,16.28
28988,3.105
78328,17.08
171057,22.16
16008,8.21
230368,21.45
105223,10.18
137554,13.64
9666,9.02
149242,21.28
241177,10.23
295058,6.35
111226,28.05
92145,13.58
215288,61.6
220662,35.1
131863,8.086
199393,8.375
280276,7.688
96491,11.914
39519,24.44
152364,19.25
232199,16.02
267978,34.38
169013,34.03
104675,30.53
122845,7.793
63379,14.49
8679,18.58
243861,23.38
67193,3.494
230701,14.22
234608,18.92
119248,19.64
282478,3.234
243215,65.6
110302,6.973
1863,42.7
127429,10.47
40885,5.598
217621,7.21
10631,12.805
70938,14.984
281471,9.55
183946,2.457
11478,12.17
204777,10.92
205613,30.3
72482,31.86
250602,36.8
69282,21.8
206953,15.33
217100,7.62
67283,9.55
243242,7.57
128553,5.645
165401,3.383
55228,15.14
628,18.7
35118,8.34
267385,49.4
287620,2.895
136811,6.402
98293,7.656
30065,8.83
289264,7.62
6601,6.06
200568,15.72
76975,7.227
86062,4.65
20664,56.9
124098,19.44
127432,20.02
16708,24.55
113169,14.7
77961,26.5
51953,16.9
153024,5.76
258534,8.375
224566,9.16
268514,9.875
20452,15.49
271393,13.49
109922,18.39
102606,36.9
222005,4.805
69004,19.2
78524,21.14
91745,7.05
116233,12.17
27398,5.203
12845,13.75
139773,37.94
126038,12.99
50896,51.2
167694,16.08
156958,108.0
181176,24.69
246036,12.86
6187,7.895
131419,15.36
206294,24.34
286739,12.23
199088,5.99
128444,30.6
32062,13.414
155265,24.05
224820,33.97
71148,20.5
282173,2.473
210513,28.86
212801,10.92
151283,7.504
137755,6.58
190414,20.5
188510,5.63
147019,99.0
32232,9.836
292775,40.38
225322,13.78
121134,19.89
223896,3.37
185171,8.234
110486,3.53
129491,145.1
85818,7.64
252434,2.32
69253,11.72
201795,21.19
123037,22.9
258483,137.4
179465,6.168
287790,12.67
5888,16.42
44873,11.016
159482,29.69
5939,7.83
177078,12.99
189634,9.24
93131,17.66
143501,13.695
67474,41.6
66547,25.1
30868,5.188
101655,13.555
204188,22.86
109933,9.5
190106,42.78
293124,13.73
161579,41.94
38986,9.42
243233,27.83
229050,15.88
18553,7.62
73103,54.47
211414,56.66
288071,4.375
284097,10.6
116575,32.84
42298,9.71
257687,38.94
65423,24.89
160343,34.03
267426,4.74
106289,10.83
7389,21.8
230625,34.03
256715,10.47
153645,15.586
132744,37.25
284650,2.383
213310,15.85
173003,14.22
18398,27.11
215620,5.37
84702,8.56
209230,7.64
255689,6.562
118515,16.9
126562,5.297
130682,112.4
213907,6.26
263951,14.64
220957,104.6
89279,19.89
203701,13.35
276407,14.28
138914,7.707
50797,132.0
260762,5.668
157852,5.906
111501,26.56
185480,10.99
111406,23.95
56285,21.58
228354,43.75
240144,20.55
137947,13.414
176386,18.28
70489,20.77
292386,4.387
144117,53.2
264644,35.8
90412,8.47
249231,86.56
70556,20.6
129995,4.812
183875,4.66
232706,25.3
149860,34.03
56201,24.39
189953,9.875
156201,15.17
113534,103.8
281951,4.78
247287,4.637
14781,16.97
62816,7.49
201084,24.39
188709,9.73
293455,4.96
213134,6.625
61359,8.25
88048,8.305
46675,14.07
41609,9.26
30822,6.098
108529,18.36
290877,30.05
45114,16.02
240752,29.33
42370,25.25
4377,21.77
61070,25.05
261301,13.695
274146,11.766
270966,13.08
22055,7.164
28180,4.93
275856,1.672
26266,7.37
33002,13.05
261647,21.02
38790,13.22
190064,24.34
99641,75.7
93858,7.39
94028,6.758
157461,130.5
26809,29.16
45299,5.21
151487,4.047
259899,29.75
120895,9.18
286141,4.117
282754,4.062
105980,6.562
230694,1.899
7340,163.9
272227,11.57
293997,10.83
103506,25.5
290568,11.42
193103,22.34
212126,60.88
159959,16.31
86326,21.19
105920,12.12
262388,6.492
145289,73.6
9047,34.6
24796,10.42
85453,41.1
13776,70.5
17229,29.27
256472,2.035
161239,39.8
115397,22.12
226186,17.19
228900,12.05
238802,25.77
99314,7.05
219994,30.23
193868,15.266
5655,54.7
41007,10.72
296916,7.59
171826,13.38
28827,4.164
181927,6.7
57579,18.17
35261,4.5
66886,3.87
101442,4.66
37324,10.805
222263,14.95
212921,9.4
213760,31.16
33767,5.52
13624,13.414
22991,15.36
260104,22.03
227983,13.1
221983,5.11
174813,17.44
198553,4.99
153327,6.82
21800,6.742
198889,21.53
298698,2.982
145022,15.49
181059,3.615
8330,19.4
56461,20.17
67293,25.4
237008,10.875
297940,4.95
205710,22.48
24556,37.78
73719,17.69
62605,2.406
273389,11.016
108330,38.03
239588,8.47
25646,26.89
28095,2.45
145091,52.66
22124,22.03
118994,4.11
152171,10.375
126713,12.83
1246,18.05
30419,8.945
185838,5.285
298886,126.44
19606,8.45
205555,20.97
295056,3.611
283787,18.28
9620,7.05
91944,25.66
72003,13.93
172429,23.52
175356,24.39
54276,25.1
150630,21.58
288427,14.43
166352,21.53
100678,11.62
138909,20.72
193285,10.23
130113,30.3
122367,15.42
30036,11.695
177719,12.484
23083,16.66
173526,11.89
119825,25.2
282675,9.42
91655,1.615
2912,5.242
277921,7.54
94561,8.75
283281,6.7
73001,30.05
255928,9.22
207839,3.314
37452,5.934
210218,6.58
151745,10.29
106381,17.5
7404,8.055
60283,11.35
147338,31.86
257131,9.04
85711,6.367
231448,11.47
186711,6.684
76499,15.65
122444,12.38
17961,17.77
101389,20.5
120205,11.23
102248,10.07
245166,28.56
143532,28.86
198673,22.12
173514,29.39
295597,10.13
37201,14.52
123248,5.96
288255,7.54
241205,5.84
143320,18.92
118201,10.945
5125,23.56
201706,48.8
278416,12.56
171000,7.57
206198,32.2
164926,5.84
237338,9.56
132728,21.45
241993,15.46
81169,13.13
36423,7.54
219035,30.6
192801,11.4
160766,59.44
140567,1.794
282085,7.688
103604,17.61
229782,19.28
23891,12.17
38294,28.45
68606,30.66
162979,5.363
194953,4.95
144862,28.75
257847,11.97
149160,18.73
276647,11.72
205323,143.4
173936,8.67
189202,3.922
294558,8.305
58118,13.02
127333,7.64
145333,11.766
203224,8.11
124654,24.44
271014,11.305
227228,35.94
25284,19.28
230917,5.95
208312,11.2
92786,10.99
155800,17.69
158131,8.195
211006,24.34
149808,47.2
125770,20.6
18235,34.03
277659,17.19
249439,12.07
38395,8.11
28268,13.3
191873,7.355
135674,16.86
102052,7.86
80170,3.945
192583,11.06
180184,13.64
14352,28.45
102398,25.5
296695,3.332
227211,11.99
90634,20.17
242961,13.44
260656,6.05
64419,10.4
12654,2.182
120421,3.412
129746,15.85
33630,4.035
201364,10.09
174503,9.9
43947,12.195
286969,17.72
56769,14.7
261704,9.586
138986,21.77
274015,6.29
83975,3.133
103063,9.06
270534,5.19
174239,7.05
114254,31.4
54499,19.17
240657,8.45
183598,3.297
241859,2.97
149951,76.6
25655,4.46
39713,16.55
101783,45.25
97194,104.25
97102,12.35
6818,17.69
216115,3.105
166542,15.72
169315,9.65
62092,16.02
29800,16.34
144781,5.63
226187,21.14
289173,15.2
30943,1.843
22080,4.71
142154,63.1
69423,19.0
112372,20.02
150847,10.2
269008,2.688
97612,13.87
189729,15.08
273641,19.25
90516,6.836
42382,31.22
217862,14.766
114179,5.902
179788,44.2
220670,10.72
110673,8.91
135861,12.17
47306,11.18
148987,31.53
47410,7.49
160551,8.21
297775,18.62
153214,14.92
260688,8.32
264859,7.453
173882,24.6
173173,13.05
195884,111.0
111278,25.66
9641,19.12
73367,10.805
45906,8.055
205892,9.3
188474,11.664
250074,14.28
46932,4.387
221925,12.94
212494,8.055
234644,33.9
172615,15.39
140140,19.28
119699,7.242
267957,38.3
174135,66.44
260954,3.045
26208,12.64
253637,18.55
134134,8.055
182978,7.438
116326,22.62
288561,18.73
237598,8.71
189108,4.637
218,5.242
90136,9.4
133164,14.05
115414,33.9
141091,12.97
93209,9.9
245651,106.3
163077,22.34
283965,17.08
180139,23.52
194620,6.895
233798,51.6
1506,22.81
209638,4.555
205868,11.33
280414,12.78
117997,36.8
277891,5.03
32641,12.94
48906,8.04
60688,7.195
82746,7.195
175226,9.55
236588,4.094
117138,5.92
60737,8.21
252600,11.016
66217,5.434
89620,26.34
17243,13.836
76581,36.16
156608,141.8
102026,52.12
23,17.58
293691,15.08
140924,17.36
72288,5.344
60707,73.06
43454,20.34
190814,15.36
203149,32.56
34038,12.016
169835,21.77
51294,17.9
228145,26.45
97418,10.05
96052,9.875
243366,26.78
132319,33.56
196431,84.9
149180,24.84
190407,4.016
25726,4.047
154449,18.81
128699,25.66
47639,5.895
9051,10.65
45920,9.28
137323,1.667
170656,8.88
38329,17.61
184748,22.48
290812,11.47
274222,14.89
254463,6.883
236226,10.53
681,11.79
118633,7.15
197892,10.74
172239,10.875
295685,12.484
85668,7.605
106187,31.98
150783,52.84
241738,8.62
182756,17.9
46082,10.13
198698,4.48
52539,8.87
265834,20.67
198508,11.18
11004,22.12
126603,3.469
277634,10.18
119888,9.69
155423,7.62
34213,2.512
103749,12.914
127748,120.1
56951,7.95
114477,20.5
181076,132.0
876,16.42
166953,6.35
31358,12.86
273147,31.1
156935,83.25
53089,7.895
193409,10.24
112434,13.695
98345,11.33
188694,19.48
293766,12.78
92603,8.91
144944,99.0
256075,17.61
239980,50.78
93028,21.5
170221,3.66
166446,12.17
268302,2.447
268371,11.26
14949,12.27
120573,45.06
262876,11.74
88774,22.44
290776,12.05
106317,48.3
271625,18.2
20853,27.27
105262,84.25
37138,14.19
91403,5.355
207307,24.14
182154,22.44
192643,18.62
109157,14.89
21919,33.84
170450,9.336
132183,7.723
206410,11.26
238130,23.9
144328,37.5
143421,76.0
231465,6.82
248429,9.1
109835,32.06
105260,4.645
76973,3.87
30662,7.066
188396,15.39
51182,12.99
44033,10.805
236005,5.137
18342,55.34
222144,18.36
120939,43.8
49151,9.96
292851,18.2
266706,9.73
227248,12.07
209536,11.28
290775,9.945
87904,10.266
153768,13.555
197982,37.72
245844,19.4
277397,9.92
175593,5.92
35770,5.125
124588,18.78
29853,15.33
163257,6.305
138587,17.55
89223,36.1
59791,17.08
16122,15.85
26776,6.14
279345,22.3
280221,3.508
92368,85.25
60459,33.78
208773,17.58
243155,20.97
104462,5.695
238189,18.28
232188,18.55
293490,56.22
263695,12.33
166132,11.04
140847,9.984
154306,16.22
148396,24.55
291805,98.6
232013,25.2
277852,2.852
66229,20.1
79011,9.664
94319,44.62
230406,16.02
289189,9.3
32243,27.27
46114,17.0
71265,28.62
163229,13.35
226518,4.39
170769,2.318
245715,7.164
61872,112.4
297296,4.21
35052,7.773
64717,11.016
32078,11.04
144708,9.14
43991,10.92
188425,104.6
143585,53.38
240521,23.9
263809,23.8
43489,4.508
229918,10.47
181225,10.445
170077,9.484
71636,15.42
299240,10.07
277535,17.66
157988,11.695
240854,7.34
60442,2.367
76275,3.748
286153,9.984
10062,5.227
131417,43.75
152125,25.0
142684,15.65
26733,12.88
165611,4.54
197500,19.2
239426,16.34
79776,9.6
213726,10.76
145018,44.44
171357,25.5
184447,10.31
146215,75.7
152214,29.62
41520,8.55
63117,24.89
187580,12.805
36088,3.98
59136,13.73
124682,12.94
55662,12.33
158723,5.35
149700,44.44
81658,8.945
216326,5.406
245920,30.36
50926,16.8
25079,3.836
178465,4.184
247563,18.89
284328,2.328
263855,8.375
284966,15.39
187914,46.06
252628,6.52
266982,7.098
52522,13.93
165825,40.94
128530,107.2
18775,55.56
115246,10.51
71722,18.12
137060,13.664
62475,23.84
43641,13.984
134688,5.88
129418,18.55
80856,29.2
135420,8.58
80627,9.69
79533,8.71
57230,25.45
122414,7.54
192484,14.8
81399,21.77
97515,8.305
2525,95.2
165851,10.01
10061,3.951
252769,20.8
39035,4.598
32193,8.62
107045,23.9
100841,6.03
51289,17.44
39084,6.16
144062,51.2
82468,2.867
195112,4.926
152953,6.098
284156,4.492
160246,4.203
64097,6.758
228440,39.2
154535,22.3
94310,14.28
208787,28.56
288006,10.09
123050,2.902
50020,6.61
280973,13.64
93144,9.32
191316,6.29
129122,21.02
133713,16.14
293270,8.4
64944,8.96
75663,2.146
47545,8.086
140335,3.86
124071,6.094
287170,16.48
171420,2.04
5130,24.05
149174,37.5
22200,27.61
241450,8.29
160252,15.52
258611,6.434
163406,11.4
189098,5.527
229456,40.62
204534,40.7
214635,55.78
184651,10.805
44972,12.41
26766,4.496
199496,11.26
59514,13.75
289974,8.29
197463,4.418
134722,12.97
201406,32.2
67264,15.81
38436,19.52
30989,11.04
283867,12.75
190460,2.225
65686,21.31
285769,18.84
265965,14.766
78931,22.44
41036,4.33
269897,3.318
266333,8.0
286568,7.324
12338,30.05
159159,14.92
6604,21.19
173829,6.492
157300,6.957
64970,9.46
78009,6.24
9045,16.22
233585,14.31
275330,6.79
67768,28.92
114750,13.95
74563,15.69
71562,8.25
48270,10.92
216805,15.11
97311,28.0
158508,19.69
259092,11.04
22472,8.32
30444,9.02
62369,14.37
273613,3.762
234302,19.44
259295,10.266
21062,53.6
106859,6.35
276726,6.434
190097,8.96
14747,11.84
209005,20.64
57165,10.03
7044,17.14
138633,15.85
218313,6.973
236909,13.35
157285,130.5
55672,3.65
178497,5.445
5709,17.47
175853,17.5
2416,15.266
260648,13.47
117637,32.06
188932,33.22
171378,14.555
280110,14.61
168130,27.22
91370,3.092
207674,13.52
142288,74.2
154336,10.445
49730,10.4
31593,6.24
69642,23.38
234591,39.34
72957,3.145
186187,6.684
228363,15.266
100496,41.1
262851,6.445
281375,4.715
207278,36.3
20051,38.1
155746,8.21
21661,26.08
121644,9.22
78020,10.445
116982,33.97
243526,9.81
100611,5.344
174419,26.34
47117,15.05
189342,4.418
176014,9.14
77060,17.66
120074,7.453
103714,7.844
248536,7.21
177733,16.45
252768,61.34
66866,2.658
176825,9.28
255835,8.414
103866,20.05
156306,9.625
213093,30.05
134956,30.66
6816,21.84
285894,8.25
48420,14.61
42091,14.13
130657,13.1
296693,41.28
122689,21.94
253684,12.33
263879,5.113
87981,2.982
118279,4.15
18317,11.72
95182,12.27
229776,5.96
276021,3.256
122449,9.77
44000,16.38
202536,18.92
28533,20.97
96193,12.17
242413,8.266
150574,8.234
226764,20.25
146918,79.7
107482,12.016
18152,58.97
16164,5.98
286644,22.48
137778,16.86
46014,6.07
176433,140.1
204003,16.83
64953,34.75
130830,34.47
191818,29.45
110824,3.547
2807,28.22
42624,12.25
274651,55.34
124598,6.957
126163,3.318
26955,14.016
135474,16.22
18319,34.66
114138,46.53
298748,23.14
128064,27.11
219893,8.4
239431,13.24
295737,7.984
163345,13.95
17949,24.34
238103,25.61
60389,25.45
159082,10.18
25610,12.484
97908,6.492
30272,12.25
64669,17.33
224999,2.676
167543,5.35
51034,46.9
64343,21.77
63012,21.36
246329,8.18
176388,4.8
118841,23.9
131077,10.83
156672,145.6
171816,8.055
244342,21.11
137157,38.3
291661,11.64
66577,27.44
297980,34.88
293933,6.195
62265,2.924
250605,7.406
243805,15.266
123971,18.2
145413,17.94
240283,7.098
98117,25.3
81059,5.363
263220,12.016
224184,5.312
241870,21.53
43843,5.586
150727,21.19
181739,15.88
77010,20.3
271851,13.93
158780,5.92
18002,80.3
96388,14.1
290364,9.75
263752,16.77
107759,4.06
259884,49.78
168310,4.703
144253,109.75
116548,26.67
65812,32.3
298502,11.52
115238,31.34
278038,11.55
7810,29.56
232580,8.56
274149,5.18
115661,32.62
36414,4.004
161921,151.5
7021,5.168
226970,9.36
104589,10.42
127270,40.62
283986,21.36
256807,10.67
17581,33.97
187056,11.47
113576,11.74
296738,9.6
266679,11.086
101863,38.78
49137,8.16
24068,8.77
267523,9.22
11644,2.314
154829,17.98
3968,57.56
124236,18.31
182420,6.492
230898,8.56
193835,48.62
56219,9.92
213400,15.75
152683,2.807
252192,12.914
25273,13.38
172490,17.0
2787,11.16
2569,22.58
299336,12.305
222145,9.24
207138,26.78
145236,40.47
6494,20.55
61827,19.36
242082,13.836
230813,7.64
262338,9.86
162836,2.48
170115,7.293
130501,5.527
229614,28.22
213130,7.15
195579,103.8
82735,17.72
15008,28.69
210569,19.25
248322,5.773
275683,20.84
53107,5.516
244424,30.66
235174,25.92
37208,11.16
163267,5.605
72567,15.266
184653,11.49
76463,19.44
203065,16.31
221240,10.09
147504,4.17
43968,9.625
263147,140.1
152918,3.14
5418,16.38
66424,58.03
16274,19.56
168138,16.94
3520,142.9
66765,10.35
104124,14.83
169277,7.793
20209,39.03
83111,8.55
20439,9.65
231931,5.76
109736,23.47
102796,11.57
262373,5.82
294618,4.21
131895,13.664
159084,9.77
156530,13.02
187596,17.94
294257,6.15
215452,7.723
61082,38.78
157811,16.94
145449,12.33
116687,7.258
118664,4.637
292899,17.5
10191,22.48
234690,35.3
262871,5.234
294839,5.11
158815,5.82
131767,13.695
93908,3.018
238431,25.5
143047,12.33
126334,5.645
161153,36.75
242410,20.12
41663,16.14
13152,13.664
13707,22.39
64363,11.11
221183,17.39
41219,23.52
244789,8.18
203985,18.81
184362,5.605
182165,6.28
104681,21.19
57742,18.05
112029,9.52
279165,11.04
155452,5.707
122929,9.195
496,9.42
30199,6.61
40920,6.07
182669,16.45
275636,5.566
139566,6.227
74832,12.23
270358,14.95
261802,16.9
197578,5.395
51342,18.36
251838,20.94
59652,11.11
230079,11.59
164206,3.932
226209,14.766
228569,48.72
182269,16.08
6139,8.79
2592,56.9
129231,25.56
262205,31.61
48148,14.22
267279,13.3
230433,27.44
151172,29.75
58751,9.02
27673,35.88
152041,24.34
146951,76.6
55939,9.9
97415,14.34
74679,23.56
227136,8.36
156677,3.86
205594,12.33
207688,11.89
182967,7.406
49695,14.52
217546,30.3
238258,14.31
107958,2.871
111618,39.97
183848,5.605
177321,7.133
25760,5.547
279387,8.52
823,11.82
126608,44.2
193144,30.17
86444,12.46
286447,14.734
198075,6.562
153964,12.23
107593,6.113
190299,15.586
125853,12.86
224528,12.305
16477,55.12
112519,28.28
226026,3.281
216034,13.555
186631,13.02
151789,4.617
64238,16.45
106877,10.67
116207,17.77
56626,30.17
164507,108.0
213957,16.34
70846,6.594
260017,5.33
78242,25.14
291045,14.64
76979,21.23
262209,144.5
34141,5.0
143918,86.56
286533,10.336
114633,7.098
212353,6.535
8664,21.5
174629,11.2
230537,22.16
170003,29.92
187711,11.97
283864,12.99
255296,11.74
87689,30.23
35501,28.22
24739,10.31
270129,5.61
99989,2.818
10696,6.023
29113,12.59
80262,9.0
58362,6.99
170046,30.05
77509,7.86
116287,13.1
92317,9.81
298014,2.512
50981,10.09
199507,5.266
97110,32.25
228952,7.082
163031,14.58
278815,11.766
116367,5.848
228346,24.6
258942,14.8
126504,7.227
290259,60.62
101984,11.97
14585,6.266
2854,40.62
180010,23.7
294522,15.945
280071,6.434
234401,9.86
261959,27.11
81473,8.07
169261,12.35
276247,5.215
19263,6.973
124881,42.2
226702,3.365
293646,9.44
275046,17.08
3029,7.88
246448,65.1
193815,11.55
244044,24.14
61044,5.93
113760,9.664
207150,31.4
289710,13.664
216798,18.66
285966,15.016
57696,8.805
95263,9.836
234906,20.38
33054,23.56
19780,51.5
269744,23.42
161283,95.94
149932,15.17
282756,8.43
218692,27.83
106089,3.826
282711,5.82
89043,8.266
214486,24.89
240777,29.69
179253,2.443
291173,6.684
99556,17.9
256420,27.72
227186,4.426
206162,4.02
148855,14.555
8081,11.55
120543,18.5
252103,8.88
251583,11.086
191362,14.34
139283,15.08
296910,6.594
35090,13.05
95946,1.774
186109,7.082
34816,26.89
231881,18.42
292537,21.77
81665,24.69
262145,10.375
297156,8.0
295588,8.96
158716,17.58
294358,5.645
85427,5.168
159104,12.07
68181,24.94
269833,3.965
189562,21.28
281727,6.184
12201,15.234
40918,22.95
273604,8.4
2439,51.1
136567,1.808
284139,26.23
86748,14.61
246118,60.62
150442,10.01
237808,13.81
117933,5.535
43617,31.92
227995,6.594
228041,3.01
11890,7.273
184442,12.51
272947,15.72
236449,16.9
103793,23.47
1273,19.89
85799,7.406
207390,37.72
214474,2.963
209696,32.3
161450,2.559
294603,15.36
272030,5.09
174696,19.72
177579,150.9
227648,9.36
238425,12.695
163612,7.86
132642,25.25
183481,16.72
255590,6.39
266759,11.47
179584,21.84
47899,10.13
148707,20.89
186086,7.15
61106,39.72
156839,51.9
59700,24.23
114446,2.4
38962,19.77
77028,66.7
275586,4.824
216379,4.727
178090,14.25
247489,27.48
273256,10.85
196091,62.84
44731,8.484
46917,8.92
72831,45.06
128696,12.27
235269,91.5
133822,4.88
110254,4.387
295353,32.12
169242,5.996
67493,69.1
64887,11.55
243905,61.12
128224,16.94
223108,16.77
146355,35.8
218180,37.12
108773,108.9
51312,15.78
138829,4.754
141127,19.69
60744,10.97
197132,13.02
137967,13.16
118583,15.3
63974,25.14
109332,8.43
101378,146.9
223707,4.875
147774,56.0
223522,22.16
186193,11.914
165414,3.738
18264,10.2
242551,34.47
146289,5.996
263442,23.7
248606,5.3
43305,14.28
110640,14.734
254684,14.555
34919,18.58
239959,13.52
245292,13.836
199534,10.31
108931,10.09
168084,7.438
486,3.684
289339,7.742
293073,11.87
26665,7.37
218455,17.11
19786,76.6
13101,6.434
285203,8.67
258438,25.92
162470,7.324
67178,5.902
238607,8.055
99111,43.75
17235,24.84
124704,23.56
105460,9.984
268682,11.04
131745,14.64
121425,9.75
172530,8.58
122585,5.2
107095,6.652
36995,5.223
61759,11.99
153053,8.805
244775,8.18
89415,6.625
122624,20.84
94347,9.336
96692,8.266
189685,17.55
269049,5.21
246845,39.66
283282,10.13
167251,15.52
3955,13.22
168269,16.38
85114,7.082
93748,37.94
241434,10.92
244222,27.77
206319,19.44
173340,12.75
112155,52.12
24934,48.3
175370,14.34
115802,15.17
107000,10.47
216496,29.45
294339,18.42
204083,10.18
286973,13.13
167197,2.0
275015,9.44
186891,75.1
784,14.7
280036,2.8
208728,42.7
44153,6.07
159238,3.809
157654,7.355
254864,11.23
63556,14.555
151940,17.33
173039,8.16
72194,19.44
259540,10.49
128857,3.166
149982,38.72
147298,52.75
273884,18.02
44442,19.2
232205,15.914
128647,151.5
12527,7.742
89631,24.05
289725,19.72
224209,1.962
296642,12.12
197749,3.465
268537,9.65
203536,11.18
92697,4.9
164447,12.12
149496,32.5
251166,6.895
69999,11.16
186785,2.904
32317,24.89
205601,15.42
173801,28.92
16631,3.504
148701,17.69
164522,7.793
239774,8.87
228287,16.14
5510,20.6
194056,6.24
111216,17.05
107828,15.72
62375,16.66
181343,8.14
288938,25.97
286634,20.97
155322,21.72
164701,41.34
178863,7.93
16913,33.62
298761,16.34
110321,11.55
277309,10.23
151210,10.266
240039,2.182
227981,16.11
75944,24.64
153465,22.95
281252,7.555
84591,19.64
17484,31.28
153213,17.11
279134,15.266
153061,4.453
142196,15.33
26845,11.52
84755,10.29
247306,13.33
66766,51.0
6812,6.85
99296,108.0
57394,28.75
227934,24.8
236020,34.53
101743,11.49
198820,10.695
112007,26.5
110442,12.195
174817,2.773
20634,13.9
97814,14.52
66114,6.668
147251,83.9
153583,19.44
33769,7.605
163778,9.8
278444,2.818
121062,30.72
186941,8.195
70743,16.48
165191,5.418
238690,40.22
196068,48.8
136548,35.72
128415,52.44
153187,14.7
2195,62.1
212598,8.32
150658,8.055
66718,27.94
123477,17.14
254149,4.5
189444,11.04
131708,51.9
29221,6.375
11499,23.61
24845,13.24
234190,48.4
267051,7.57
257397,20.3
208248,14.64
42546,2.117
280109,24.94
248600,2.033
130515,9.14
38186,14.19
91310,9.9
128199,73.94
235619,15.39
909,6.504
86459,1.841
154614,9.3
182065,18.97
157697,108.44
286212,29.69
16283,12.51
249623,5.887
138336,15.586
26651,26.14
53069,144.5
189971,10.97
149441,11.62
279093,15.49
204100,37.12
162680,17.44
241530,12.67
78865,11.766
57646,11.28
6824,18.55
98741,9.46
1838,52.66
90837,16.22
174806,8.305
88081,21.89
190725,14.37
73906,21.62
147394,51.6
249734,15.62
294725,28.8
297605,2.291
89447,31.03
260419,3.3
288673,13.836
126595,19.33
74757,8.43
128441,4.832
296506,19.56
118264,23.7
218256,38.4
219598,2.188
132542,7.117
144506,8.58
227987,16.94
37547,2.623
543,10.99
79679,3.268
102383,15.2
184360,3.697
242477,18.47
226007,8.07
284524,6.7
96365,9.22
128608,2.053
27950,5.17
165836,37.56
117112,28.8
58369,16.9
280929,13.22
31558,20.17
248094,18.7
147048,25.5
232528,7.52
48761,51.1
96603,117.8
120723,11.06
55487,9.14
123245,12.33
205536,14.984
241539,15.08
154246,6.7
258024,26.61
182036,29.92
74220,29.69
246151,14.37
153613,3.86
66695,18.73
235963,13.02
223066,6.957
13982,16.48
194578,11.33
205074,9.69
219914,22.2
104385,6.594
250552,32.3
23068,33.78
159124,10.805
118499,11.086
140776,13.555
134937,9.1
65521,7.793
265800,22.39
13651,32.9
291057,10.555
203390,6.883
113158,23.9
21624,15.11
275843,4.484
255621,44.88
283786,19.44
242251,20.89
65577,80.3
150551,38.03
208593,61.12
290392,9.65
34174,16.66
152508,20.67
44503,136.2
82977,18.97
172956,4.35
29758,3.879
218749,27.11
116870,17.0
23067,5.33
241319,28.86
251445,9.8
149458,20.64
147965,76.9
158803,26.23
105290,25.88
165299,9.52
268950,3.812
157549,147.4
136721,5.15
27290,2.777
206131,4.246
229463,26.23
154940,15.945
292166,5.855
162973,47.75
74993,24.94
243350,37.03
264266,8.125
169389,1.948
103439,12.15
120974,31.16
240912,109.3
242601,5.023
281229,27.38
179102,5.598
231564,26.83
85082,14.34
201694,31.22
95690,11.49
170885,20.97
117703,23.19
229274,43.38
29511,12.43
200801,10.16
225957,25.61
146022,32.38
204310,2.295
20014,150.9
3137,7.34
193659,16.19
157178,153.4
253745,10.03
70695,14.95
279493,9.875
256563,30.05
277953,10.13
124505,14.83
159784,3.99
51969,37.03
60791,4.938
194193,13.08
140523,31.86
18223,86.94
3130,16.05
255953,58.03
60192,26.5
123322,14.67
90460,4.824
25626,14.52
45060,12.23
254994,6.375
187059,11.62
71581,24.0
291436,7.64
151317,33.62
261353,6.668
63933,54.03
205745,22.67
189732,8.984
259586,25.92
290290,5.383
287024,6.652
33531,8.305
60479,10.83
149268,75.7
26972,20.97
106820,20.6
259075,11.18
217338,8.56
222815,12.97
64520,106.3
267412,10.92
50894,7.95
220653,17.25
119322,26.08
148964,38.78
80559,15.2
194460,10.16
217638,23.52
219408,12.27
41542,4.285
207157,16.83
9653,25.45
112104,11.99
34356,12.27
268188,4.664
173132,12.17
111958,60.38
64963,25.45
241915,19.77
1125,42.44
65050,38.03
9403,23.52
265313,12.41
92757,13.16
47680,11.18
290220,22.9
232669,41.94
192211,22.9
50663,37.94
169657,4.348
291528,32.56
93339,10.13
25865,2.244
147390,64.9
146008,46.06
205723,9.52
235243,58.97
99982,1.687
233109,13.35
136400,26.23
42553,12.17
178776,27.0
55523,23.1
48640,8.75
99828,3.633
136175,10.99
266790,16.6
135509,13.81
283715,8.96
51120,11.72
202185,17.44
175596,3.447
15969,9.56
260476,16.77
106801,74.5
203010,4.91
89826,9.65
187742,6.08
50573,3.29
161674,148.6
17678,3.557
103630,11.57
25135,2.193
3533,154.5
39142,27.77
286678,3.748
89608,3.898
36785,20.38
48796,6.35
90590,3.49
261359,27.83
199890,7.59
98074,3.79
260719,6.434
149404,61.84
33120,27.72
100392,5.598
96832,18.84
208012,18.42
102509,3.219
169434,15.266
67922,13.414
4063,14.64
299372,30.11
188521,21.89
255772,36.38
278952,25.66
68993,13.3
163302,10.31
114144,11.2
290211,13.78
43819,11.664
251910,7.05
286995,4.367
152804,13.1
124833,55.56
89226,14.31
169683,8.47
46840,3.688
212698,12.54
279287,7.273
111755,29.2
16175,2.182
34876,8.71
186618,11.62
100085,24.23
136390,2.744
110989,2.324
180244,63.84
288212,7.34
17391,37.03
4923,32.9
175059,25.56
76595,18.7
261998,2.266
294221,52.84
101848,22.34
14086,34.6
87925,106.75
37074,28.0
134522,31.67
65515,87.94
19800,50.7
22392,20.22
195180,80.3
2185,98.25
77222,8.07
44273,39.03
43218,5.125
105739,7.355
285559,6.926
257915,8.125
157103,129.5
20919,29.92
107155,28.86
144812,13.44
90718,13.81
200197,4.266
53724,14.25
292748,24.34
258735,26.03
275905,18.23
289057,20.3
192657,22.2
81038,2.598
11521,9.836
44486,7.52
257312,10.31
77957,35.16
46188,7.02
166557,23.1
261504,5.84
246016,27.55
118651,12.54
43921,9.336
98931,3.307
242126,17.19
40496,3.885
213357,9.1
153261,5.133
151627,8.55
51654,24.48
81663,5.63
157830,14.016
172170,40.28
137537,1.783
157989,21.06
20741,60.16
63195,11.13
5312,66.94
234805,16.55
34486,8.91
159545,9.484
79445,5.215
166545,9.836
282007,5.906
38803,53.28
275854,5.254
116666,13.414
233235,2.035
166932,7.164
120715,12.17
21846,21.8
282418,4.95
101604,12.05
248451,58.72
118942,21.31
29654,9.1
87896,1.849
191372,27.89
128755,13.08
237893,31.1
253914,26.78
212486,6.07
138031,7.227
178562,15.3
214929,24.6
103966,5.566
155978,8.84
282376,43.8
40579,7.05
240566,17.05
197801,11.695
191976,3.922
193363,21.4
167692,6.883
212534,22.16
239477,12.97
25070,1.832
137759,6.85
136478,5.09
110823,29.03
21268,13.9
228379,27.72
293267,42.1
233581,53.28
13667,28.92
126724,10.375
135112,13.47
271618,17.66
156593,9.484
188539,11.13
178393,16.22
135130,9.625
77131,1.862
38389,8.64
98780,3.357
259469,41.28
213200,44.97
45639,9.18
184489,21.28
142592,57.34
28735,10.6
293196,11.49
194470,10.51
139081,30.11
40358,3.344
86247,31.47
237710,18.89
167121,6.805
287611,6.06
160225,23.95
163759,19.17
193420,5.434
118538,17.22
26910,5.547
161970,4.055
207507,11.766
234054,9.8
107464,41.28
147901,78.1
47508,33.97
184711,4.043
220981,13.47
116155,27.38
224460,9.28
154148,24.44
167921,4.133
299104,10.16
195591,68.8
32347,2.605
182007,23.33
209004,2.549
118683,12.25
78763,4.266
178540,11.766
187584,7.31
155657,6.758
67893,21.02
59009,32.97
23205,23.95
190168,17.44
224918,10.555
102636,13.13
111077,2.205
125993,27.16
220209,7.93
233539,39.8
290154,10.16
222958,17.72
197726,90.8
270771,31.8
93367,5.08
1594,20.55
292402,9.836
263665,5.664
109601,11.87
113861,9.9
232383,39.5
154284,10.53
205833,16.94
105452,6.79
101626,10.99
30252,23.1
112209,14.83
138186,19.28
184129,8.375
124068,11.35
196358,66.44
58120,14.86
54360,11.49
27821,56.9
106722,20.3
41973,18.05
155333,7.707
187258,8.086
213219,12.805
277149,5.434
102279,54.9
243516,28.86
6667,38.47
89054,19.92
224809,27.0
90931,4.3
115405,28.62
248127,56.22
17992,18.23
19324,82.9
119475,40.88
201574,20.3
29719,6.836
101319,6.445
100253,20.25
204237,16.14
101331,157.6
275481,7.05
143792,61.12
6505,12.62
122095,15.98
119336,45.78
95858,19.17
195316,83.56
79225,17.5
246948,19.48
48675,4.99
13607,52.03
24396,13.555
283015,5.332
289767,19.25
152863,6.05
124029,22.62
298785,17.33
180261,21.23
204525,13.64
92302,48.53
52302,19.28
23601,101.4
292014,6.836
270346,5.76
238361,16.31
200972,35.8
285331,21.67
120718,13.75
11091,19.4
187351,12.27
98529,22.77
108530,5.37
187958,12.09
206957,13.695
289928,18.28
214742,29.81
59157,4.453
4035,51.3
28969,5.383
261822,10.16
265583,10.78
218046,2.605
161197,30.17
54404,12.94
122470,9.42
59162,20.05
183491,16.8
71760,5.31
182020,2.254
271534,22.12
27129,13.49
34696,9.6
192748,16.77
33847,46.9
8310,22.58
35674,4.766
207476,14.555
296605,15.85
13512,2.059
67556,26.45
284828,11.086
126288,3.486
152148,23.95
79885,22.25
221941,12.17
76509,8.36
267179,7.81
244310,25.77
162089,13.13
139375,12.59
140579,3.121
283131,24.34
284453,9.195
282616,11.64
279981,64.9
60251,4.66
258767,25.14
24675,11.33
246272,19.33
36992,3.227
41267,6.14
55789,37.2
156195,18.23
204435,11.305
292049,8.47
140176,14.89
161718,56.0
178808,148.0
289428,16.97
67097,29.33
251944,28.75
264187,6.973
279672,6.383
100268,3.832
248767,31.16
199979,7.81
295379,7.914
99812,2.377
197055,8.58
158677,2.912
24931,21.4
7397,32.3
113640,4.8
86877,22.03
154634,3.66
148457,6.254
288992,28.62
25847,29.69
37206,13.81
248308,15.98
84035,18.97
125252,17.8
131690,14.61
249765,14.64
224175,4.465
12271,34.47
146304,8.055
177888,10.695
196378,84.56
39570,6.168
4971,27.38
45787,15.11
115685,31.4
195262,97.5
230459,44.44
278055,3.477
154196,12.914
211328,9.0
128457,19.44
4495,76.0
236209,28.8
199148,10.805
114800,19.28
208229,20.64
236300,7.555
2437,77.5
165813,65.6
4305,8.0
155447,15.49
119252,132.0
182703,9.3
245793,7.31
169832,53.2
24813,17.47
200210,14.95
91480,6.023
134491,8.195
263458,39.1
24862,13.13
71019,27.22
37334,11.766
41938,4.88
198710,5.312
72584,8.484
164153,11.49
38797,18.17
4558,37.88
44499,11.695
42654,23.95
218215,5.586
163265,5.477
280505,21.5
224229,29.16
25148,20.64
92925,23.8
17680,3.182
66892,28.0
119848,6.535
263500,7.035
283157,27.55
293168,15.65
120699,63.84
64909,15.17
187168,8.4
176811,41.44
183893,2.473
7548,30.23
109595,36.44
191661,13.3
118914,21.19
249540,8.125
218583,7.324
204388,14.49
55923,34.47
292589,13.555
197548,13.93
299099,3.068
53686,18.23
21165,28.69
281710,2.309
46004,7.49
171640,8.77
80197,23.1
295755,12.484
5764,5.98
184284,5.203
136542,6.535
3980,20.72
126281,12.35
296233,12.305
203540,6.023
272575,2.295
213457,23.52
181016,4.387
277697,11.375
79196,6.562
199244,9.5
157231,47.38
208457,20.72
281587,15.234
247341,14.34
10213,14.984
129246,52.22
125108,4.67
263366,8.016
170497,29.33
148170,6.492
297007,14.19
48152,32.84
244122,6.504
267995,5.37
278682,27.66
69907,18.39
166300,13.75
212183,46.72
105201,14.49
132285,16.02
133357,5.605
281816,6.19
44149,6.297
9247,13.75
266284,10.336
95097,18.97
34709,2.662
288470,15.08
133626,12.54
100655,9.92
230258,6.625
276920,13.9
108321,21.53
22176,24.1
87664,3.799
258192,24.34
139758,38.88
162951,6.99
293713,13.81
243934,22.12
53002,46.9
22763,15.016
269085,9.65
46560,5.414
69707,7.293
35351,2.057
56726,51.4
4513,3.318
202760,2.191
293962,14.25
61587,28.92
86964,12.88
134747,24.39
165824,65.1
58633,7.18
194234,16.52
6340,24.69
127941,11.52
25264,19.8
199308,18.62
2465,54.7
279545,6.637
85695,46.53
92018,4.664
191682,16.34
48144,8.25
135649,7.914
215249,51.72
138957,10.24
173890,6.08
30680,9.56
176694,26.5
244144,11.18
98183,6.098
93874,14.22
32778,40.7
45970,26.34
14010,2.373
59963,11.06
110624,7.54
18000,83.56
257094,8.43
254001,6.266
225173,24.39
203302,25.72
163456,14.766
119778,21.89
121847,16.08
194224,34.75
138461,8.21
229601,17.58
82053,5.94
82323,8.234
76267,8.375
118876,22.25
4990,10.83
250958,7.688
168709,22.53
226910,5.93
170589,3.297
232370,29.92
97317,14.766
147006,56.22
51357,3.117
57513,28.0
84213,16.11
248428,17.5
32817,12.83
76456,7.83
146590,47.2
133947,12.23
286071,22.08
281810,11.2
5190,5.33
106797,5.465
45578,8.84
264081,7.67
82402,12.25
61542,18.23
150720,16.72
136041,4.23
82873,15.914
143762,92.6
217428,9.336
279018,28.75
183763,2.23
237457,19.92
81908,7.004
152207,35.6
21761,11.766
213188,33.44
53627,112.8
98909,18.39
68807,4.76
155169,17.47
18037,57.8
6838,7.273
37617,30.6
251437,43.56
43247,2.902
209635,16.8
131111,6.445
229803,13.664
208752,18.12
158839,9.22
188291,6.125
137179,14.19
101073,25.0
189766,19.17
107932,16.9
17365,20.94
237886,3.729
287280,42.7
119833,11.26
266500,14.89
218416,23.42
275579,13.33
57351,10.72
291227,6.926
201520,12.016
296823,23.28
137271,19.0
197641,27.48
33279,10.42
221401,91.9
5138,52.34
38584,13.16
19766,19.2
148949,80.6
103345,7.965
262404,20.5
264701,28.05
111539,13.52
247944,38.62
121561,86.25
16731,12.016
261107,13.81
254234,5.16
13953,38.03
110089,18.55
279090,15.05
152322,26.34
125667,8.25
138879,6.562
288659,3.66
276401,2.178
187005,10.2
293424,43.3
207816,28.39
156849,89.4
225466,7.438
176635,34.47
172475,29.92
92253,45.6
87618,20.89
168783,9.32
230486,41.94
68152,31.1
36721,21.4
23398,12.695
176772,27.48
64177,16.94
66338,21.02
50125,28.62
194656,16.8
8466,10.99
138660,16.9
65320,17.44
88995,9.16
285811,7.49
146402,21.53
115757,17.5
33034,12.305
218387,39.5
279357,10.625
295411,7.34
254120,15.69
78193,49.6
229747,21.4
286601,18.1
14938,18.97
68837,56.0
52350,11.375
66679,21.67
199141,26.89
71149,20.72
120505,42.44
133259,33.3
132003,1.997
124348,6.895
150425,20.3
60305,34.88
248347,27.61
51431,41.53
252347,18.28
146822,15.08
238583,29.75
88331,17.05
279446,3.832
293107,5.086
147576,22.39
177099,8.414
154338,7.34
40508,12.305
175411,9.26
139446,2.281
270535,6.99
22012,19.92
297164,23.56
80746,26.94
186038,45.6
13203,33.16
129310,12.62
26693,4.348
187849,4.336
120590,9.3
2939,14.28
110725,2.584
256206,12.86
59281,14.86
129732,20.1
8393,46.53
36633,14.89
117553,11.18
108080,21.94
227048,10.85
265563,50.0
140802,13.44
242005,11.26
292321,16.94
179027,5.01
128985,15.14
1204,63.34
24988,21.67
48785,3.822
245662,7.95
251849,8.96
243163,13.1
225887,10.67
270624,5.047
7194,105.06
50786,117.3
216015,4.375
298647,20.89
148723,26.19
261558,22.44
7201,76.6
157585,5.684
202176,25.77
145746,41.6
202373,34.66
150171,8.52
292841,3.748
251674,16.62
167881,9.96
84230,9.14
153855,8.62
101638,21.5
67371,12.25
146703,108.44
266988,25.34
274317,5.277
74426,4.78
193252,17.61
84955,11.49
107188,20.94
181904,5.008
97199,140.1
152496,23.1
260636,13.9
144840,24.3
21287,16.94
250227,8.18
7396,19.48
7760,12.805
202588,11.11
139191,16.08
36682,9.336
100821,43.8
297974,6.203
131506,6.79
178788,9.02
30010,12.25
24876,14.28
139510,12.484
203267,12.484
261734,22.03
145514,53.6
247841,41.34
238116,18.55
160917,152.8
102539,5.188
224055,16.22
37814,14.28
210609,11.64
136124,8.87
295492,22.2
233927,16.94
233431,29.86
78418,12.484
12821,33.03
255282,49.0
106113,7.49
169874,44.44
84182,38.78
250903,9.336
227195,10.72
179844,126.94
8224,20.8
185087,4.938
118653,85.94
130446,12.73
29041,11.79
2687,94.8
77077,3.826
175190,7.605
145936,47.66
25412,8.88
219965,8.96
80524,35.94
21256,24.0
165304,7.49
183297,3.557
239132,20.6
132440,7.34
172719,17.47
178304,5.65
197255,22.48
119930,6.086
66630,19.77
5465,15.85
21206,33.16
103681,12.016
189980,6.94
79723,22.62
296262,16.97
297253,9.9
290676,20.47
112130,37.34
114444,2.172
125837,33.5
89397,15.3
157598,70.5
235768,4.52
64804,30.47
246626,28.56
118761,8.375
255432,11.82
166099,13.95
48628,15.914
268194,19.69
11617,124.0
215560,8.83
98452,6.39
186127,8.086
107594,7.688
233430,19.4
53739,11.695
61724,12.86
190382,22.81
245298,21.94
134100,26.23
61519,9.195
156242,4.332
161999,108.44
286012,6.445
25839,12.99
218627,17.22
58295,14.984
155670,15.98
3568,155.1
47916,7.117
137737,7.67
198721,7.914
189755,8.67
196663,80.6
240088,31.98
29507,11.42
259471,36.44
272984,11.99
46449,12.09
143754,47.1
227587,11.11
126960,10.29
289350,9.08
514,18.39
217979,21.4
243361,83.9
71609,15.62
171977,16.48
13648,97.5
117855,27.55
232340,4.41
58174,6.324
90526,14.58
208274,6.867
137215,11.87
105324,28.17
56976,10.47
196921,14.31
166118,7.707
126828,26.45
50741,61.34
78790,6.418
235878,12.484
75313,16.19
271614,28.11
72844,9.625
83422,4.39
156336,14.92
46550,31.03
251526,8.84
71401,15.14
196848,14.86
220316,11.2
208404,5.434
68310,28.22
15247,13.47
65072,20.5
50186,58.5
162574,5.242
63214,16.86
189669,28.52
250346,14.83
213098,7.473
215008,144.0
30559,30.9
232488,13.9
268658,20.6
106497,12.17
83295,28.17
293363,3.018
133148,32.9
84716,5.98
240149,19.64
244781,12.97
46891,5.34
253235,14.28
270677,6.46
40884,4.605
209728,24.89
236549,14.83
9531,65.4
167894,2.625
149013,42.44
147259,55.78
65069,48.9
295502,5.438
258748,13.414
146266,5.547
246194,17.44
11466,22.39
139069,14.46
195169,49.5
246692,2.576
99549,95.2
177481,13.52
297738,10.78
168919,14.28
272848,11.84
201345,16.69
232560,40.78
28242,6.562
211432,79.06
206791,6.758
256962,11.89
235091,33.78
292467,9.92
109665,2.62
169923,8.92
293645,24.64
139092,74.8
48941,5.02
96395,18.05
37965,7.688
232929,10.97
85581,1.691
206904,22.16
253378,15.33
220819,21.28
85014,8.055
49723,11.97
197655,7.793
261700,12.12
238196,11.74
107215,5.668
290463,4.914
87382,9.32
47537,8.125
253636,25.05
168190,6.254
236749,15.36
95244,11.49
123647,15.39
4060,10.24
101241,17.9
243834,41.53
187067,11.84
138103,18.39
38042,15.11
105041,18.97
117011,12.305
62514,8.21
188303,18.2
287245,20.84
257284,2.006
269597,13.73
231834,10.31
112544,34.12
36019,5.383
182769,2.027
276572,4.387
99191,1.882
91206,9.875
90843,21.45
233457,40.53
273391,63.34
44118,11.33
262769,11.664
32151,3.762
255571,14.43
79201,7.02
126520,3.836
76454,3.5
281948,11.87
69240,17.08
283510,3.01
120418,8.55
93152,8.96
271929,31.47
29521,14.61
29242,7.95
45676,2.412
157860,5.363
290137,13.13
61341,5.16
161955,33.1
32670,4.84
13114,21.5
262451,10.4
173297,10.18
295668,8.984
121974,15.11
20153,59.44
173647,14.67
295853,12.75
104340,19.17
29020,11.11
222074,47.66
270303,19.89
171903,10.336
45152,69.6
275945,1.953
289727,13.35
293283,26.45
123771,2.645
4478,122.5
257709,6.883
110550,20.5
80135,8.56
258049,26.34
82988,8.96
290336,10.99
127735,7.83
120824,36.9
121622,20.47
176292,9.08
188507,18.84
70204,16.45
234332,25.34
290197,8.055
189251,6.625
104905,9.69
103720,14.4
133110,20.72
275010,15.39
143123,17.19
114425,5.234
60329,11.42
251637,4.918
111110,4.027
76380,2.367
138467,33.78
71968,19.89
43922,11.47
218107,21.11
64946,51.1
270768,17.0
213543,78.1
284403,5.695
240367,8.88
171702,4.297
129587,29.5
188000,15.016
218656,27.05
107542,9.0
264466,7.793
4965,12.54
149439,26.83
129493,33.22
298172,19.0
34835,29.33
263671,7.066
99644,43.12
272398,14.164
94216,2.912
169495,13.9
104114,4.008
145066,69.4
287499,7.004
151235,20.67
244559,5.285
63883,27.61
44019,18.47
33358,2.748
151258,12.695
2074,62.1
253970,11.26
38347,8.695
228611,29.45
240443,20.77
130234,6.023
25584,7.86
26818,17.66
159853,7.86
38244,10.16
109226,8.4
23717,5.402
140943,118.25
162442,10.67
120107,26.4
113456,6.35
299283,7.504
51591,3.17
109758,47.84
108867,4.938
84344,14.1
243048,11.64
98336,22.72
133363,28.62
274288,6.668
194843,13.38
68280,13.414
262033,51.6
292978,24.14
256916,132.5
24746,15.98
141322,2.324
165147,10.625
16449,3.322
281655,6.79
206728,15.62
66835,5.98
34669,11.79
279239,8.83
74305,21.06
163792,7.95
181955,11.016
298174,7.59
92561,5.61
36840,6.105
131474,19.97
221550,28.86
73733,20.64
214049,58.28
274811,4.902
5943,5.49
239422,7.438
74711,3.234
214019,28.69
61703,17.47
32788,12.12
108486,8.45
89245,46.06
187873,12.09
102233,13.22
23990,2.715
283150,26.67
235213,26.94
27409,2.098
146129,78.75
134093,2.436
14672,7.406
20480,3.451
251955,6.39
200047,28.69
24998,15.69
128115,1.934
241081,92.25
24240,18.05
169220,4.35
127033,8.14
135817,16.77
121309,16.66
234910,19.52
83607,14.34
122276,19.25
172854,6.973
217177,16.69
83124,7.895
68205,10.875
115237,10.31
270928,57.56
106696,8.14
219582,4.21
86866,6.742
298310,2.25
239114,22.39
39302,7.37
227718,16.48
169427,22.95
289033,10.03
256711,20.42
75083,6.19
75397,6.06
123825,101.8
43699,25.4
208495,19.12
92320,47.38
212919,7.05
298137,5.418
226223,17.44
87339,9.77
65399,31.28
193737,6.805
240483,36.66
31916,2.797
74324,17.44
199420,62.6
255080,7.082
15130,18.2
11306,8.25
138947,9.3
69229,3.26
49551,7.453
236207,31.28
62395,45.88
173278,8.36
57423,22.48
190625,8.79
89773,7.86
90207,4.223
267307,6.008
183489,12.35
96638,1.808
153464,18.31
234008,7.57
181043,8.29
107999,14.016
171243,18.62
128190,65.6
218044,9.6
109025,13.64
1852,52.12
136608,8.36
275745,4.043
73380,14.07
277050,5.18
235402,36.1
292509,36.8
3108,24.6
232105,27.11
91015,4.742
273272,50.28
281340,64.6
174559,41.28
82403,14.766
276534,5.875
112126,12.97
212212,35.44
286396,1.939
135844,21.67
45328,4.508
204211,7.227
2093,80.94
220881,30.17
11365,24.8
47022,13.52
205218,34.3
128617,32.62
182157,17.0
238844,22.72
74359,32.7
87940,13.13
1093,7.34
29463,12.25
3581,146.9
93931,2.32
275581,4.7
291445,19.2
135732,18.28
79581,7.34
87849,5.848
161697,126.94
269439,20.6
109423,21.45
88530,6.883
177361,4.23
273928,22.48
269015,6.652
289079,91.9
121038,14.31
270299,8.91
20469,5.363
157473,155.8
36090,7.723
174539,43.9
251868,9.77
228380,13.24
231779,16.69
33391,21.62
25819,32.62
94818,13.61
36967,14.7
265585,9.625
168608,9.65
118807,16.69
95405,25.14
173440,12.67
223574,19.64
249260,28.11
277624,18.47
148720,69.6
140760,16.28
238409,15.2
216665,25.92
24856,13.61
55502,12.27
232938,94.06
136895,8.25
50660,15.46
3482,8.4
20310,59.9
298443,59.2
220741,3.846
166958,7.62
84519,12.12
250593,19.33
245725,6.477
183958,4.184
232020,10.375
183774,55.56
178040,8.484
41128,35.38
255847,2.275
58821,8.11
294074,10.35
225219,20.94
40611,8.14
226207,12.51
160556,45.16
260852,39.1
212154,30.3
60184,9.26
16895,14.734
189200,5.035
281824,11.016
275148,8.62
28660,15.2
120879,2.838
99240,10.07
167745,30.36
123104,10.72
17092,21.19
267180,2.062
235663,10.65
178178,31.8
194889,5.86
129858,22.03
194872,5.99
268513,6.29
214005,58.5
203423,4.47
243367,10.375
228065,9.77
131903,12.54
66868,10.29
258035,20.17
18600,6.773
138037,6.957
206603,44.34
164536,3.885
260200,58.28
49923,17.72
71036,15.234
123221,12.15
42942,5.63
87353,2.182
120990,19.36
58134,13.19
262116,8.984
19855,22.48
104274,30.6
284843,8.77
270661,17.36
147484,7.844
71496,14.164
84333,20.02
162994,15.85
43808,7.49
170579,9.625
282950,19.48
27888,17.0
153342,21.11
62062,18.78
202753,4.91
171875,18.36
145026,53.38
54006,11.16
80907,15.42
193076,19.52
23008,79.7
207684,12.25
166535,7.035
36456,24.05
53775,34.6
163620,4.633
51851,10.72
17288,28.05
95647,6.58
245013,15.17
281311,9.8
274589,10.266
284372,11.16
97893,7.59
83396,45.25
203132,11.82
188239,24.64
211119,22.86
140968,10.9
7890,27.11
22109,8.79
73034,58.97
74054,19.84
121371,10.18
49367,19.44
45251,4.633
279775,4.113
294209,8.64
281793,2.498
85031,6.016
64874,6.402
21741,2.814
118355,65.6
153862,11.13
112030,17.39
297181,12.914
54843,5.625
24611,10.85
43609,22.95
187657,10.51
14136,28.92
199229,4.918
276803,36.6
255995,9.73
157898,4.082
211633,58.28
193437,9.32
102308,33.5
67548,49.78
151053,5.953
23666,14.92
274321,10.555
69823,43.12
137425,4.582
114676,22.86
239199,17.61
268690,2.83
193361,19.61
290310,12.016
211018,24.8
157683,73.06
264174,18.17
246176,10.13
14042,3.674
260413,26.19
209557,48.03
256456,1.829
211896,19.08
237589,7.438
72601,19.69
238619,1.796
268415,9.16
183497,27.05
95200,11.57
175805,26.67
210372,9.625
833,74.8
266673,12.305
276457,3.803
275458,14.22
23932,32.7
278691,43.9
176767,9.26
8518,82.56
228973,8.45
122430,12.73
76576,8.56
156404,13.13
226888,18.5
69117,12.05
31800,2.47
193095,18.97
92224,10.09
204760,10.24
167980,2.016
50478,5.34
25512,76.6
210051,24.3
191122,10.2
162061,16.48
216064,18.36
217038,3.521
49876,15.65
93556,14.05
121391,50.38
275784,3.193
11406,44.1
165380,48.62
214291,16.08
185166,6.742
136546,7.438
149766,26.67
213232,58.97
236391,21.11
232403,44.72
16857,10.555
58883,17.69
22900,6.043
3652,152.8
231600,9.32
57714,12.78
123435,12.17
211619,84.9
219140,7.21
217678,12.484
25295,15.08
135050,35.1
33253,2.842
162524,2.77
62835,9.73
165564,14.31
230482,11.23
125733,15.914
114286,9.55
66449,95.56
245347,31.03
282637,4.387
216324,28.39
189349,8.695
117214,44.2
211181,16.97
260362,15.586
150082,9.16
194200,8.086
164384,2.188
200009,30.3
29052,14.52
267069,21.31
241975,77.8
2968,19.25
85108,7.793
176,3.809
270569,33.84
20591,36.97
112041,26.94
169507,14.46
267249,8.92
103060,10.09
72478,21.06
202555,13.08
294086,5.223
117380,13.414
252521,30.6
83027,12.35
143799,28.45
286681,7.438
258888,11.59
76535,24.94
228511,51.9
75662,2.844
228430,24.44
268013,25.92
167609,18.55
244094,34.53
52587,15.586
164118,2.047
53489,16.38
31412,23.28
270251,3.771
267987,16.94
278992,13.95
20356,30.17
174152,20.22
269620,9.4
125144,21.14
294693,22.39
223380,12.016
275417,16.83
180085,137.4
59276,28.69
147239,35.44
112239,16.83
295313,11.11
191770,27.77
23881,9.06
208212,18.36
91611,11.72
77422,6.758
79514,22.77
30698,11.914
60073,8.66
38049,44.53
39452,9.65
133492,12.43
101229,6.46
292952,33.44
148039,24.1
261922,20.6
274369,8.055
197215,14.46
121051,54.47
76066,2.191
35762,23.42
269891,37.5
164047,2.373
277406,9.6
113752,9.1
105981,24.23
122837,24.73
288954,15.33
11747,10.67
132661,5.953
221077,11.89
116396,17.88
118402,45.88
173867,3.057
205747,27.27
1935,92.6
239770,23.52
97745,12.805
159704,25.77
154453,20.17
65903,26.08
183300,60.62
221137,37.56
272068,14.89
136340,4.7
274832,2.486
235495,28.45
230084,15.234
68169,34.53
201723,2.834
259144,36.53
3083,6.402
83680,11.49
166049,10.85
165099,24.1
146160,36.53
7663,24.19
84861,11.26
255,17.33
37115,3.049
177079,10.58
258913,14.64
90607,10.375
292783,4.99
102651,19.64
283069,23.42
267209,84.9
103258,10.336
243629,14.734
3090,4.008
17582,13.555
212479,23.14
266231,2.129
39840,9.24
36466,2.662
92932,9.32
46542,24.05
38976,28.22
38231,15.11
132013,9.81
62054,15.36
164089,3.742
274414,22.44
200543,8.64
148509,73.06
10528,19.72
223201,3.443
75878,4.96
15242,6.08
132751,16.48
14621,18.55
58030,31.98
4975,23.19
75183,6.742
132187,5.418
165139,10.4
92157,36.66
252951,9.46
15746,23.14
55840,31.22
84246,13.05
48428,8.234
5615,47.56
246869,21.4
285348,3.588
233648,4.715
63062,6.94
215719,45.88
44700,7.258
29461,6.973
5386,55.34
202863,11.62
248810,17.22
194376,13.35
168811,16.48
130781,12.15
14353,11.79
140303,61.34
291869,82.56
168905,7.133
162192,4.715
281965,7.02
51611,19.2
159117,11.945
249976,4.562
64439,10.51
164103,4.023
282374,26.3
210450,12.05
100967,14.734
270046,9.12
71274,15.69
90438,4.453
22889,15.52
272954,9.02
258536,6.12
113772,13.24
10454,7.67
20427,9.5
39105,9.08
109080,24.44
276870,6.434
253921,69.1
116354,23.47
158221,4.547
101048,13.24
122801,12.35
78347,36.66
94740,25.88
163221,14.766
103982,30.9
258095,9.44
266086,6.58
37002,3.281
244855,6.625
70472,14.766
276630,6.035
286922,20.25
2248,38.88
208484,39.1
72578,19.92
46190,5.95
223197,5.145
268197,20.5
170416,2.447
130009,6.39
127075,2.97
31780,12.41
17102,9.69
39442,5.113
125595,48.4
211341,19.72
125346,15.586
250082,33.16
208533,115.06
284674,7.242
239366,9.14
137290,8.67
65222,51.3
134586,25.25
207693,12.86
268154,6.55
168086,5.137
57,5.113
69490,52.34
113873,21.67
292828,1.965
74022,24.73
221818,10.31
235767,9.56
113270,3.08
278467,12.43
265139,6.895
6477,8.04
277272,15.69
151875,9.984
239177,3.54
62180,5.03
186034,10.07
245819,15.72
267355,2.275
33905,4.66
35940,2.0
97301,12.695
167049,8.234
62760,28.92
287059,11.06
161226,55.34
116844,20.5
132560,13.64
135730,10.92
26163,7.965
196944,9.3
113869,25.4
84161,7.02
139331,16.42
14166,4.117
287811,13.13
205017,18.66
278967,7.688
154642,124.94
140789,10.47
614,12.15
216948,2.244
160165,5.914
214907,25.0
275189,10.555
165978,4.08
206156,28.56
264036,14.05
284039,27.77
197016,24.34
210917,14.52
186285,13.414
224306,21.28
206158,12.484
16056,9.12
232603,25.4
274761,2.697
198863,9.92
190815,14.92
13866,57.8
224391,4.69
8996,31.47
209215,27.0
17568,14.61
162077,6.29
164289,13.64
30083,77.8
290586,63.1
88361,9.04
236396,16.22
166366,6.477
175391,57.56
161210,117.3
214795,15.234
100476,18.7
78828,1.826
263828,9.38
142306,59.9
199687,11.305
260516,18.17
293706,24.73
285686,6.418
117499,6.895
173050,12.05
215324,15.36
251634,11.42
233925,15.81
27709,18.17
73900,51.3
138622,14.46
24440,11.97
61350,18.55
276983,20.22
262196,81.94
169300,5.438
29348,10.03
275217,21.94
48735,11.87
99843,7.15
212594,25.34
184157,11.28
231150,18.28
183160,10.16
136956,27.11
25137,3.469
53846,13.47
92375,36.8
23617,32.12
189330,7.453
165731,22.67
105534,20.5
279704,5.695
188201,14.1
129676,18.55
192293,10.24
264233,12.54
212233,25.0
291522,5.875
15415,28.52
218430,9.02
298202,5.977
206718,27.55
200005,26.14
22225,32.7
176195,15.914
201571,21.67
41652,58.5
195146,58.97
7738,35.03
188964,63.6
104364,5.56
225535,5.168
149625,11.59
16751,30.47
200481,4.824
200627,7.355
246090,29.1
176967,16.83
276265,4.656
112895,9.44
249767,6.15
252003,20.22
104971,10.42
113706,25.25
250566,23.52
59937,7.02
73517,8.91
95771,12.195
226848,12.86
11940,7.52
242882,31.98
193159,9.664
82044,6.035
245696,9.3
35019,2.916
159672,4.08
251539,16.19
188997,13.73
218593,3.738
118494,12.51
113547,80.0
55973,26.23
256541,11.375
87682,17.22
183941,4.67
146155,15.234
2339,56.66
51872,5.93
260929,9.71
62380,18.92
177076,27.48
105484,31.61
214548,10.445
194978,18.2
276251,1.922
104848,25.2
230076,27.94
238266,20.72
46743,37.25
33949,8.84
257532,24.73
293627,8.805
232616,5.76
280704,11.375
58980,15.266
240121,30.42
104422,43.8
126884,36.44
283271,4.875
138996,2.883
167550,3.99
51405,33.72
265797,29.75
138398,55.12
73573,10.625
85055,4.45
280067,8.84
137431,2.104
91429,15.36
154034,12.51
116727,16.25
182200,6.79
202913,6.55
41075,8.4
272372,13.61
132420,25.45
210079,7.504
294989,3.318
274057,28.34
33113,3.43
172578,14.28
197088,22.39
7500,26.56
198324,44.2
63998,3.908
279777,21.06
178413,20.94
71992,15.52
75495,5.688
199164,6.28
37765,10.18
62465,104.6
192640,21.11
262450,6.73
120815,20.55
169004,10.09
80525,13.9
156341,7.81
95617,6.36
41550,6.28
230458,7.59
98779,3.87
123712,34.6
17544,10.74
55961,24.69
260969,2.646
202180,13.08
229779,8.52
274381,23.9
286656,9.984
44201,6.758
111861,27.72
218418,20.55
294520,24.23
183169,19.05
189670,31.34
250436,14.28
229492,22.95
182872,13.61
86360,9.3
183542,9.73
202559,21.19
275362,6.637
173207,8.234
196620,60.16
46224,5.57
68437,26.3
80666,8.58
159945,32.56
237582,6.05
242662,7.656
137975,15.914
280023,3.494
61714,73.3
66301,6.195
158488,10.31
250577,28.86
339,3.65
219900,15.81
101932,13.13
230033,19.2
179146,16.05
88453,5.977
232080,5.254
236380,8.04
36298,14.07
100042,20.72
33802,9.75
126456,3.775
269642,11.445
136069,8.36
123333,15.914
88695,10.695
276451,10.24
89915,7.438
211863,44.8
10896,5.2
107117,9.86
77618,5.723
236618,5.52
74304,27.94
52501,21.53
283617,7.688
271911,7.64
35288,31.67
256429,1.788
184753,24.64
68944,8.32
95915,30.72
221687,3.398
210478,5.5
48424,13.19
177409,41.28
78420,17.44
176264,2.623
82513,6.99
227407,10.74
132121,13.664
74415,17.98
114129,3.064
293366,76.3
48856,14.1
241464,3.033
43062,85.94
119282,33.03
52260,30.72
242377,12.41
9119,6.82
169677,7.688
173513,14.05
93989,8.34
77791,20.8
210666,10.6
207164,12.35
135493,14.164
237557,2.37
55917,13.87
92217,57.56
229377,34.38
234973,25.5
129461,6.176
209523,9.42
255164,82.25
157810,6.113
253491,30.6
51579,35.03
49640,7.59
104108,37.56
91441,11.26
60315,4.492
230268,15.33
45131,25.25
185230,4.336
199781,14.4
243743,14.83
247450,84.25
147073,51.3
220960,68.56
139412,85.25
269555,8.055
263478,18.97
46237,26.14
28487,66.44
223318,22.58
35335,19.72
76852,17.8
195615,42.44
19785,77.2
155422,17.0
37497,12.78
196310,38.62
56179,22.67
264761,15.36
33183,29.39
166210,10.47
266697,2.254
162006,118.25
274980,14.8
23245,19.05
253531,7.984
42589,14.734
31370,6.73
142522,29.5
139767,23.95
133779,6.79
130212,4.83
84574,5.52
44340,32.7
77811,32.06
259565,24.44
72190,15.17
162262,28.92
165587,19.4
287437,5.668
178423,5.812
271403,15.33
148677,23.38
292698,24.3
245902,25.81
229253,44.25
258026,14.25
217108,13.08
3736,20.77
25647,28.8
140871,8.55
34899,8.32
294862,4.434
201844,5.688
168552,20.1
1584,53.28
105443,18.42
29,11.59
87390,9.92
237828,12.38
255859,3.156
277469,8.92
78072,5.023
291650,35.5
209018,28.56
136893,8.66
130694,42.1
242453,13.95
156879,145.6
165569,6.402
240030,4.62
194384,11.445
22442,17.14
237018,7.62
31479,8.66
69421,5.953
252493,3.125
279229,13.73
85273,5.742
82316,10.42
199653,15.78
86791,24.73
149618,14.7
111608,50.5
60465,23.66
162896,13.44
54756,36.38
235169,27.44
209144,19.4
279740,7.133
165601,2.57
110683,12.56
250065,12.05
294628,29.56
170445,15.75
141217,19.84
277717,42.97
261777,7.195
139498,43.47
275613,13.73
59647,42.44
242166,29.69
45718,24.1
47816,4.844
67254,9.06
151668,6.805
58708,23.23
69920,22.25
286290,3.193
31270,15.266
270625,3.605
85450,66.2
180560,12.62
281855,3.377
145990,55.56
290820,21.5
265958,16.55
16972,24.1
147689,27.61
236919,17.77
212118,79.06
244194,9.92
127745,29.45
171,17.66
234747,8.18
221193,49.4
59250,54.25
227346,12.25
8586,25.61
115459,12.67
165552,20.77
260400,33.03
146994,10.85
21896,27.38
230892,24.39
33182,12.94
230034,21.06
254046,3.578
179907,2.584
159398,22.62
152811,13.555
247424,31.1
18412,55.34
64533,7.62
155788,3.373
3176,10.266
290042,24.89
264960,44.62
210421,6.973
280633,20.6
197920,14.89
164529,11.766
186517,5.93
56034,9.664
19945,71.9
160537,5.52
210957,29.45
252829,9.875
210814,19.72
50860,17.69
112768,81.6
233071,7.62
212158,12.35
237433,10.83
58228,11.695
217334,5.086
283218,29.16
160561,13.49
15058,31.86
33074,10.03
124427,18.78
54055,13.95
151402,46.53
98198,8.84
121518,10.805
152495,33.3
38570,7.004
233869,3.486
196456,66.2
211683,32.3
48357,32.5
77027,23.66
16458,2.797
126065,20.8
152938,5.188
243223,71.6
115168,31.16
94487,7.83
213466,27.94
43733,15.49
75516,3.508
32694,9.75
145717,23.75
80555,9.06
11445,3.771
233276,28.34
148100,22.3
141833,31.53
97809,39.5
57790,16.11
188892,35.03
199638,13.93
232691,55.56
4760,16.28
130019,12.33
79530,3.553
177837,44.72
28383,10.266
77200,3.78
109921,17.25
274340,20.17
189288,2.23
289213,11.42
160419,8.52
20298,29.62
57148,9.96
172304,45.88
107295,9.55
55122,75.7
221825,25.0
10342,45.06
2581,54.25
282202,2.018
116523,49.0
295646,11.305
296128,21.23
38268,9.02
189064,24.94
147934,21.89
7015,3.955
118658,5.625
92173,31.4
57967,27.22
103607,12.016
187981,30.36
78344,23.47
205567,78.44
276545,14.86
37341,29.03
25936,1.865
229487,7.59
131482,12.46
227001,38.94
189122,10.29
73886,39.1
256292,17.08
87335,10.72
269468,23.19
96000,4.754
259528,57.56
173940,17.61
159081,12.75
212514,5.977
60396,141.8
157432,155.1
184761,14.555
258209,6.652
63310,12.25
43898,9.86
292241,4.777
278709,38.25
58137,20.05
258363,6.316
296482,21.58
227302,6.973
285372,10.72
215556,11.89
200207,9.08
45666,15.914
128739,17.9
154790,36.66
240855,6.46
82386,5.754
101007,10.76
164638,3.443
85456,57.56
25535,13.22
4419,12.75
242246,36.8
279088,16.14
190180,12.016
170536,9.5
147778,49.2
141102,11.445
245342,31.1
60372,21.53
43490,9.9
107163,18.31
228585,27.16
165998,4.812
66816,36.22
210953,19.17
66580,11.62
119938,22.34
126869,11.695
11347,15.52
265603,18.17
176821,10.72
280163,19.44
281740,4.78
230627,67.2
221377,27.94
212362,23.8
37556,4.805
214495,23.38
171228,4.5
242857,50.9
278310,18.89
170202,28.97
57461,30.72
40929,11.64
78734,2.36
53454,28.69
177664,30.17
202720,53.28
141733,14.86
141841,9.44
223672,38.47
215057,23.0
289017,32.84
188483,32.78
137307,2.041
113814,10.13
169438,25.77
293473,11.55
86678,4.41
11163,12.73
157492,140.1
93876,11.33
150354,9.28
45668,7.723
26729,12.805
237914,42.53
101656,20.05
259958,4.816
53711,14.734
53247,20.25
49068,26.89
111634,8.96
260262,20.67
95854,19.0
196435,80.6
130791,15.81
12085,12.46
1216,9.984
207769,19.08
88376,9.336
213663,16.31
274235,5.996
57952,65.9
1921,53.38
265645,13.35
230884,11.64
36262,9.56
136575,17.19
20511,48.72
259281,16.66
236085,11.42
26982,10.67
185583,11.82
234303,27.33
293578,8.47
201292,13.38
199462,14.555
14517,15.234
206477,36.53
192228,15.14
5249,15.914
155036,13.47
252057,15.266
77158,6.883
51077,12.97
108300,8.34
269704,20.6
171053,8.414
156224,5.855
281714,3.42
274398,2.28
106769,13.414
156814,13.27
276287,8.4
55161,9.44
9591,21.28
109161,24.94
16508,28.17
150833,9.06
251562,8.58
34276,13.27
33860,13.555
33335,12.914
169012,18.31
92461,8.92
98940,5.86
164365,18.17
7337,103.44
227386,14.58
144563,2.912
123627,21.4
189812,71.6
88041,16.34
239296,22.39
29293,3.465
122387,66.94
66997,16.25
1640,93.7
4202,8.234
260653,7.273
256627,11.695
38339,3.96
143733,16.6
135798,6.246
163605,16.34
129154,7.86
159847,8.55
19418,15.945
279162,9.4
125784,29.03
47610,24.94
14727,3.244
70520,22.58
43703,24.1
266624,15.52
164417,4.184
50321,33.1
263001,27.48
233425,65.6
26386,15.39
77903,11.664
15181,20.55
30969,20.25
125680,27.0
288603,32.12
78904,15.17
209482,14.734
129233,23.33
15312,18.1
22604,15.81
197245,7.844
78798,5.402
18421,54.25
117050,32.97
174305,19.12
222888,16.34
31008,5.527
131187,25.77
26091,21.23
227576,32.5
57030,41.34
260021,12.35
95994,7.914
87827,59.66
223234,19.52
28469,3.908
260811,4.973
253461,44.0
257425,11.82
30104,49.0
179114,4.863
51926,24.44
160593,8.47
287351,7.082
190,8.64
45516,10.72
94405,11.49
24797,9.12
195148,13.19
276678,25.25
207410,48.03
55807,50.2
83953,137.9
212530,12.97
117121,13.1
165303,4.32
77624,14.31
11574,47.2
115034,25.45
4042,64.4
254882,21.89
299116,30.97
96170,13.87
232256,22.67
65191,17.39
175790,13.3
178025,21.53
257012,6.773
9263,14.43
95082,6.957
112572,18.97
56441,14.37
29174,5.33
170779,4.84
16408,21.84
34119,14.34
249546,2.102
109045,47.94
30912,15.72
143430,8.91
298791,11.375
48495,4.812
230493,9.625
58359,21.94
283243,24.89
247281,6.168
22804,17.0
185438,44.88
20900,56.0
244106,54.25
201370,7.688
225775,14.89
9464,37.5
134018,11.42
55078,6.086
68749,7.723
7915,8.086
149853,81.3
158440,49.4
184845,10.13
62830,6.14
21194,17.33
166055,6.85
44876,27.72
166973,13.81
264057,16.28
22116,7.273
146279,15.62
199231,18.47
111732,13.38
30871,5.01
285014,7.95
180812,9.984
72969,11.79
38378,19.36
19799,17.61
64263,26.94
189497,10.67
263725,4.793
299234,8.92
76602,10.695
221375,35.16
118206,7.31
170154,8.16
170257,13.49
189470,16.97
13187,20.6
125887,5.434
240062,18.12
220008,11.52
156573,3.799
266781,15.98
48104,25.81
74791,6.375
227096,16.9
230942,19.0
225158,27.77
261399,95.56
67134,44.34
38747,7.438
77886,16.02
211314,44.34
250208,13.49
39188,23.7
220441,12.016
64862,10.83
280998,6.184
148927,19.36
52138,12.016
267967,4.926
212716,22.58
76239,11.57
249373,8.43
101280,7.984
101313,22.58
209254,14.58
150508,19.17
153052,4.125
87127,4.633
118826,13.52
213634,21.31
175175,11.82
47158,17.58
235661,29.1
64527,15.42
144881,13.3
111465,16.45
79288,7.773
299232,22.53
232461,9.5
245816,13.05
197823,5.586
46663,19.84
139010,14.52
60280,10.945
285731,5.746
211870,29.75
274890,12.35
26923,15.39
202597,35.94
28394,5.754
283373,1.607
5828,13.836
282480,3.629
93660,28.11
70398,28.17
55258,26.4
270899,8.75
171820,17.11
214026,12.83
8653,16.6
18783,40.06
210978,18.55
66976,52.53
297246,2.727
152346,20.6
235547,7.81
190873,12.805
293338,12.67
100642,20.34
7595,13.16
127009,15.266
209794,52.12
73349,4.99
94326,10.01
213463,8.16
108272,25.97
50350,9.586
179188,10.97
128916,10.03
185031,10.625
284028,22.44
86056,4.5
125275,4.65
20586,23.42
16464,3.734
83652,11.375
10540,17.94
169235,2.822
1835,49.6
130407,9.336
64707,9.5
222946,23.28
288122,15.42
155082,15.69
241333,17.33
297098,6.316
36896,18.55
277795,3.395
23500,52.84
21066,28.0
163876,14.43
111356,14.164
94948,5.31
273033,14.164
233268,10.05
178339,23.42
49497,7.656
80980,6.94
290450,12.59
102452,114.56
177225,12.25
233223,65.6
61385,57.8
246793,15.39
63110,10.35
111595,5.516
192938,2.541
17479,7.242
89999,8.29
46606,21.23
292215,8.62
169144,5.703
33121,20.1
176138,73.6
83664,9.02
190831,15.78
64056,11.305
135253,14.8
123716,31.53
76839,4.75
189261,29.03
55653,34.25
293916,6.52
77298,13.555
187555,2.807
236039,6.492
78365,92.6
93314,11.945
45496,10.76
185950,10.2
203169,2.693
170194,7.324
93725,9.875
98588,8.4
76358,28.0
244135,6.184
120222,23.47
115941,9.24
8643,12.15
198992,24.55
255605,9.56
190618,15.78
35588,14.555
260118,19.52
85734,6.227
13299,28.05
153323,12.51
228678,15.016
105371,13.33
128688,13.52
119920,12.99
111472,19.84
174511,21.89
5346,18.84
27133,12.56
67324,24.39
22737,9.02
200730,20.34
21599,52.66
234402,13.19
74337,51.6
267004,5.63
247415,26.61
198695,3.56
47847,3.21
126528,14.67
283738,7.37
65300,16.83
296413,4.21
165782,8.055
209489,9.984
281722,34.8
199482,6.637
128905,81.3
7938,48.03
299395,19.36
83054,22.48
29783,4.293
194704,13.35
70506,11.28
274536,7.098
223276,2.514
66387,35.03
102513,136.8
148807,121.56
17040,16.83
35785,14.555
15887,2.566
2156,24.84
168085,7.242
276230,5.418
145969,24.44
20138,55.78
235923,52.03
99765,6.176
153078,12.88
213312,12.59
297321,10.336
17183,9.75
48133,12.195
213150,33.1
267024,33.16
136123,18.84
182489,9.3
288819,2.018
237282,9.08
13413,3.064
92808,4.59
170014,21.53
142018,54.7
259989,6.895
216925,13.05
238717,11.62
176293,4.5
104915,63.34
214604,5.242
3894,14.95
125067,13.984
141666,15.72
142910,73.94
130245,14.766
141424,44.53
276564,2.33
94483,39.5
242543,5.37
281410,15.88
63,17.61
160680,5.125
288450,8.21
131592,16.9
179197,7.21
231154,14.07
204014,32.2
299173,5.96
88235,4.188
95725,30.42
190885,15.98
253329,18.23
237373,10.35
260778,21.4
142888,24.44
18472,17.8
276900,11.33
142015,25.81
246827,15.14
294867,2.389
7368,22.72
39989,5.93
87836,4.07
94087,13.38
212059,7.59
291379,19.97
137962,17.28
89685,3.469
257530,15.75
274563,8.32
269292,5.855
270938,5.773
184145,44.72
107226,10.76
155431,2.135
82767,28.0
188530,12.805
114953,6.004
203606,11.016
117717,9.18
134583,19.84
163234,18.89
278627,10.09
220174,20.3
3313,16.72
59860,42.88
153468,16.42
35091,28.52
168795,28.28
120307,8.07
258441,4.45
23060,8.25
2551,67.75
53613,15.555
183073,13.13
30223,10.74
170229,86.56
254337,8.62
285937,23.38
86871,28.8
75789,9.195
257358,10.97
292853,8.945
39851,4.023
125675,10.72
143680,57.8
101846,19.28
134954,3.416
85815,5.344
204306,2.852
142687,55.56
92875,16.97
54897,18.7
33240,7.504
178513,7.688
120830,15.016
26157,12.38
247398,12.27
5185,14.64
102919,9.44
10751,11.664
126711,20.84
285927,13.61
34982,49.3
164839,10.58
164720,10.12
180677,5.566
146105,52.66
227824,9.02
75290,18.55
197820,24.73
111130,7.88
136177,5.848
264235,9.12
51393,38.4
286700,4.75
80096,4.867
141928,65.1
212737,17.25
151167,7.082
67786,43.8
112316,22.72
284993,8.79
20119,9.08
138340,20.47
244025,15.85
268651,17.47
47651,22.77
50774,6.7
71860,17.14
219534,22.77
41614,5.52
105406,25.0
66854,40.38
140305,80.6
272818,17.8
49766,5.023
296636,9.92
119557,7.324
55706,15.46
54729,5.168
148423,13.836
277603,18.7
78765,2.152
196296,52.22
201551,3.592
180301,5.535
163057,5.65
10820,23.1
138662,9.42
105058,11.59
47747,9.81
10093,32.38
14580,11.79
165875,20.3
291405,10.18
17435,45.97
186071,31.34
47963,14.07
193848,18.73
264184,8.414
106586,10.58
74602,11.375
251545,23.66
298680,5.137
207919,11.89
287682,7.164
252562,8.086
5424,54.9
232972,25.81
278723,8.0
53952,7.93
41313,16.38
295953,10.67
283604,3.3
248734,24.1
214976,3.72
133881,26.23
175009,41.53
153047,7.895
225057,15.98
56717,12.86
148375,40.38
245569,33.56
146689,98.6
298677,11.33
379,52.44
161135,145.6
78024,6.82
131485,9.336
112923,18.12
233556,21.94
277580,17.36
97046,27.77
77371,28.69
60556,9.3
31497,21.14
50384,7.965
15732,7.656
236050,15.69
56651,28.0
196013,55.78
35275,19.89
162933,8.77
161372,16.48
145674,14.34
127157,47.1
45264,2.377
196520,54.25
41591,5.86
133068,4.484
35879,10.24
255844,6.637
81970,5.586
10359,11.52
74842,17.58
2652,52.97
270940,6.594
133348,28.86
26138,27.38
201654,15.33
285658,8.266
95163,4.168
85353,6.203
168511,12.38
252803,6.85
274578,13.13
277285,12.78
66785,21.11
233280,14.22
42981,33.5
157840,1.953
62755,15.11
230786,20.6
117405,11.52
15441,17.66
35457,27.11
81440,7.242
191206,37.72
25899,7.227
293062,4.137
47591,4.74
294601,5.215
220259,114.1
141635,17.72
82216,27.94
137990,13.22
81920,7.793
253885,21.02
244631,11.04
189225,3.86
33309,33.56
52923,25.5
228160,13.22
196975,8.83
269834,2.773
58530,9.52
124280,8.58
24602,21.67
23829,10.92
28839,15.016
62,25.1
49220,9.8
159789,44.34
127351,90.8
2529,27.0
73114,7.81
9894,22.67
85930,15.49
120814,28.8
199947,7.082
196803,6.434
21509,21.02
50801,96.3
137369,12.75
74704,33.03
250797,20.05
88414,14.13
212149,10.76
226115,3.412
249799,43.38
240743,11.2
58157,17.22
138632,21.98
37937,4.93
221352,3.674
248462,8.484
173534,33.03
82643,6.625
232252,3.908
163094,5.812
51497,8.75
174127,6.203
142538,84.25
73013,50.9
62132,11.64
102700,36.97
117101,15.88
225647,16.66
101218,62.34
39542,29.39
262114,5.81
189055,12.99
280476,12.73
228228,45.44
205451,9.56
226044,7.066
107804,7.49
122369,12.305
30137,15.586
152109,24.69
182775,19.56
54087,79.06
280697,13.836
168529,14.1
19928,33.62
180730,8.79
45203,17.61
124099,25.3
50537,17.66
154395,20.05
114123,5.32
194958,46.8
284653,12.67
250920,10.47
292177,6.477
270955,4.145
142435,26.23
219637,3.975
83512,4.66
155077,14.07
71692,12.67
82528,7.05
180914,14.734
230897,13.02
26489,10.945
128014,36.44
115047,22.44
16009,23.66
34456,2.684
49651,7.117
189443,20.64
273685,115.5
98202,4.637
75934,27.61
230260,6.883
100214,15.49
127504,11.766
260840,32.44
263076,139.0
120750,8.34
252440,4.59
295073,10.35
55287,14.13
79730,4.387
290571,10.266
42748,32.25
107454,25.81
232065,7.035
202328,20.38
28074,8.64
140969,16.22
78511,2.512
80946,10.67
181892,18.31
101555,6.324
251338,9.38
91378,17.14
239868,43.03
25834,7.49
37005,3.133
209474,8.04
16630,16.42
246703,9.92
281782,23.95
30808,3.566
76481,6.535
263914,19.89
253672,2.123
285687,7.64
208709,27.72
74274,71.3
7576,43.66
26284,13.27
60809,21.19
278587,14.164
52609,11.375
132223,15.42
87571,27.0
240801,7.195
197051,18.81
151202,9.22
25577,10.99
145008,59.66
150968,6.79
198112,7.42
275133,30.3
2559,105.06
276210,15.49
1501,3.922
288511,12.99
85811,16.86
226767,3.553
249436,43.38
267904,5.625
269306,8.83
290927,14.4
24945,34.47
54513,24.94
248725,24.69
81150,29.16
292512,14.7
265435,3.742
244357,14.25
31915,8.16
289426,19.12
128836,20.47
83991,22.58
220516,2.25
104702,33.3
162374,10.42
9449,13.33
212867,9.3
210946,30.66
225266,38.2
169508,5.223
126370,8.83
57315,11.305
168550,16.28
149866,76.3
269497,2.166
175964,6.16
208453,10.9
43521,3.045
182184,43.03
71703,30.66
18628,7.438
114682,17.77
98181,9.18
40169,7.34
165386,21.4
218922,28.52
278384,2.541
285833,4.914
266075,17.83
148391,64.4
260571,12.805
95783,5.516
296921,6.85
173800,7.59
103948,11.945
63069,2.64
205308,52.12
201314,25.97
195520,74.2
171992,93.3
24052,5.312
266263,9.71
143270,21.62
229040,22.34
185380,21.53
172199,19.33
139567,10.51
217473,35.22
64713,20.5
150051,25.14
65573,10.47
15083,16.22
290350,7.293
167424,15.05
86156,20.02
176176,12.914
126454,4.93
156191,2.662
3720,26.19
298658,13.58
98309,14.4
244058,2.41
110785,9.38
106202,8.58
178746,10.445
240991,37.5
115511,9.0
33273,6.85
109452,41.94
129256,14.92
62902,9.3
36352,16.45
121218,21.84
99249,8.805
234060,19.72
270372,20.77
250034,8.58
130931,9.6
61971,21.62
230979,31.73
16417,18.31
8535,10.01
238872,11.375
111096,4.875
93822,4.188
110894,8.92
260245,7.965
83572,11.79
14005,16.19
48799,19.52
257627,10.78
101527,18.73
69961,146.9
46673,11.914
62750,10.09
248427,9.26
207402,27.94
218106,2.264
40797,5.477
152960,10.625
218972,32.84
31526,6.594
63721,54.03
189555,10.16
2547,35.16
73399,4.35
245717,4.84
54255,22.34
162502,23.1
85397,6.402
272324,29.45
45290,4.96
180414,18.97
273354,10.65
248082,3.271
256074,29.62
122763,13.75
41560,5.695
165010,56.66
283875,24.73
67092,39.2
47366,26.94
179825,10.875
284830,5.684
48276,5.066
100771,17.08
129388,10.945
134310,7.895
142883,53.2
64754,30.6
14045,37.2
29627,4.297
115767,45.6
271128,3.465
245643,7.83
62373,15.945
137813,7.984
266883,15.016
238593,18.1
207320,10.31
73057,11.49
91365,11.87
135162,3.398
14709,19.8
14486,12.695
39714,4.76
117303,11.84
32136,2.822
203908,14.37
110574,23.9
114465,13.9
67654,24.89
47549,2.916
342,6.066
230323,14.19
39762,12.99
240302,14.61
96512,8.04
131363,13.95
244908,19.97
233909,25.77
26793,5.145
221911,4.74
29976,43.22
54517,22.9
289991,3.922
140057,8.84
47715,7.133
269775,9.9
98599,4.766
162727,19.36
274938,11.72
16206,4.656
164719,8.11
131738,35.16
191130,2.36
43430,7.984
192222,16.45
175467,10.29
250906,31.61
36199,6.58
78844,36.66
286070,12.33
239604,5.06
97811,45.7
235501,28.0
135807,34.2
120904,40.28
186197,5.605
52001,8.4
255228,7.406
36156,6.973
195352,68.3
198697,4.89
94225,21.31
145287,109.75
156186,11.59
291569,7.39
37574,7.86
142042,27.66
83892,91.1
170072,95.2
157727,16.52
206926,15.33
78085,17.14
208838,63.84
208153,18.58
10849,20.72
219562,1.965
216947,14.58
44274,6.492
4753,20.1
107972,18.78
30417,13.19
252289,10.99
191935,3.566
281406,10.375
49889,5.688
227265,14.13
141279,23.1
282003,2.86
167018,20.5
71441,50.1
93126,4.2
97865,8.984
291926,16.52
179178,21.31
232832,16.69
60756,15.78
144846,13.78
125089,16.86
152393,6.926
254592,13.22
260968,11.18
80844,12.15
248494,26.3
4073,7.117
214319,26.78
279244,7.37
3398,12.15
194787,4.54
170688,4.375
295985,7.18
33487,60.16
27772,14.05
152312,21.62
43029,13.16
47943,52.66
47271,3.955
249042,18.89
99650,33.97
29115,26.67
241365,25.14
193632,16.08
86847,10.555
252166,15.14
209759,10.53
90600,12.484
290818,21.19
167247,10.51
269172,32.3
266690,8.14
288483,14.83
176576,10.445
135906,19.08
299392,24.84
187355,12.27
276155,7.133
150149,5.625
34526,13.61
241662,11.04
62185,25.72
14061,2.273
30945,10.49
262948,9.32
29933,43.38
3957,22.12
203030,27.33
97796,13.93
14185,12.914
141139,23.14
2333,77.2
235201,15.555
199565,13.58
46584,3.592
69324,36.22
164337,13.13
150272,6.867
164430,7.258
78257,6.883
150422,9.625
66070,14.555
76995,12.46
261985,24.44
16500,11.84
138755,28.56
243401,6.973
113139,21.28
167616,40.47
185993,9.06
234434,5.977
248763,10.99
117943,106.3
154978,11.52
212734,13.3
94023,16.05
80462,14.92
174849,31.53
274129,17.25
58348,19.25
3552,82.9
271085,10.65
63005,10.67
202785,6.043
145241,123.0
258463,7.742
163892,32.38
202,31.53
127476,12.94
68209,5.754
259825,4.047
182995,3.938
165913,11.13
103694,43.66
236320,9.26
159607,2.504
90677,5.29
242871,10.4
130049,3.137
266154,19.44
3763,11.49
218144,2.863
109145,11.99
75818,21.5
276787,2.244
248166,25.05
126672,28.52
141804,11.305
77154,10.336
104002,25.97
188676,2.852
235158,26.56
34313,4.887
257295,20.12
10260,5.93
75817,6.477
223062,5.484
134915,8.234
169210,2.309
47286,8.91
77784,93.3
152404,19.52
203733,17.19
263027,21.11
7748,3.377
240126,41.03
137420,10.99
249786,13.1
258958,17.55
245872,19.0
108358,11.4
46200,5.246
165477,10.97
267139,17.72
23186,20.05
156532,6.324
249281,21.45
95429,14.07
192884,30.78
164393,21.11
37632,16.28
136481,19.36
275900,8.62
195637,69.94
229532,4.55
182840,49.5
236352,28.0
121594,32.38
161914,36.53
28011,12.83
295166,2.299
97562,3.889
68442,5.547
262983,20.97
254210,9.92
34979,3.11
39250,15.945
210198,6.492
189423,5.156
150459,4.637
9889,28.86
194505,16.34
28598,8.805
127930,13.33
159050,3.705
121085,10.6
201690,13.38
163219,17.69
10688,1.899
37589,36.66
63421,12.07
192009,20.67
76618,13.75
205737,11.2
290947,11.79
142789,73.94
194890,5.645
272458,4.16
56926,6.46
230332,9.75
26384,4.99
265876,13.3
126470,28.75
200393,49.0
248471,5.96
250890,39.25
86211,3.271
163946,2.83
248119,4.984
185963,8.414
6105,11.35
7019,6.562
75779,8.234
125339,5.34
211828,23.56
45695,2.727
177022,4.965
100385,10.24
129090,65.4
16474,27.89
252936,10.78
187569,7.742
168794,27.89
6514,44.97
37089,5.86
267502,6.23
288073,23.23
209142,51.0
97017,18.97
126152,14.64
265179,9.586
208807,25.05
81963,15.945
204370,10.92
178201,4.973
36690,17.44
195762,73.94
197289,19.52
26648,12.17
269335,20.25
257752,3.71
247922,2.068
221234,25.0
171974,15.65
31622,13.47
270979,11.47
151663,23.7
189096,8.56
6071,9.28
105684,10.78
31502,4.133
276191,4.04
277375,14.89
292205,13.47
202375,16.22
241795,15.08
196144,66.2
16842,6.957
15270,5.645
157637,15.36
264431,7.86
195612,59.66
129416,8.52
281129,17.25
100891,11.52
1805,15.2
67251,31.86
276634,3.65
59631,16.62
281439,22.9
164465,15.72
197084,51.72
212949,12.86
127326,5.92
236142,12.54
934,28.22
93802,1.945
40210,2.793
284474,10.375
181435,12.73
242167,11.664
48632,3.902
27148,23.61
130814,15.555
32569,3.256
112539,9.36
121260,10.78
294712,21.5
286797,21.72
231305,13.52
73641,85.25
26098,8.266
18353,2.807
230770,22.16
267888,8.414
156493,17.66
255393,8.414
287473,9.6
92123,5.227
175962,136.2
283994,21.89
285138,14.07
102118,13.38
153998,4.89
211931,21.14
9524,10.23
115710,16.05
281201,20.38
249806,6.24
293391,24.39
291837,8.64
268049,9.92
52655,143.4
143727,38.03
83896,94.06
2468,54.03
40756,4.9
25201,4.66
85748,5.387
65946,15.42
142387,23.61
205094,17.0
184715,5.11
142960,42.78
261983,6.773
151632,9.5
166273,16.28
165889,3.145
190452,1.832
41192,4.406
203415,30.17
16425,27.16
210726,6.477
8290,25.61
187418,15.65
12381,13.75
203917,37.94
204374,11.82
38859,5.16
137529,7.57
123156,10.53
132842,61.34
180157,14.19
169129,12.73
149829,36.1
122629,16.9
207857,17.61
216145,24.69
42783,9.65
240586,11.89
18690,8.266
167026,24.89
222087,7.195
19729,40.06
141058,16.11
153238,13.555
8035,6.91
275521,10.76
35562,19.0
194121,2.912
110660,20.5
67817,39.72
224125,7.504
215653,14.05
193628,41.44
123557,22.12
181497,25.45
202607,16.25
100962,15.14
190292,17.61
106072,11.28
123943,10.24
218282,13.16
26265,6.742
40706,1.891
61062,3.26
42622,9.06
75784,9.92
4673,37.62
135124,21.23
235916,19.12
125457,9.77
817,2.379
208979,9.44
211354,9.16
206087,13.95
173158,4.777
12364,11.35
5440,60.16
294400,4.18
54318,9.55
71890,18.36
126342,7.895
267743,7.793
29912,15.49
45993,6.957
95155,14.34
203500,12.33
49436,10.01
285843,15.78
9991,3.912
19123,13.73
81803,7.227
184799,24.89
99489,116.9
78143,23.05
235777,22.2
108347,21.02
123982,14.86
244520,16.8
200531,1.985
207830,39.2
280560,3.697
39545,18.84
177921,27.77
261480,14.28
12182,26.5
243108,30.42
70130,18.92
89871,17.83
94595,13.9
99051,17.98
14513,7.83
87416,5.688
286185,15.81
200803,3.96
181640,3.014
97268,12.09
268974,22.44
248609,14.19
39389,5.3
18656,32.38
191276,10.875
57996,8.6
279682,12.35
252259,18.28
103665,8.04
193189,15.33
228491,15.85
27479,13.52
230743,21.4
170517,11.766
47829,12.016
118304,5.902
265637,21.5
104416,23.38
246952,17.9
113001,8.96
216629,28.86
41862,5.84
113923,5.17
200103,17.19
201917,23.28
267226,26.3
35459,27.11
276078,6.008
142261,96.7
76146,11.74
144620,7.984
283295,8.92
3315,9.77
227361,5.434
197390,17.69
260253,28.34
118526,3.37
186248,43.22
64220,26.45
19381,38.03
200641,4.24
133399,141.8
147840,26.72
67869,22.81
164520,12.695
128505,24.69
24794,28.92
91890,18.42
135948,14.67
289366,17.0
282945,13.44
133017,32.84
277266,4.203
120043,5.402
270586,3.447
175644,59.9
129307,4.47
154618,4.395
47045,54.7
195218,84.9
291329,5.035
275022,11.59
258083,2.752
64628,21.98
157352,139.5
212141,26.08
2466,22.81
16004,3.152
270322,4.805
145215,34.53
79425,7.133
29357,11.72
257487,35.72
73848,14.49
212799,14.64
212264,9.16
45500,32.44
169859,47.75
70041,30.66
906,11.06
293595,22.86
276950,14.64
149416,5.332
276023,7.39
244652,27.22
18994,58.97
252586,29.69
221483,30.72
144803,19.56
46198,3.664
267495,7.52
29840,10.4
103567,9.836
82157,26.3
137898,11.18
166110,10.336
37433,6.418
75749,6.82
113181,23.61
289998,2.701
154286,4.605
249966,16.22
83469,8.984
192719,4.484
241693,11.84
264391,6.758
118199,11.13
118577,41.03
257127,60.16
206968,31.34
278906,13.9
186247,9.38
132243,35.1
168335,5.156
127720,4.65
92112,5.637
252497,18.39
257138,41.78
256665,5.56
35878,10.6
149131,37.5
39697,9.3
80357,5.086
160986,88.3
243634,4.723
280397,17.05
258367,51.2
284672,5.227
178087,25.66
194733,3.715
155409,2.705
199157,9.16
131574,5.37
173138,21.36
3373,16.6
38857,9.5
65735,15.17
235894,12.88
110511,43.9
13253,27.72
34168,13.44
16188,11.42
210776,44.1
111343,15.69
195273,85.25
156356,13.414
169798,2.086
137129,24.1
197579,8.11
196123,91.9
54842,16.14
177276,8.88
268322,2.44
152120,27.44
45646,12.305
262015,66.2
2840,7.15
194897,2.68
71098,26.03
67777,6.31
131163,5.746
73066,5.695
161396,2.447
46263,10.555
160169,11.52
249393,18.36
267543,12.12
93089,48.12
170249,9.5
122940,17.28
95859,4.664
73825,8.71
245944,56.22
27824,44.34
205412,20.42
213724,23.33
50279,7.15
31579,5.406
55110,7.42
11509,16.62
230062,28.22
60543,12.86
977,14.734
65165,8.45
285427,7.723
235708,12.43
275461,9.86
234655,23.1
18734,29.33
40762,8.125
92972,16.42
213540,10.49
150343,8.51
77927,11.28
132897,112.4
170161,7.773
53385,12.78
153362,26.08
146710,22.08
228601,11.47
275026,9.12
161102,6.85
224816,9.32
49380,6.957
2278,78.1
217245,10.13
73427,17.19
200538,4.76
127612,22.3
120802,13.61
170459,20.38
5372,12.695
89639,28.34
93899,9.73
252776,9.1
161085,69.6
94459,15.11
149410,49.2
266936,2.047
22038,54.7
1079,11.62
173332,7.21
59782,57.12
80536,7.004
241376,103.8
20848,10.12
154794,29.39
118495,19.17
142556,103.0
35706,17.28
250414,28.62
182077,7.67
51525,20.64
113232,15.49
80124,75.4
12163,21.36
176763,1.985
224992,12.99
171551,26.08
9992,18.12
144576,5.203
36297,3.365
212138,16.8
59124,19.28
276323,20.12
289383,19.77
153160,5.58
80713,4.316
7093,32.44
243671,11.016
288365,20.47
253147,15.62
299332,4.95
45813,8.04
33561,8.086
71754,14.4
155816,8.51
272327,58.5
190967,10.695
297091,5.61
206991,11.87
146342,13.13
177199,46.9
193942,9.14
120277,9.18
272741,9.32
133538,16.19
224129,9.81
265119,13.52
71877,9.46
66426,11.62
156676,4.008
226570,31.1
173693,27.89
297039,10.07
87133,5.055
61739,14.67
144796,2.99
257541,10.4
184896,13.664
241465,35.03
30975,25.14
209368,32.9
253238,2.8
162924,10.05
135965,13.73
226911,5.246
71814,21.8
204254,16.05
56694,13.73
45710,18.12
238647,9.6
223246,17.94
6770,23.66
274354,2.318
258549,23.47
206531,27.61
132816,12.09
62660,37.94
11132,21.28
78971,13.75
8179,11.64
135999,22.58
61424,10.53
23181,18.39
216703,16.62
80391,5.113
253739,5.023
248977,25.45
179115,7.895
63495,14.31
286855,15.46
166640,38.56
195269,81.6
128828,30.3
61167,15.98
179818,22.3
20411,3.133
157493,126.94
242226,17.58
119454,20.25
138237,1.994
192435,21.14
246817,12.15
29007,8.77
132530,15.42
212726,23.14
198700,2.629
246922,9.24
26561,8.734
192088,139.5
93801,14.164
56654,10.42
168018,56.22
37017,4.1
239357,35.1
297796,18.55
280875,6.91
155577,8.64
54068,26.61
205102,31.1
28091,6.06
272615,26.78
105557,10.266
258324,2.12
61613,124.44
129351,15.52
157406,146.2
212236,9.92
212581,11.04
288191,27.22
11304,13.664
88948,9.18
102724,19.61
170627,8.734
12631,33.03
136528,3.54
221828,33.5
264816,11.84
163689,15.016
249010,10.2
68199,18.39
40657,4.684
283912,20.8
192448,15.42
214178,13.61
78961,48.72
110183,60.38
229046,20.67
153856,7.227
83013,3.846
263825,9.586
53803,16.86
124969,43.3
213239,19.61
54293,10.83
216542,10.76
128682,8.79
104288,7.86
126651,15.39
209517,23.05
273542,15.234
215930,20.6
23434,134.1
215348,35.8
159803,9.08
122174,44.1
135519,21.5
74746,11.2
244519,29.03
21657,26.94
44815,6.28
108429,14.25
74844,6.805
293533,10.53
18321,21.72
207033,6.156
44065,17.61
219241,18.23
15946,41.44
249110,37.94
40672,6.375
100325,43.47
247518,19.69
168816,10.07
75259,2.982
15153,25.05
210618,4.89
15939,4.152
215053,9.04
98130,42.53
260533,4.54
107526,19.25
209107,25.4
56728,29.86
100219,13.27
101940,14.25
268037,16.22
275310,6.773
106903,89.4
24545,14.52
247166,18.55
82599,9.38
84827,12.88
130481,67.2
182226,17.69
130666,24.23
293223,24.8
176975,11.945
1419,71.6
19207,60.16
119001,1.734
284448,2.168
91894,10.2
143472,5.06
151306,85.56
298937,11.79
197335,12.33
88021,49.6
56855,21.5
157790,9.92
102270,29.33
202324,7.742
158228,13.93
1335,35.03
214357,15.75
287756,18.92
261905,18.97
186054,2.086
14446,18.66
88768,2.73
190381,19.0
217333,7.293
4469,9.6
160198,6.418
204288,26.19
53578,16.08
73994,12.38
20817,39.1
270391,13.836
50977,12.07
204287,28.62
13527,3.623
258643,10.31
273851,1.977
172834,10.9
225187,38.2
24694,5.723
248833,32.7
167274,2.145
138915,23.0
144423,24.73
298510,5.92
155068,9.06
144315,55.12
173838,25.97
43593,1.81
122448,24.39
132159,11.4
260481,6.035
263854,7.15
120031,6.12
55474,15.945
249544,5.8
169006,2.814
57005,32.5
291129,6.375
189325,8.29
204879,22.08
128956,24.05
114239,13.16
222217,12.88
192220,23.56
81256,3.553
253559,27.44
222356,6.895
190174,6.348
109397,3.352
274418,13.35
8099,19.28
90595,8.75
142034,14.984
211665,69.4
41129,30.05
28516,48.9
250823,39.72
136176,2.81
22087,50.28
71522,6.61
22994,13.38
165623,23.84
266580,17.8
51035,33.78
196932,13.1
222934,18.97
194737,4.703
198887,24.44
178195,22.77
46700,4.5
277557,7.52
26437,3.656
238330,3.879
143530,20.72
248252,12.23
240250,11.74
197377,31.53
75584,3.215
215303,7.098
196543,18.02
169649,5.45
277038,6.113
216455,7.39
98927,35.38
75997,7.34
138414,5.617
298883,28.8
50463,15.52
175700,22.25
121275,11.42
77992,27.61
29946,5.066
33906,5.566
248569,26.4
199278,28.45
204322,38.03
99651,65.4
69681,19.64
288289,21.98
234153,16.05
49017,6.176
54603,11.695
196152,57.34
26922,3.62
198454,15.98
158536,9.9
54634,5.688
75493,4.344
95338,21.19
105004,11.04
21721,8.92
66783,20.42
79490,6.24
174204,8.64
276953,13.1
298935,11.28
76654,5.676
60388,11.72
64085,44.25
249235,12.805
292447,7.21
99849,16.25
7236,23.84
133215,12.51
141647,14.95
12888,2.14
1579,52.12
77753,15.52
156878,22.48
233601,17.88
60290,69.6
4969,16.14
221745,11.72
253681,7.758
114820,2.76
146973,41.94
71531,15.3
27174,2.434
275380,11.016
36154,5.766
53584,13.61
90879,5.457
105782,11.23
196076,93.3
167095,16.22
251837,19.12
152839,5.58
251247,5.934
65842,12.15
149950,15.49
72668,52.75
21495,4.875
294168,32.56
34676,19.05
294028,25.05
9009,12.51
181768,5.3
113968,32.44
193084,14.555
266370,8.4
29721,28.22
249735,5.996
97568,8.77
267859,25.77
34023,9.28
213736,13.19
80924,6.7
51255,45.06
90926,3.08
81201,2.334
135082,20.47
248936,9.1
286834,25.81
202787,6.61
53560,85.56
117586,17.36
279924,5.508
55909,21.58
214025,44.25
101040,24.55
135810,18.02
44988,22.34
180000,16.05
177618,142.2
191627,16.77
202343,10.09
140323,2.314
36598,8.805
146317,10.695
84148,23.23
266379,6.12
47460,8.55
204960,3.65
47319,8.47
163459,8.734
10609,18.58
266854,11.695
26101,6.73
145506,55.56
291812,90.44
102403,18.92
120094,10.18
298564,12.35
240662,24.05
198860,6.91
112863,18.5
277226,29.03
49878,21.19
171180,6.773
215281,44.62
202567,34.88
82750,11.52
18669,21.77
128653,140.6
229121,7.88
287810,16.69
152829,17.11
272719,20.22
192159,8.21
122910,16.72
131671,14.95
94927,27.55
279001,13.44
97950,2.924
155016,11.74
152239,20.67
131727,94.8
9823,49.6
158897,6.652
65223,17.55
15835,8.055
106867,6.35
233789,6.184
70923,21.94
145690,43.47
59810,19.72
20565,27.55
240653,15.945
58574,12.914
39362,4.9
77181,4.0
88721,2.223
272757,13.73
49374,16.19
216986,2.986
65378,11.64
20414,23.42
34973,7.004
138676,124.94
294691,27.05
145700,14.86
212858,13.22
119641,5.746
79886,36.75
236363,20.3
140361,31.28
79443,21.62
171047,47.84
269322,22.3
128896,141.8
69125,9.945
233028,18.1
145349,13.05
174528,21.98
175090,18.39
147086,49.9
116039,5.246
59802,129.5
112014,35.8
287036,2.672
35609,12.05
113653,17.08
124921,31.16
118740,6.562
252735,28.17
149504,69.4
172318,3.56
290833,4.582
129253,7.793
288943,40.28
290995,16.08
5299,27.61
113480,11.06
166327,6.836
40162,36.8
180238,13.414
13455,25.77
193939,18.7
22206,11.445
269916,26.23
240096,31.34
106935,53.5
148067,5.375
258664,21.31
73941,141.1
58780,30.36
255622,39.1
165951,8.87
157530,80.6
235825,24.89
78318,7.54
116434,29.33
59410,7.605
182830,16.25
254902,8.805
25331,14.43
24138,20.34
220847,9.36
132177,7.195
161523,2.773
65964,4.0
293701,15.78
172638,4.85
91577,14.555
83441,4.84
633,24.84
186906,25.97
107733,3.79
5854,6.562
111492,25.3
28717,3.31
49747,11.13
294119,3.984
249504,7.758
66973,10.336
116154,23.7
181352,15.586
265788,2.096
279284,4.74
56098,12.86
201606,13.984
169546,8.58
79355,5.625
75025,32.56
110662,9.12
118183,12.86
43624,19.44
169646,5.145
69898,23.95
292030,8.234
664,12.62
144882,102.2
134225,15.52
49994,3.65
42651,7.88
217529,14.61
295130,7.227
152111,26.03
99716,8.88
144264,102.6
165169,7.984
82980,6.46
188010,19.2
179999,14.4
52211,12.86
216692,7.133
271206,20.55
181262,28.39
287931,10.01
37059,2.053
72594,32.9
264098,2.785
294160,8.32
299086,5.125
269057,13.22
33352,16.11
234427,10.266
258349,57.56
77690,3.738
146875,83.25
253241,9.836
271791,2.646
224543,23.7
111221,16.86
95948,1.868
274813,3.264
133033,9.73
133509,11.11
257844,6.383
256082,5.688
159569,9.24
221340,8.6
216686,8.414
116377,9.86
74558,16.14
172351,12.88
127283,11.87
42409,21.62
5997,15.69
53241,12.94
46168,5.312
172568,9.71
115014,16.8
84645,4.5
184579,3.98
80580,2.963
13674,26.78
12181,40.47
120943,10.6
44762,15.49
162625,19.44
112280,19.69
153236,27.83
254535,10.99
42365,20.02
63118,85.56
168759,27.44
131431,15.08
10052,30.17
249554,10.09
24461,9.42
193758,7.54
297391,22.16
52168,8.266
33372,23.9
212054,10.875
289391,16.72
188720,2.059
163902,18.66
273776,4.676
125967,7.355
12516,8.6
289331,7.355
245586,15.69
68155,7.64
160484,8.984
264229,27.48
293924,16.34
190810,14.64
267372,12.41
7220,11.695
129243,23.23
229700,8.92
108242,3.822
30475,24.89
34893,7.758
185800,9.04
112487,6.21
48024,10.78
13103,13.38
64673,12.86
151046,51.72
258013,4.65
44046,5.81
118535,28.86
290692,15.914
37787,4.863
67610,34.47
273874,12.83
152114,22.77
210460,5.535
232792,10.12
48794,10.07
158670,21.06
263492,17.33
73811,10.85
122938,12.64
171902,16.62
208481,59.9
176004,7.273
131471,14.19
35401,31.16
277587,31.98
28051,4.55
54112,11.72
184246,13.87
219253,17.72
5823,16.11
148452,11.64
186178,22.3
120047,15.52
284593,2.863
299250,2.021
241169,12.59
156635,19.52
132218,32.44
187861,12.83
61100,11.64
118400,7.86
247510,62.6
116406,3.553
153759,8.32
63660,22.25
248488,16.86
11415,21.58
134203,14.61
235011,7.965
9599,4.168
16293,15.81
43660,13.44
114555,14.19
274052,6.883
139868,11.57
18817,66.2
57723,22.67
9212,11.914
260814,4.117
203248,21.53
67588,17.19
189839,19.8
70260,29.03
54541,23.0
10838,12.99
174195,8.96
42739,17.39
186397,7.758
186475,11.52
75232,7.066
45752,10.4
274470,11.26
90973,22.25
6810,7.844
250749,7.64
247564,34.8
9063,30.47
219909,38.78
74618,15.52
167733,18.1
157690,141.1
129561,8.84
175030,20.22
189764,7.758
81096,35.5
59481,11.52
11839,12.97
51506,15.08
264972,41.28
228460,7.93
138195,4.754
98406,19.61
268160,10.67
150623,11.87
287952,8.67
6144,20.42
74801,17.0
68583,9.28
218263,16.86
23414,7.67
108649,57.12
216804,21.45
217620,18.78
164299,7.05
178580,12.17
74784,4.867
202414,5.707
5141,52.22
216076,6.07
94800,3.902
89521,6.58
195732,64.6
272315,4.938
17296,4.484
15651,9.46
254314,30.42
146030,42.28
146044,15.33
240471,17.5
248064,47.0
181083,7.05
113941,35.5
454,20.42
270107,10.99
206788,36.6
55977,27.44
195532,58.28
31876,23.0
53676,6.14
78946,7.21
271148,21.02
273477,8.29
29323,17.58
187238,29.45
185368,8.6
291721,8.16
109241,49.5
8930,2.178
222922,20.02
140162,2.867
243046,9.984
174183,148.0
54650,9.984
184893,12.88
154766,2.623
150277,10.875
150311,3.584
290040,15.234
46172,3.49
165895,2.879
207146,8.695
122567,34.94
109313,11.016
236450,31.47
277204,11.305
13743,11.06
153411,6.742
97947,19.05
239143,18.5
297396,4.832
64151,20.1
282508,6.043
150819,9.44
238113,32.25
235296,130.0
183404,2.951
5140,103.0
293896,2.818
176494,7.31
74166,23.19
209015,30.72
232941,16.34
259516,20.94
182128,30.78
276307,2.328
149993,71.06
12073,1.802
2514,21.28
181791,4.082
247962,11.42
166191,10.23
220644,4.58
72022,15.72
141539,66.44
290206,10.97
166772,46.8
158445,2.184
37081,3.193
18028,60.88
151114,11.82
70445,9.46
172820,5.21
41828,17.0
187319,12.07
37966,14.19
2520,41.84
217619,64.9
270415,14.52
128222,11.79
146107,56.0
14411,13.1
132696,19.97
239649,11.445
231822,15.36
118784,5.906
110862,20.55
186969,9.36
289550,22.16
55427,5.215
195684,79.4
35070,11.49
33192,4.617
19261,17.58
13334,20.5
110645,23.42
168850,34.75
212755,10.49
211140,11.664
157106,104.25
133607,13.44
269238,14.31
121788,97.9
191225,12.12
240186,6.85
177319,25.66
23034,31.28
269858,75.1
176157,4.73
146183,5.19
196074,118.75
39089,6.043
102521,7.293
205256,13.44
95414,3.771
82260,7.504
124391,26.78
154559,17.98
260431,7.793
268723,6.043
222164,11.016
175241,13.3
269568,11.914
158770,20.22
32470,12.35
40406,2.588
38545,17.72
210604,11.35
192203,4.83
140483,5.78
145950,41.03
68616,17.61
62763,14.984
214655,2.764
195948,56.66
192040,56.22
149557,18.92
208187,8.14
99669,64.6
196470,68.0
77249,5.727
154712,3.197
78618,19.52
117802,4.566
235500,36.44
80700,6.133
98850,20.84
281998,8.0
2227,25.4
14428,8.92
109021,26.56
209861,7.453
199843,20.22
75390,3.398
206457,11.59
153184,3.912
256331,20.67
236165,84.9
127607,9.75
39918,12.09
49493,7.406
92768,69.94
189779,21.31
156997,125.94
233560,40.94
243809,12.016
7229,18.92
124157,11.945
122393,13.414
40161,5.145
74925,22.86
150292,5.914
13848,17.11
258220,7.473
149640,29.33
274084,21.02
194493,10.555
131108,14.25
279290,17.9
112847,6.008
288923,6.195
105988,2.97
63653,27.05
214503,5.113
205225,21.28
233912,105.9
235872,42.88
116758,18.2
181087,12.43
85863,11.28
244102,68.8
141350,4.85
143544,31.86
263426,3.795
239525,28.34
199252,8.34
165948,9.984
44044,7.18
47115,24.48
182557,8.695
254358,26.03
56407,15.52
211702,33.97
209514,23.38
7897,12.05
98211,2.348
13718,8.055
260837,8.6
176229,7.88
67383,16.42
29876,13.87
218660,21.84
120636,21.5
13994,13.35
281523,13.24
279617,4.26
221402,32.06
44806,5.887
289232,7.164
2820,4.715
145778,69.1
294865,8.14
63084,7.895
215877,20.25
13488,11.47
172421,32.62
123391,36.3
55236,6.773
221839,4.62
216081,3.395
112290,15.88
35563,15.46
253338,4.977
231722,12.695
13603,24.3
19506,55.56
295092,5.637
76659,6.836
218284,11.52
297811,13.75
144336,14.64
73909,37.56
7409,9.0
50462,12.914
99987,12.09
233123,24.14
11382,35.72
62155,12.54
151555,13.61
182043,4.38
289200,6.445
252767,51.6
274474,8.195
153848,14.83
61985,13.93
62039,13.22
54442,17.33
53508,47.1
163116,13.75
221416,3.014
213696,18.02
6150,33.97
149926,5.734
240847,6.7
172608,29.45
28973,10.51
96425,10.945
220036,80.94
113150,10.35
159736,7.082
175228,12.27
187712,4.73
227860,14.28
208866,10.625
33685,8.266
134573,6.715
131117,17.05
167227,60.38
78261,23.61
164439,10.875
267281,8.945
193517,9.02
21578,11.945
230030,44.2
47913,6.094
241907,25.0
68586,16.72
168574,23.7
163074,13.695
282951,7.86
203507,39.72
68491,7.67
242577,4.55
215259,19.97
277631,4.67
225172,12.195
141823,29.81
150916,3.252
254899,8.016
241164,21.4
296925,8.016
256773,1.662
151973,25.3
218382,33.97
78924,5.406
291373,6.957
77789,9.945
53563,33.78
115425,20.3
127127,3.348
278614,6.562
174679,6.52
246473,4.223
58244,22.72
154826,5.395
199745,20.67
299285,16.69
219229,28.17
75416,20.77
33891,4.06
164528,6.324
88089,4.13
214491,20.94
142159,42.44
278593,8.11
281143,16.19
232994,17.94
78464,3.557
104948,27.38
247683,30.66
4242,25.92
133949,9.9
144047,101.0
238694,26.03
87254,7.273
117825,19.61
184453,8.234
32115,3.504
21789,20.64
79981,13.73
283350,5.426
240329,16.62
44717,13.555
90861,8.92
190914,7.844
150446,6.28
119215,8.52
100005,4.96
217922,4.555
162280,15.016
128320,5.145
21893,7.117
15910,19.44
32503,10.53
27604,8.805
103975,20.05
158859,9.81
98523,25.88
278454,12.41
275786,12.59
144342,103.0
19039,20.22
274101,7.15
223631,21.06
297690,13.3
18585,11.2
262262,7.355
116246,7.164
76569,25.56
236220,35.3
24710,21.02
254842,7.195
285956,9.36
228177,14.25
123460,119.7
231683,4.805
129824,8.16
224146,4.254
226242,15.39
100995,25.14
115454,11.086
6068,10.97
203479,15.36
56067,12.05
23865,7.195
296792,14.34
284205,5.363
189465,27.33
186917,14.89
72826,27.11
17776,11.26
97816,11.42
4440,20.84
96719,12.38
176277,18.02
42356,5.92
253395,18.17
72618,3.443
91256,10.05
44296,3.734
7200,45.25
12185,15.2
113559,8.34
287265,4.58
174913,6.79
134987,15.72
45764,12.305
224104,2.338
234165,11.42
47775,27.38
116627,15.98
16512,30.47
140066,5.45
40443,17.66
112305,24.23
82570,8.125
237384,6.926
3333,24.73
262405,2.986
16793,14.61
280909,1.896
235991,24.69
111793,20.3
218396,23.38
184308,8.77
116054,8.83
229852,8.71
3536,99.0
270206,13.87
200924,6.15
165929,14.64
67102,9.71
70338,6.418
126994,10.76
154868,5.812
211388,69.94
154519,17.66
11680,26.67
283652,5.94
154633,7.242
151979,25.61
155557,10.03
47676,10.05
259783,26.94
223530,22.08
240995,22.25
80104,6.684
82613,8.47
17250,26.56
14198,2.129
167590,5.63
176068,12.97
135138,3.818
266648,7.39
118668,11.72
282667,14.95
122832,31.22
274122,6.46
272862,19.84
15851,2.959
150746,6.016
13145,27.77
71451,4.367
228781,10.12
150566,13.24
108028,11.766
197799,103.44
249147,8.43
238740,10.07
264969,20.97
175830,18.7
104113,10.67
295999,6.492
180833,12.83
150759,9.4
161687,144.5
282572,12.94
178940,19.0
203791,15.17
195238,71.06
84221,15.08
64911,18.78
290840,9.625
237572,78.75
211663,14.13
3033,2.58
248520,29.2
180579,9.836
89291,12.05
170797,5.695
25795,7.52
27463,60.16
218222,3.584
98348,29.2
108490,14.58
171528,8.91
256982,8.414
7239,29.27
226990,9.02
195412,65.6
104214,15.72
162887,8.055
97104,2.396
297897,9.71
121390,10.31
174058,45.6
180856,12.35
152602,5.15
262215,10.76
257959,10.05
179109,11.79
173777,5.887
247577,45.7
275485,8.67
249306,7.86
168877,8.18
128417,6.113
288500,9.96
242687,3.117
239912,31.34
210919,11.914
212643,18.05
94687,23.95
203144,6.383
247691,2.49
289171,10.695
197122,22.95
46189,10.23
39966,7.273
133668,30.66
30812,25.3
22023,17.0
277559,8.266
222773,15.17
233344,38.25
179680,9.195
153600,25.97
119534,9.945
286783,10.555
263804,16.05
258413,9.55
117161,13.78
245516,2.531
22070,26.94
282922,1.818
60343,15.72
169970,35.1
106000,43.66
109616,17.44
108270,22.72
155606,26.34
202907,21.06
77258,4.617
169624,7.15
242979,13.9
141915,45.88
229546,6.34
177805,35.44
141156,12.88
185853,5.867
177712,34.2
78879,15.88
160825,8.0
66653,36.3
4723,11.99
125900,24.84
78686,6.99
293410,3.227
268623,8.14
114292,9.26
19394,84.25
126848,25.92
148727,38.25
260015,2.773
198328,30.53
189283,68.8
181555,10.18
162251,5.16
103576,9.28
184789,14.19
123900,11.06
19518,60.62
222706,17.58
49938,1.874
48204,2.334
212638,31.67
125006,25.77
105298,20.05
294352,4.254
149040,10.29
12517,8.56
34616,7.273
293870,19.84
122439,9.12
69890,16.42
50314,16.25
76113,5.47
191451,31.86
146296,2.58
111121,11.97
56516,10.53
96653,8.805
137593,13.555
167783,9.81
217287,10.805
285924,6.305
214989,24.19
218757,8.125
84105,11.49
28889,9.664
286329,29.03
214,3.504
172592,24.0
146062,125.94
196605,95.94
52079,33.1
57994,30.78
50726,29.92
111389,31.98
141515,13.9
243497,3.99
279851,73.6
2510,54.47
128618,13.695
147751,36.9
147099,32.9
189119,20.25
62441,1.696
7491,34.25
7732,23.1
11698,2.654
213922,24.8
247823,16.83
144234,6.16
92328,69.4
254145,12.41
21127,76.9
219549,39.72
58786,22.81
208202,29.86
94361,29.5
188185,7.758
6111,52.22
213715,7.504
209338,43.12
95919,2.895
243792,16.8
153581,11.11
134893,8.0
203560,109.3
178005,7.098
129953,7.21
43477,6.742
169830,32.3
91928,27.66
89508,8.34
190739,4.84
92848,22.95
100435,12.27
16744,27.05
227058,3.332
81025,19.89
294457,8.6
159886,14.95
190499,17.77
222204,24.0
288723,7.39
105998,19.84
47425,8.34
224026,20.3
159450,8.734
243620,19.12
225653,24.6
252889,13.78
64041,9.08
79959,5.742
271093,16.19
261489,26.5
33184,3.602
74641,38.62
8268,16.19
195264,68.8
252957,13.13
276548,9.625
230672,30.17
117681,11.33
96785,3.223
157652,5.188
144644,2.781
65758,24.73
230238,19.64
171488,12.016
49450,15.52
74934,18.62
1824,114.1
111288,41.28
65596,17.58
173288,11.49
122634,16.83
67426,8.66
30337,12.78
57862,29.33
239531,25.5
77620,11.945
279467,9.08
218909,18.47
169295,2.887
139371,20.02
158863,22.39
225418,2.37
156815,157.0
170385,5.445
144927,54.47
56692,15.17
152228,4.594
168684,3.314
79205,8.67
228325,6.434
105389,24.3
289103,25.14
72717,11.89
289084,17.83
146667,52.84
60432,1.962
116576,30.72
267756,10.01
22295,22.67
271658,7.86
128244,6.79
204506,10.76
24665,17.05
100950,16.11
278032,11.445
38695,3.459
284979,9.71
82173,10.51
52288,30.78
187826,12.27
178472,4.875
232525,17.22
98651,51.1
5385,28.97
261397,85.94
234670,22.86
186297,9.875
296772,2.172
162321,23.84
194413,19.4
72822,35.5
28252,14.34
239919,13.49
96700,10.6
168668,7.62
157726,27.38
271669,25.92
18126,17.08
224524,25.72
215983,1.698
296593,15.36
294808,11.82
2901,10.31
106792,2.117
164124,3.566
122142,14.58
37498,13.87
205481,14.7
90250,5.52
16128,12.12
17065,10.625
23214,19.61
105043,33.84
49474,2.814
126633,8.87
167226,52.84
163915,5.81
185050,17.39
173741,8.14
61131,17.47
241526,14.13
82079,27.94
36048,39.4
197399,21.19
194190,13.24
196199,80.0
264119,43.75
3510,127.94
239206,18.78
195366,50.38
234585,25.25
164194,29.5
55385,48.12
298954,3.938
279530,16.42
100549,13.08
145856,6.715
163127,4.773
277862,10.4
189601,5.33
281805,3.19
65273,18.5
123400,12.83
69011,16.05
50522,15.62
85191,11.33
20384,14.734
199839,3.293
461,8.84
297900,2.318
295962,2.924
79953,10.13
298292,7.49
60517,4.35
110099,4.867
69772,19.2
236012,13.05
131048,12.15
12060,17.69
72498,25.72
62207,27.16
124943,10.03
201572,16.28
130490,15.234
260763,6.805
211039,43.47
43272,11.06
276329,20.47
136372,7.81
37930,3.26
71985,13.38
208074,20.1
84655,20.3
255122,59.9
68239,32.56
101960,9.22
130850,51.72
243064,16.05
17284,19.2
239421,21.67
48100,8.64
54487,17.77
176907,11.84
60816,10.555
127643,11.16
192413,7.258
492,12.62
221939,9.875
176575,35.72
147133,18.2
201751,27.38
76838,6.742
229750,22.2
99013,6.742
293771,14.1
232274,13.27
74970,8.18
106074,31.16
67444,15.945
55017,39.25
39839,4.22
4212,26.08
222026,10.625
42204,8.6
286354,38.2
101686,7.64
233946,36.22
233474,37.72
213342,10.78
297269,5.395
69832,8.086
190109,11.33
29123,9.664
135596,39.4
115810,20.84
229808,5.88
69030,21.5
111716,89.75
218240,24.6
270745,3.092
289822,26.5
25424,5.1
241263,26.4
297674,2.975
207013,8.91
64007,49.2
215036,26.45
71465,13.9
4862,12.59
277842,2.79
228151,22.3
197690,15.17
265063,35.8
197522,7.688
7825,25.0
182999,3.137
153461,8.4
205582,29.56
116275,8.0
251965,5.297
185350,17.36
86321,2.152
203123,11.914
295850,10.72
133443,146.2
244376,23.05
11463,10.9
248475,8.92
175711,11.89
185282,25.77
13967,120.6
240735,24.23
165306,19.44
157783,26.89
63824,32.3
251230,7.066
134459,113.25
43351,5.34
66688,16.55
173794,9.18
114022,14.86
236234,15.88
149254,134.1
35277,30.53
55646,44.25
247642,7.688
235098,49.3
86072,7.15
133807,11.89
3030,21.5
205242,13.3
232447,3.87
155698,34.88
237782,23.95
150359,6.35
103474,16.66
45168,5.01
77499,14.49
289048,15.234
229138,21.62
6008,10.35
209999,10.85
153709,13.664
21985,48.3
250995,15.3
106182,23.8
266241,26.78
238509,26.61
131796,9.02
238578,12.56
231835,8.805
72761,10.97
127971,11.16
10202,29.92
235720,29.5
113352,23.56
192970,4.598
158439,76.0
268768,6.82
246467,20.05
54107,11.086
8380,22.2
137117,17.08
34106,14.95
255050,1.948
250637,1.721
44584,27.0
243165,5.547
162725,7.59
264785,2.266
84925,7.004
292898,39.56
169954,10.18
153525,7.31
258044,17.9
70193,21.77
273892,21.77
15343,17.66
1685,51.8
290490,12.25
149717,60.16
238365,26.03
268001,12.914
159787,3.219
283781,4.867
163382,6.742
226143,2.178
42417,17.14
34764,2.867
188743,15.234
106279,4.125
107417,30.23
273561,8.92
136086,18.36
283345,9.46
83621,7.133
257323,14.164
233855,3.145
34742,8.64
179783,7.758
127703,17.22
273007,7.49
54166,7.555
26683,6.85
78731,2.318
299203,14.86
146572,14.984
125615,17.77
78522,23.66
226794,11.62
165249,15.14
79658,16.48
180142,26.56
50627,10.6
271707,8.32
230386,7.242
161728,58.5
226162,76.0
16431,25.25
228008,8.25
104995,16.31
106861,6.445
128960,16.19
262395,4.22
53023,13.1
258841,23.7
285883,19.28
130449,29.92
213496,30.36
225580,29.69
196469,47.1
152810,22.12
284950,1.913
96804,3.688
152196,19.4
189254,140.6
132190,18.89
59241,52.66
109466,2.447
41378,7.965
285861,14.95
259725,29.03
18041,59.66
36922,4.973
277209,12.35
167618,14.19
104985,35.88
107505,15.914
106344,12.195
70608,35.66
34220,11.57
42863,4.23
284540,1.977
134809,3.752
263727,8.66
56848,12.97
77104,3.322
204931,4.676
73171,23.7
276273,5.29
42254,22.67
55013,14.61
204808,15.72
23375,11.97
78173,4.277
20777,40.12
64118,12.05
241361,5.676
186545,10.42
249093,17.8
256384,13.13
96039,8.695
122662,15.85
188649,8.086
80815,22.58
7694,21.4
26973,8.43
101546,19.61
9618,21.8
216646,15.586
31697,9.1
279312,4.293
253955,17.14
183861,4.117
100894,8.695
197039,10.35
227285,24.1
119801,16.19
253255,11.06
5214,12.27
47402,20.38
5645,52.03
151315,20.5
168349,3.08
145118,72.75
31039,19.0
291636,10.266
191559,31.22
61456,25.66
38253,15.945
154360,9.16
196041,61.34
271871,10.445
297071,9.28
98203,6.46
187376,9.28
262071,11.26
280586,30.17
22686,10.58
199478,7.37
77881,22.53
208409,29.56
152597,5.402
105326,2.736
175144,5.035
241485,35.16
41919,20.25
183005,8.83
185722,10.625
53630,41.6
218073,14.22
95404,8.62
200877,15.914
22402,26.34
88431,60.38
101577,133.1
250506,12.59
13113,19.89
111765,20.3
161546,55.78
7057,6.246
261817,51.5
44311,17.88
290734,33.3
224481,6.16
270960,14.1
200166,2.898
293954,11.914
166677,9.875
86553,22.62
119580,9.336
166391,9.195
27150,23.84
158843,2.14
1641,27.66
72698,15.78
117605,8.25
64654,4.55
93868,8.07
29988,124.94
171766,8.4
172221,16.08
292227,6.15
9228,11.016
257973,10.9
201391,12.88
67519,21.02
1709,20.02
254914,8.086
110045,5.855
243183,38.03
53330,29.1
273910,28.75
190001,30.97
73410,17.88
64015,10.05
281279,35.72
165706,13.61
118149,75.7
70389,17.25
279482,20.02
61990,15.33
151980,44.25
181963,7.914
290593,10.65
90211,5.375
258823,8.234
46419,79.7
71822,17.8
291485,11.13
73151,38.88
67084,21.4
159897,16.72
212262,10.74
283796,33.16
81116,34.8
223069,6.535
118702,14.05
204023,14.05
21690,24.19
238053,18.66
279439,5.33
72071,19.84
56545,8.695
262003,6.418
264764,15.555
296597,19.0
89423,5.08
12883,19.17
112292,24.69
87019,1.948
37720,6.445
22145,16.05
75350,4.465
216568,36.3
123750,18.36
156485,5.113
83500,30.05
38742,25.77
79148,8.45
261082,30.11
45691,11.305
128946,16.8
99928,9.96
261944,28.11
264406,6.99
196193,45.16
25232,16.77
41172,12.73
45048,5.414
233752,9.12
181335,14.89
16290,20.55
103048,14.05
67709,25.5
31450,4.777
103511,20.05
51240,15.62
134373,12.59
246059,23.9
265289,8.18
4216,14.28
206535,11.74
23436,27.83
63059,6.367
196966,13.33
239348,4.42
95869,5.676
205766,46.25
121756,3.057
160061,57.8
297932,3.67
238758,20.84
254747,12.914
196490,72.75
41525,18.39
126349,12.15
48385,14.766
133945,19.61
253760,16.19
113756,3.293
107562,7.688
8741,35.5
118681,16.22
21760,24.48
198018,3.238
157411,131.5
133385,11.28
190426,4.89
77388,4.566
67832,16.34
114367,7.86
94722,12.25
297492,10.16
53151,16.83
117896,27.48
122337,23.1
53159,15.42
23671,12.25
99486,111.44
78220,4.426
276285,7.656
5091,26.45
82502,7.723
122523,28.52
42503,15.49
137525,28.17
35647,16.8
4519,18.28
243673,13.9
244200,19.72
248222,16.94
212101,58.28
28781,8.62
77905,3.725
87669,2.273
171040,2.281
251212,11.82
228801,26.61
108210,9.9
71885,6.52
52362,33.72
130798,16.25
122835,24.8
52818,17.61
7335,14.67
266555,4.96
177511,9.44
144543,5.98
283832,3.566
42054,8.11
58140,39.66
294919,10.01
216978,1.919
89021,4.35
13420,3.56
7743,20.05
222989,27.11
282701,3.473
80253,7.64
167889,6.895
103273,9.875
248741,33.03
167925,12.07
275227,45.34
118754,12.914
79706,20.47
33326,10.05
86591,4.016
123264,22.34
292495,12.38
102620,15.17
226121,11.4
60625,35.6
176766,23.95
7379,15.33
247081,3.5
103316,8.84
208353,11.42
230434,23.66
31400,4.26
220616,37.25
67305,37.03
44212,7.793
286484,2.363
251578,16.55
63514,17.14
196515,68.3
170892,43.8
153096,8.4
246072,24.94
107977,18.73
254428,8.47
129207,14.984
89093,28.28
81574,17.11
283647,6.12
201455,8.79
52427,49.0
65374,24.44
43790,25.3
112098,23.05
22608,17.9
265609,5.137
9977,3.902
228824,21.45
249357,75.4
99246,5.92
176135,6.043
259271,3.053
122972,9.32
231464,6.273
258538,3.697
37504,5.043
134657,4.266
283648,7.62
181915,13.13
74941,99.8
95738,18.17
165175,28.34
262369,6.367
263196,5.47
2982,19.8
27147,15.914
179108,33.78
205290,27.77
23260,11.695
220808,9.8
264543,3.408
149991,16.05
190337,78.44
13775,75.4
233672,11.99
219471,17.5
205424,8.14
131022,21.8
75291,11.64
217167,19.12
227519,45.44
59619,7.95
194228,21.84
214739,19.56
164347,20.17
181738,6.895
104546,9.26
66073,26.78
77460,26.61
140304,81.6
5679,19.56
147448,37.62
204428,8.086
149311,80.94
224776,43.66
31265,6.79
153976,12.305
135252,10.555
83140,2.215
120225,10.875
294853,5.19
140063,18.31
201807,20.84
210389,21.53
244545,27.22
161048,12.195
73426,26.61
192208,7.273
125446,18.7
49862,6.973
6623,3.734
106937,57.8
10218,1.739
285287,5.227
105340,11.04
174361,5.668
121683,17.94
230471,35.8
282091,4.973
118801,8.945
69068,5.684
19547,80.3
169503,28.86
189056,3.818
274617,11.305
98042,7.688
107806,9.16
294890,131.5
216863,19.48
25665,7.707
266768,14.4
67684,13.555
169044,12.35
208201,12.54
212818,29.98
77485,4.793
264165,6.12
43230,11.97
127667,16.11
83567,14.555
34468,62.1
81933,4.742
161819,102.2
18748,61.84
14654,4.96
45862,4.094
36790,9.65
287666,2.928
267184,2.324
52280,22.72
75995,7.324
166069,4.89
248646,27.89
217593,48.62
230563,20.67
188706,9.984
45530,18.7
154255,12.38
201605,15.78
195779,49.6
19407,38.3
242757,10.49
1463,76.9
51118,4.965
93898,9.945
40423,8.75
76443,19.97
151454,11.84
117571,11.28
102338,37.34
102179,6.492
214893,18.02
21718,4.39
127257,19.33
18551,7.895
165210,6.12
227851,22.62
105028,21.67
83747,25.56
238407,11.914
9429,4.59
165179,21.14
145675,59.44
235032,15.3
76592,3.855
261243,37.2
3574,120.1
216160,21.94
218893,11.64
136994,20.3
254907,28.86
32284,19.89
82998,17.05
208648,8.58
110635,16.38
140997,17.58
67820,15.11
163711,5.914
256020,7.984
275612,6.637
22790,18.36
46992,8.56
119893,8.195
274106,6.004
165633,7.49
217690,9.36
120967,9.984
185716,11.664
6378,24.6
55693,2.182
286492,5.29
248368,9.38
113834,5.92
225673,11.89
5166,28.69
222229,20.42
288452,4.527
286804,19.89
292796,10.13
59711,7.066
217376,22.86
144798,36.0
160873,7.758
250235,5.2
100654,14.34
127756,4.54
298281,13.47
110593,9.44
40341,10.875
90736,10.03
293543,8.66
261285,5.746
265933,11.2
287558,22.9
98641,15.62
50544,15.266
53600,39.34
120500,9.586
31689,16.9
225080,6.445
104190,24.84
21236,15.05
152632,15.17
8608,8.29
295274,9.4
178510,5.92
79048,14.89
170597,6.477
102321,36.6
216571,32.25
159184,64.6
128935,8.45
152595,12.27
242748,4.824
269137,23.75
42725,54.25
27180,2.562
202994,24.14
243346,22.25
129872,8.71
283849,28.11
145845,21.31
3149,6.504
155601,7.52
211348,69.4
115589,42.44
216735,5.31
18878,78.44
107965,32.12
33890,3.465
115202,15.14
28342,3.281
199555,3.193
130270,15.39
27813,10.23
241398,10.03
282957,18.23
271079,12.12
32504,7.05
17339,24.14
147040,16.05
79566,4.582
26214,4.79
182920,4.043
21069,38.3
273747,9.81
283759,10.78
181365,5.08
13489,6.383
227637,16.52
143423,8.21
160933,26.83
149509,7.438
184199,10.4
259563,19.44
186647,12.38
219127,34.3
17075,11.57
116560,36.44
230473,43.66
219376,29.45
288607,32.2
145653,58.97
240232,20.72
287796,14.13
22459,4.17
23172,16.25
59870,59.2
93554,22.25
279904,6.402
105556,9.984
61787,1.985
191443,18.55
151794,1.796
141807,12.64
18217,8.56
168609,23.1
207544,21.06
250955,10.13
224113,37.88
42819,6.55
103887,21.11
252004,37.34
271398,17.8
81841,9.664
20274,58.5
182731,12.43
53001,20.8
227714,36.9
64631,21.4
229042,7.164
163144,4.38
84662,5.867
105596,34.6
108377,15.88
183423,53.5
134912,11.26
63049,53.5
168248,13.35
265291,16.72
45927,3.748
164885,13.19
82025,26.83
206612,14.13
157368,117.3
10618,3.932
199972,6.99
278394,16.08
255884,2.139
127979,20.97
32572,33.56
170180,7.59
76012,1.945
246428,12.305
57838,5.246
32002,16.72
164367,30.97
20640,31.98
85400,9.0
243514,7.098
140445,8.36
22594,23.7
24116,20.1
39230,6.895
3776,2.912
74572,7.57
52323,28.92
96076,8.234
120351,7.227
139783,5.906
294306,7.004
55804,20.6
102489,2.344
69127,23.61
266623,14.89
93450,122.06
170302,6.79
5852,6.883
74448,41.1
230421,30.17
262650,2.838
275089,10.31
139798,6.867
179855,5.98
174498,9.92
138942,8.29
217071,32.5
146012,39.9
51520,21.98
194864,19.72
223987,26.61
154049,1.937
173723,6.742
250363,19.08
1408,26.72
120265,37.12
91099,24.23
261336,6.324
147516,26.23
203929,21.94
17164,4.926
243801,12.305
178008,17.58
198217,25.45
38641,19.05
234568,12.56
239111,59.2
56434,16.08
252499,5.07
64446,4.875
39208,6.504
81056,28.39
255787,18.5
34807,14.64
216317,16.72
82974,12.97
86097,52.44
267468,6.625
9574,20.38
240946,15.81
98757,19.8
19059,17.28
20249,15.81
56969,12.35
208575,18.1
198926,2.68
202406,16.8
127433,3.014
101338,24.6
245723,19.4
155099,32.25
13644,14.13
133196,11.89
219395,12.97
254801,27.33
107917,30.66
11847,22.34
164745,9.32
10606,18.5
63785,32.2
129411,10.266
212000,11.23
201332,12.46
76672,17.28
145621,37.62
132747,18.42
68071,26.61
109379,7.83
263132,14.58
277639,8.945
281889,5.043
190853,23.1
269070,11.84
52365,8.64
88072,1.874
114844,24.34
181616,9.16
154501,146.2
78785,24.19
210866,7.81
230352,81.3
250585,22.2
136987,27.55
222964,6.266
165008,7.15
74598,11.766
212042,5.168
297894,30.78
56856,25.05
73947,17.8
150840,19.05
37630,3.938
132972,22.2
28520,15.78
10644,10.99
292067,30.72
11260,1.95
136327,13.05
268382,16.94
217557,11.016
82023,10.07
41515,18.92
226306,22.81
266469,49.7
209528,16.42
210482,28.56
19985,29.75
76506,85.56
20492,15.46
165808,4.008
175731,21.36
59377,2.588
158344,7.93
171340,9.984
284637,5.598
128709,15.72
58727,23.42
262140,14.46
198080,12.73
297787,22.44
62910,8.45
253023,8.77
264195,26.5
266826,6.594
249952,2.43
256475,2.367
123300,5.92
89566,43.8
249162,5.688
2228,39.4
291580,17.77
58275,14.984
273077,9.28
254742,13.47
216783,14.89
287841,6.492
168882,4.277
267150,21.36
219833,4.65
3633,139.5
155528,18.73
181325,9.04
280474,14.05
143166,15.72
115906,8.77
217095,2.34
3684,2.705
137201,1.919
116385,13.16
16381,53.5
299046,2.387
257740,16.45
68034,9.3
9323,5.57
67976,7.88
171432,8.55
15274,10.78
208367,9.875
34376,2.467
128440,9.9
293019,3.271
37325,11.305
112597,14.89
211940,10.99
196708,7.67
225991,14.07
111166,23.47
287090,3.113
228061,37.62
37871,13.3
36662,6.203
92640,19.97
183785,5.29
166488,5.773
280326,24.8
14271,14.164
127796,23.38
293281,4.777
185181,28.56
153298,10.65
266176,24.3
188080,34.8
112711,70.75
280871,10.18
205954,3.818
193120,7.098
14988,8.0
22411,13.19
236091,12.07
79233,11.2
257695,46.9
121086,18.78
25399,7.59
123154,33.16
142743,71.6
146673,53.28
227741,35.6
208257,19.25
35535,29.27
286130,3.725
261733,23.52
47351,15.98
193617,58.72
221926,13.16
33952,11.57
209469,16.6
188837,18.36
201677,14.13
13267,34.66
61383,9.38
68051,30.72
102882,20.42
278326,3.361
95697,8.77
193391,2.518
71711,21.06
218253,29.81
53889,38.72
47208,4.793
111063,2.074
63780,34.2
73534,12.67
291306,14.64
63367,11.016
14459,15.33
297376,1.75
298876,8.984
251148,7.95
297336,2.572
69895,16.86
155605,1.925
174825,31.4
64518,10.92
221699,35.16
38080,16.86
199469,9.24
89615,9.06
184383,8.66
201561,4.973
172449,9.3
215582,9.8
4467,18.58
138445,10.09
18509,5.812
159868,25.5
205701,46.8
234493,2.357
207934,4.48
241034,84.56
178767,13.44
146816,51.6
147606,19.69
208802,8.55
115826,20.34
291614,21.89
283206,27.44
111210,8.07
282923,2.098
292906,15.39
157346,136.2
141780,13.555
194447,9.73
198188,68.8
235870,6.08
11848,22.48
126880,4.254
147421,16.62
69408,13.78
130363,18.28
248408,11.55
206085,18.2
85657,14.22
257804,1.919
270038,4.867
41223,29.03
283551,7.21
85658,8.984
98050,7.133
144520,4.48
246809,12.15
51532,13.52
1692,52.53
275604,11.74
177633,18.97
68596,34.6
181704,7.54
133089,20.55
286034,26.14
106078,15.98
42740,86.25
4831,15.98
60974,13.93
299390,22.2
111934,14.8
272442,12.805
29597,45.34
173133,10.375
293386,3.377
111811,26.83
245179,12.695
104747,12.805
186971,9.73
35782,2.44
237305,16.69
147393,86.25
273425,1.731
68503,13.44
285072,7.688
260174,1.877
234979,25.92
94363,11.62
286951,7.723
190209,8.4
254878,8.64
40742,13.33
92082,29.39
25297,4.375
170674,3.486
207775,21.11
85655,33.03
270424,2.64
27229,3.08
165106,14.016
40805,3.434
26675,8.56
299122,5.496
202983,17.0
252555,27.94
291412,18.58
122601,17.88
97933,14.22
146052,62.6
76271,19.48
76966,5.08
98142,17.33
39492,13.664
210184,14.67
13032,13.02
91610,22.12
12642,21.45
104370,14.46
214750,19.69
224527,12.38
262444,11.2
213296,50.38
30195,68.56
45506,7.39
184339,10.01
1512,61.34
121297,15.14
30114,5.547
201613,33.56
143321,23.05
272665,6.58
130827,9.44
97988,10.83
251207,47.2
200586,14.49
50245,18.23
151581,19.12
156413,6.477
27466,17.22
1525,47.94
160006,20.6
60378,14.164
19761,17.28
268193,34.03
277262,3.592
68233,7.86
188064,13.87
231981,13.49
1862,63.84
266740,14.8
276270,2.59
27455,12.016
25928,15.72
171559,22.3
103664,10.99
26599,13.35
69137,17.9
43598,19.97
136975,8.64
47762,11.2
160757,4.438
45559,4.902
95483,39.2
296026,9.08
236543,36.75
17053,11.64
283309,3.125
150290,10.09
92034,3.664
239888,18.1
240861,6.55
17969,57.12
293351,5.438
120378,4.688
204526,38.4
153279,19.0
184942,13.75
138661,52.34
5363,36.53
122706,10.78
173195,5.637
107079,6.926
67611,10.53
92464,8.32
35552,28.52
254132,7.098
120771,14.61
295676,60.38
45280,4.793
158776,33.3
34777,2.406
267840,25.4
59487,60.62
192680,25.81
194372,7.504
45894,5.527
108102,14.4
227737,11.64
82738,42.2
131595,102.6
65628,35.94
59597,14.19
108375,11.766
46529,6.324
70322,15.08
19150,81.94
190525,2.924
293600,12.56
278347,17.77
180681,9.4
173611,11.766
233963,32.56
256465,5.61
100346,7.656
50235,11.79
198384,27.27
138974,8.96
28584,20.5
40578,27.48
266238,24.34
17919,56.22
271949,36.44
283136,32.2
14999,32.06
78545,3.5
139012,7.273
68752,8.71
77448,7.164
35809,7.273
176346,18.73
176214,6.348
216934,10.05
201344,64.06
10257,33.78
95274,19.52
64489,19.4
293121,18.23
140374,28.28
16216,4.535
38726,7.42
232106,33.38
54559,26.03
298265,18.2
291334,4.418
213874,8.58
90246,11.35
141922,8.21
113379,49.0
239940,12.35
148858,8.56
105015,30.72
285005,8.6
267452,18.39
290260,46.16
174117,29.1
70418,23.33
213120,17.55
112957,19.4
138135,8.945
173339,6.99
289348,9.5
73167,8.32
241388,4.66
231434,109.3
59944,16.94
138716,14.28
85562,11.23
175354,18.89
88778,2.3
82792,19.97
291003,26.67
242539,8.58
57607,20.6
236083,7.242
92914,4.62
287043,2.664
93215,15.234
97362,26.34
1171,16.69
209531,30.05
215124,15.17
48471,11.47
193653,10.47
97703,12.41
71260,15.52
291447,43.75
17154,29.27
25133,11.47
187829,9.945
69163,24.94
88588,29.75
75627,5.066
21523,11.97
201375,22.58
155365,2.518
137550,14.555
8700,42.53
256643,13.05
229245,82.9
271111,15.266
154845,3.201
220406,19.12
108844,15.46
58539,8.375
79308,9.9
205091,13.1
39037,12.78
27686,8.58
207312,8.04
39623,12.33
239062,21.02
182733,9.73
145543,36.44
177538,2.898
257305,26.45
246050,10.805
207768,23.8
27394,5.137
269201,10.65
157704,122.5
79509,21.77
255598,8.695
235376,114.1
127489,25.25
51802,24.89
184060,33.72
97463,38.3
36576,8.36
268466,3.447
57052,36.22
217345,14.164
107171,12.51
133077,7.81
83478,31.28
49285,6.742
198441,2.34
132668,20.34
141407,12.05
146385,16.83
160956,50.6
170151,7.34
248640,22.53
181883,5.17
88171,11.59
176980,18.36
33473,6.492
259248,3.893
28789,14.86
140060,2.912
289752,16.83
196540,50.7
67096,20.5
260793,7.504
266660,12.97
208428,19.77
53648,15.08
214238,6.73
15238,13.35
166285,21.28
219717,26.78
130904,12.05
288661,8.805
117470,5.906
218294,8.25
265329,4.953
118438,19.05
180240,14.28
5687,23.61
915,13.49
12020,15.39
233191,59.2
18721,77.2
50236,20.72
189652,14.734
255283,49.3
256369,5.418
209925,8.14
29341,22.48
82437,9.08
227482,16.86
60203,34.25
4077,71.9
294847,4.76
8562,8.79
293205,8.234
159168,14.89
31790,25.3
290745,14.28
67382,7.02
99086,7.355
113725,21.89
201286,25.66
32080,9.36
103190,23.75
229468,48.12
183017,12.99
204264,63.34
54143,6.434
132063,10.03
55309,6.004
123484,12.67
209840,17.83
175673,87.6
18315,76.3
18954,4.52
276868,9.02
175722,6.73
291226,7.02
274803,2.166
277366,15.52
22646,10.58
16492,36.22
143122,18.47
157824,10.99
127611,27.94
76761,8.734
197456,17.77
27720,14.49
264529,7.117
7568,18.66
9296,23.75
7084,9.08
16557,9.5
228901,29.5
109715,28.75
18587,25.66
224538,24.1
55274,22.67
207945,16.52
247984,8.64
101055,6.73
259543,8.305
109176,9.71
33070,12.73
253111,4.95
142670,59.2
123271,21.89
266849,7.965
169847,4.406
194508,8.14
220989,3.771
169900,17.11
293466,13.64
186744,3.656
277333,3.656
279131,14.19
280702,7.035
36288,5.887
71921,7.31
101998,15.42
86466,5.54
82629,11.766
245471,16.05
57566,21.98
189337,4.332
228461,10.23
234734,8.6
26194,13.81
102341,28.11
63757,25.97
76467,3.629
58950,18.89
89948,2.92
171849,7.656
42157,8.21
64762,20.72
274271,7.723
76485,9.0
89473,14.31
223641,10.99
154393,8.945
191398,7.355
248312,14.89
225909,7.52
152677,2.822
65919,17.05
266028,6.668
174769,7.273
29426,61.34
296485,3.566
297326,47.66
227763,4.117
64425,6.715
245084,23.47
49481,4.984
285824,5.426
169948,2.086
289814,18.05
55273,12.35
228303,11.87
271161,10.53
214787,13.414
49710,15.36
104847,26.3
296421,25.14
116642,10.9
18024,15.266
10092,74.8
89704,7.57
27611,30.36
231477,7.21
246628,13.78
219277,16.83
243146,49.2
138469,18.05
44495,6.895
211871,33.3
11068,25.92
250365,5.93
248153,28.86
150367,3.465
5809,41.94
160677,6.03
188241,8.79
163518,8.56
160473,31.28
198437,10.42
77735,4.18
147932,66.2
174549,10.445
167607,5.496
121794,13.81
138868,7.57
178588,5.81
93812,4.305
183228,87.25
237852,9.36
78172,4.26
160584,54.25
233863,14.89
74822,12.27
104798,23.84
232344,18.47
149976,56.9
135541,14.83
205040,45.6
202752,9.875
177630,7.082
86812,12.73
170761,22.34
161683,4.9
254920,10.51
9026,58.03
87366,19.33
43190,8.4
168316,15.78
160634,9.65
61007,21.45
222834,9.22
15105,7.34
294278,6.24
39939,11.4
73292,2.781
262501,8.34
30754,8.45
15912,15.914
198479,7.67
62913,18.58
96312,10.49
81586,8.11
152146,18.39
146532,51.0
278090,16.38
42052,10.695
34268,8.016
15348,9.28
43684,2.748
217454,2.715
101413,23.61
37766,16.6
193484,9.5
203914,11.945
188798,8.234
75184,13.08
222001,3.23
193864,17.08
274246,16.28
144269,70.75
18946,6.066
54474,11.99
248627,17.08
112069,38.1
289937,21.94
10317,13.02
183519,56.66
140260,2.734
1251,22.44
115931,60.16
126412,21.36
168089,8.695
100872,14.46
239255,17.88
282811,9.86
267969,16.34
3392,10.18
227829,14.52
270501,35.5
185459,3.98
106056,2.65
248975,30.47
1671,38.3
31438,17.98
162965,12.38
60865,16.11
105482,9.12
281368,4.527
262456,17.28
109201,14.766
44455,16.72
254436,9.69
80898,54.47
251982,12.12
179975,8.04
159530,23.33
116786,19.08
96330,8.21
218631,11.305
22465,2.33
219469,18.92
39997,9.875
173394,5.95
292369,7.273
122129,13.93
40191,2.89
200517,6.52
281150,12.305
168538,26.34
90,43.9
207489,27.05
169364,7.758
40424,20.94
140732,5.344
35404,26.08
266413,12.56
234413,67.75
69281,32.44
77805,16.8
195480,59.9
69368,16.94
173983,16.25
116588,23.52
77127,2.766
283565,9.625
85246,21.14
30143,16.69
165492,4.832
190331,4.85
186365,6.85
231119,14.49
265018,9.3
20527,6.066
263075,154.5
266888,24.84
262899,9.75
203550,18.97
40922,8.52
221643,61.84
74719,17.22
295186,21.8
140855,17.33
34400,4.7
277602,17.05
12532,22.34
19483,59.2
136633,10.51
108685,76.0
106995,2.064
204213,5.08
156474,14.555
294309,30.84
10077,18.36
28555,5.375
150049,12.75
62707,15.05
115842,18.55
213902,6.066
148640,95.2
21981,3.314
44002,8.29
157503,148.0
183391,8.75
171487,3.318
284502,3.908
53766,20.12
261881,23.33
177385,11.79
261463,18.81
12643,37.03
135137,12.17
204978,28.45
151111,92.25
253566,3.025
157926,17.28
288788,34.12
32077,2.668
42659,11.99
21704,18.12
71761,3.447
189040,16.83
130332,19.8
170183,20.34
279573,48.22
256702,3.885
25354,5.496
5376,16.66
110780,12.695
5767,50.9
223438,5.047
288499,14.31
123599,16.6
163512,6.836
228898,26.19
96901,10.24
6766,10.266
53562,4.375
203875,19.28
194464,27.05
30492,17.98
95681,9.81
162030,109.75
228661,4.312
272002,6.094
132785,16.86
159722,12.43
98568,14.4
253754,31.67
200336,14.555
67734,13.05
40523,14.984
147976,47.47
171569,4.83
2726,24.48
211516,74.5
222281,3.611
147014,41.78
186041,16.8
245427,14.05
86268,6.227
251413,5.246
142719,42.38
53011,8.92
249979,8.43
64483,18.73
264913,6.668
130013,7.02
163516,21.36
281067,20.6
83421,8.04
275445,22.86
28815,10.695
257113,20.94
156013,26.14
278857,26.45
63730,31.86
230529,19.61
33195,5.145
136955,9.69
226616,11.11
105507,11.695
75800,4.2
298009,4.062
8788,33.16
83929,79.7
46469,9.75
14761,17.83
156681,41.7
148119,22.67
166145,120.6
272605,10.07
297390,9.18
60731,13.24
247091,13.836
213815,46.62
66275,13.44
48229,5.242
88373,11.33
98650,19.72
31470,17.58
4160,12.56
19543,17.88
107781,15.62
56429,8.55
271125,4.098
118381,5.21
163283,18.47
168809,69.94
139959,6.652
56830,18.2
288290,7.098
141497,17.55
195317,71.6
70266,16.72
170716,32.78
6692,25.0
269490,18.97
87609,30.72
41286,10.445
19212,56.9
58010,19.72
184923,3.447
258515,24.73
251525,7.707
1981,37.34
96632,1.826
171897,16.31
81838,5.902
141215,13.22
169602,14.89
241315,20.1
284361,2.982
101042,14.95
204971,38.62
177369,17.83
212714,19.44
196476,74.8
264911,23.66
168218,15.36
100813,12.09
250988,43.03
46193,7.59
207492,39.97
68019,50.5
51475,13.695
28571,6.55
144217,13.35
220352,9.52
99216,32.5
151819,1.91
240141,11.086
213538,47.66
6887,21.94
274443,20.25
206024,22.03
39930,19.56
227221,34.25
281384,4.625
277995,12.305
104158,18.31
209665,11.55
170741,15.266
145020,52.53
282999,6.36
23810,11.06
54798,3.53
132368,34.75
239598,70.2
170101,11.18
69265,17.61
251743,7.965
53063,21.77
157374,65.9
258120,10.18
189526,6.79
80810,12.78
8545,25.05
175067,9.24
139754,27.94
257714,19.56
113247,12.27
290763,10.6
63675,77.2
125629,23.52
274658,8.88
223485,14.1
90014,7.81
111703,9.6
245493,19.97
78002,29.5
134375,37.62
214293,12.07
197069,16.62
111694,19.84
96238,27.83
40558,12.41
104811,4.453
260256,21.53
23332,2.672
135056,29.86
253173,14.34
23024,23.19
24355,6.562
151792,55.56
36273,3.361
285708,9.42
74196,6.156
265527,15.42
269242,5.156
208184,14.8
286730,12.15
290853,13.24
97108,8.375
104083,9.44
116933,112.8
128565,91.1
70968,40.28
79961,6.883
103614,4.645
207214,30.47
1242,6.434
47268,17.69
187294,11.305
150107,2.76
81735,5.406
95572,5.63
195830,80.0
157767,23.42
298049,40.88
194909,15.17
12698,6.773
9169,25.34
103767,6.652
292850,2.176
55187,82.25
937,10.53
227604,27.27
25340,16.38
217298,14.4
80162,9.1
291794,94.44
188211,4.94
198191,36.44
12111,5.242
269380,27.05
1329,47.75
238119,33.5
182586,3.842
124281,11.086
38601,7.49
193324,17.44
180997,14.07
218273,10.99
204126,10.99
130993,6.297
229322,14.1
159771,10.805
285337,4.26
221204,18.89
60785,32.25
253644,17.88
24748,10.74
211993,15.3
103449,6.652
186419,14.13
17117,4.84
180647,7.656
13214,33.62
2667,14.67
152483,23.47
88153,13.13
25925,5.97
210923,9.26
284561,3.984
149094,36.75
19082,21.23
148407,27.66
93189,22.95
112119,9.3
287454,6.625
42292,6.19
29567,7.082
258952,24.14
290761,14.37
273767,19.44
112429,13.08
247484,12.83
70334,22.25
100257,34.3
222837,16.22
185234,6.99
47566,19.4
90002,13.16
184181,8.56
230507,23.0
260404,4.137
290314,6.883
124342,4.996
22796,14.37
18586,5.63
180894,41.78
36044,22.81
120214,7.035
295903,1.802
25256,4.047
294884,2.191
251877,16.55
285970,24.73
150346,20.55
285645,1.922
253194,5.156
146550,59.44
254148,12.33
91307,29.1
124126,18.39
264360,22.25
294095,3.021
186456,12.27
144126,20.8
297718,9.02
260125,42.38
52023,13.64
230086,18.73
175714,6.836
260672,7.49
137905,11.766
206681,9.65
250201,33.38
185794,24.44
27550,54.25
270621,1.826
75168,9.38
41859,7.31
170465,12.56
294117,39.97
166869,7.293
65134,7.355
160076,21.98
86975,3.574
282208,2.113
76722,9.02
5381,22.58
224783,32.2
95884,5.535
182941,7.004
62115,15.05
15264,27.11
207347,55.34
279424,8.87
281777,2.156
37475,7.605
199263,12.86
111591,19.72
148428,4.184
80845,20.55
297609,23.42
232012,15.78
128970,46.8
207799,24.14
196421,52.97
280788,11.42
160205,13.19
57299,39.5
163766,14.37
182212,11.23
22180,125.94
273218,4.74
168835,11.64
15294,14.13
32521,3.494
202640,12.07
180619,5.742
5089,46.72
195039,7.95
47867,20.3
38273,10.16
73442,14.95
84831,12.51
249812,19.77
51022,8.47
53363,17.33
131451,4.79
253828,2.234
295408,7.93
153571,38.88
288238,22.25
204689,16.28
213216,14.43
151361,17.94
212146,19.89
26652,9.44
206768,26.23
180773,17.69
86851,9.52
246825,2.71
264171,20.3
40716,15.586
31704,8.32
272526,32.62
67936,24.14
246062,12.43
16956,5.508
243929,21.67
282990,5.76
199309,6.805
50329,18.92
165034,7.37
95267,10.13
195074,15.72
198869,4.633
170104,8.91
112694,16.62
247123,14.64
279013,27.83
210240,6.105
276919,9.55
115172,21.36
86162,25.5
179629,11.11
75674,2.508
79500,22.12
189666,11.33
106462,41.78
104521,16.48
188127,19.61
90269,12.56
135785,20.64
72564,11.18
212979,4.16
47155,9.484
794,12.54
159960,16.48
139905,13.93
104306,6.46
166500,125.94
19342,66.94
2744,54.25
47822,13.984
164914,13.64
51728,14.43
170289,32.25
62140,21.89
179976,14.734
233910,124.44
232932,5.254
196744,8.04
50878,9.38
246407,36.75
59233,15.39
250311,5.168
54589,103.8
282360,2.715
149413,54.25
76631,3.29
103402,26.19
274228,14.46
171470,2.416
147193,101.8
195092,22.58
171218,3.812
253815,6.637
14863,21.02
263119,86.94
68012,33.62
133647,13.9
225640,13.78
137906,25.97
53418,10.51
130138,14.34
179143,22.48
116766,12.97
84530,12.09
130711,23.42
130189,14.7
77500,10.97
153776,17.08
16851,11.84
160501,6.31
115398,17.61
108509,5.535
152260,22.58
25636,27.83
254487,13.13
87168,23.9
106807,35.5
60992,6.445
109957,18.55
283672,2.016
184905,7.02
230243,8.945
166504,8.51
293471,11.305
43821,21.4
193485,11.13
16320,10.375
8893,10.01
164373,14.58
60326,14.28
199931,10.336
80473,3.553
268655,37.78
208817,28.45
44648,14.95
134901,32.56
206855,39.9
53486,22.62
101462,26.61
282291,8.695
181597,8.77
244062,25.05
173165,6.91
67206,7.62
253528,18.81
286807,27.61
245818,10.99
238168,36.9
71698,24.23
73113,4.246
162884,4.36
77327,10.375
129247,15.98
21588,32.56
259124,4.02
265001,6.652
120353,30.53
240518,22.81
58880,29.69
221116,11.89
89758,3.97
1928,32.25
16405,2.377
173144,7.93
48666,7.81
21,13.9
17981,42.03
290769,47.38
124868,51.8
4629,13.58
239545,28.39
43192,26.08
22531,5.54
102485,6.836
65414,23.95
94960,6.14
135689,27.83
202449,18.81
154601,25.0
28036,11.695
42379,6.39
148214,12.38
130757,9.81
109819,21.19
142701,90.06
271715,10.83
20920,55.78
209116,29.81
22230,5.32
193792,16.94
275028,9.04
206675,17.55
287173,22.44
198541,16.31
280864,7.227
229328,12.59
63686,11.2
189552,34.94
289484,10.58
61744,12.805
128039,14.164
171493,9.3
293312,8.29
241868,65.9
163375,4.254
297302,48.62
30044,3.105
46579,24.23
28362,6.715
91469,7.965
245542,3.879
150315,9.55
35605,6.402
254963,17.22
54557,12.33
278745,22.16
104621,11.89
229911,4.195
152301,22.08
288297,8.55
153067,7.05
40089,3.643
158341,5.93
73597,10.05
111298,18.7
40724,37.94
130558,6.82
118881,31.67
91709,14.016
277910,5.8
147908,115.5
252399,21.8
55031,12.17
80753,7.67
37328,12.94
163899,12.88
254042,28.92
74506,40.38
79202,8.18
235758,34.12
98266,9.96
237859,18.92
13412,12.75
248463,4.645
298449,8.34
216198,5.92
169293,2.367
275024,10.6
58626,2.629
142856,15.49
179291,50.2
145296,71.06
81720,8.805
147741,35.03
211801,12.56
207010,7.05
32487,16.48
217784,14.05
180836,5.8
261124,19.12
273208,24.0
33413,17.0
20465,5.902
12096,73.06
79529,40.62
217828,14.25
23206,27.72
210950,22.9
131531,11.2
239427,32.9
204832,50.1
221752,10.67
255591,7.227
127045,33.1
50316,32.56
273153,2.697
58212,10.945
66531,78.75
242741,21.06
285933,10.65
275632,15.08
251549,25.5
43752,7.688
147945,37.62
265029,23.23
161281,65.6
133153,12.67
49734,4.496
30874,62.34
288296,13.33
202040,21.02
216684,7.605
265219,7.195
258167,6.926
2958,11.305
171248,3.898
128869,14.4
244478,15.78
278957,11.26
187498,26.3
36703,19.69
136711,21.94
70941,22.34
64621,9.984
48156,3.336
151407,5.727
286251,26.67
12941,20.22
24990,18.2
184866,8.125
207856,17.69
159546,10.336
156146,5.246
77909,6.883
19883,54.25
236902,14.31
91203,5.16
68886,40.12
247551,16.6
17219,22.58
203640,15.914
78739,2.012
69900,9.24
63053,8.62
291202,14.8
168710,25.14
296264,7.49
164309,3.72
259842,14.19
92581,1.9795
54035,17.11
164595,6.594
140000,5.684
96857,9.26
135081,18.5
199219,11.914
243098,9.3
31850,29.75
282888,9.836
34822,4.88
106743,23.23
65288,21.8
107461,18.5
249736,10.4
279945,5.355
50319,28.52
40075,6.91
298590,21.23
164853,39.4
172872,10.13
297663,11.72
126643,11.42
159325,12.07
176547,14.164
205706,8.84
118302,6.758
96333,8.16
85798,20.05
254281,11.59
131892,7.742
208653,8.58
103259,8.77
42499,9.8
15126,5.188
285016,3.19
225694,7.438
128769,51.1
220038,36.16
106479,16.94
11433,3.53
162095,14.1
170133,4.89
81546,8.47
278929,15.42
135873,18.84
117908,9.12
228711,10.945
277245,6.79
134695,20.17
132944,24.64
20526,13.984
19864,65.1
139028,28.39
75067,7.64
238317,5.832
231061,14.25
142998,73.94
177454,20.8
103413,6.715
68806,14.22
165245,28.28
109191,9.14
50263,12.43
211091,19.97
152511,25.56
175769,12.67
168921,17.58
40095,44.72
131541,11.82
103054,9.14
92486,3.96
13355,19.61
105857,19.69
201419,17.83
182681,11.99
147846,26.23
167753,27.66
58998,29.03
272731,10.9
46297,21.84
16811,20.55
42309,8.11
100066,60.38
152199,23.66
225786,11.18
252180,5.99
71402,105.06
169375,8.29
27816,17.8
87327,14.7
207906,47.1
28402,6.066
281016,56.44
276275,10.555
3677,3.166
158514,73.94
150583,8.234
235583,5.914
20178,36.9
133941,13.9
202105,13.13
22943,5.754
51203,3.227
97738,15.14
46506,11.97
169218,4.805
251196,10.875
142280,54.7
280908,40.28
211607,43.75
35510,28.56
51199,14.164
60988,12.484
10008,18.55
201426,19.69
59748,31.53
48618,2.545
154513,8.25
106164,12.17
291054,62.34
289420,22.72
94016,24.05
66127,15.81
215050,10.445
66504,55.56
74487,12.51
192138,26.83
289282,20.3
214595,12.54
69322,29.62
278426,24.73
20101,29.75
69497,11.97
57053,32.12
112959,18.5
271338,15.33
232973,20.77
167909,6.773
90740,10.13
108070,34.12
12240,5.547
145455,15.05
13206,26.61
283149,28.62
1787,53.38
20179,83.56
275873,9.04
46013,3.633
173881,33.9
37318,5.848
32304,29.33
47734,2.822
286485,1.77
66287,28.69
170933,18.05
35233,2.64
182215,25.4
256466,4.1
220413,27.61
75370,4.535
123776,29.69
32510,15.39
115035,11.89
289378,13.19
285146,9.52
20086,16.11
21412,20.17
160160,3.277
200561,2.43
129512,13.78
277139,2.295
249224,76.9
73420,3.941
54847,17.0
234919,19.52
44804,11.28
74169,10.555
214104,61.12
218696,39.9
169309,12.75
104721,13.984
45509,9.69
44960,28.28
116677,13.22
27834,20.6
201611,86.25
71645,27.55
156122,4.277
248651,7.984
80652,43.3
73363,8.07
7222,14.95
239442,25.97
198904,11.84
15942,6.348
19074,16.11
243912,8.695
61072,7.39
158689,90.06
260487,15.36
257618,16.22
219790,28.0
281414,9.32
197452,26.3
81873,11.57
146824,26.23
207202,27.44
162032,6.594
203953,22.81
243999,13.02
53770,13.555
1367,67.5
155074,11.914
190953,2.887
111704,6.715
249227,13.19
35352,2.318
211159,26.89
74047,15.36
86941,8.414
16671,12.41
233385,9.81
13076,7.605
170025,5.07
96891,6.418
102813,7.793
227898,13.87
73585,6.805
139632,18.73
203427,21.53
27721,21.5
77779,4.24
124047,7.117
11169,5.023
28181,4.527
145100,59.66
44297,14.13
44642,4.42
112129,20.38
5391,28.05
164587,3.201
222085,35.94
18295,4.645
111820,1.948
168181,12.09
197375,25.4
269685,11.18
172488,16.34
95111,11.695
275506,6.883
18149,58.97
113074,1.656
109393,24.48
140132,12.695
99059,17.39
123789,10.35
216430,31.22
284087,8.43
156076,26.78
127050,14.64
25513,28.92
282833,14.4
259676,9.12
203296,11.64
31229,9.6
36584,5.914
223898,4.32
178017,146.9
231269,14.31
180922,66.2
294009,18.81
165040,12.56
207018,4.93
90145,11.57
168358,11.52
161616,97.1
91476,19.52
75894,11.59
58,10.78
142660,81.6
23991,61.12
222693,17.39
63015,9.5
180849,13.24
289810,14.22
62945,10.74
239849,12.83
124901,25.81
166008,23.56
3364,4.93
195377,53.8
236945,16.45
142942,81.3
115378,25.5
109385,20.05
223170,14.49
160703,4.3
194929,3.219
96063,21.28
210756,51.1
202031,9.3
145603,52.03
159851,6.79
182405,2.23
129620,11.4
37682,7.31
45987,8.36
61881,118.75
261638,6.22
57517,43.38
23270,9.96
197434,6.043
212234,12.94
99589,17.94
237083,93.3
200771,12.64
67614,10.67
106947,5.484
181088,12.51
216391,23.84
269596,11.47
38213,7.605
289337,6.973
180573,28.39
153200,5.312
52252,13.836
44144,6.176
100839,23.52
255904,15.81
240825,10.6
236592,34.3
238017,6.52
204340,15.234
116806,11.28
191902,23.28
227994,65.1
225356,8.45
166740,37.03
186529,14.28
24964,22.03
201727,2.44
104202,10.99
35266,17.9
202757,6.625
267408,32.62
116507,16.14
246524,29.2
91492,18.47
100500,7.62
255157,11.695
60220,142.2
209216,37.72
239838,8.18
56980,5.656
12472,17.77
297565,27.33
294318,12.51
261030,13.664
258340,6.867
10855,18.39
203820,13.33
238175,31.03
294533,40.28
276095,12.97
96900,10.72
33762,17.0
181608,10.85
79002,62.34
210623,30.42
50877,34.12
254560,14.734
163436,21.4
58893,28.11
73307,17.11
272998,16.83
67403,28.11
91994,58.72
277737,9.24
241011,7.793
175132,35.16
167179,20.34
277818,3.945
247370,18.92
122794,17.47
248477,25.25
100083,14.83
79367,12.67
22437,18.39
103414,6.836
162116,3.715
178082,145.1
59956,20.05
258217,9.32
289187,11.47
225855,12.05
235190,85.94
9139,14.25
72447,17.72
293444,15.266
26635,5.168
221110,22.67
164101,4.098
229000,6.008
21276,26.5
67889,21.5
132787,10.09
141093,26.14
280290,24.8
258225,5.227
98016,8.52
44186,10.875
106127,5.395
8193,11.2
220364,18.97
244627,3.951
113871,30.11
249558,18.39
232031,19.4
232145,20.5
252719,21.23
289797,34.3
36830,13.33
242896,16.38
190495,4.316
181651,23.84
41918,9.06
289182,12.78
141244,5.953
105261,4.812
21618,44.97
267052,13.35
274625,21.62
277829,5.508
204417,13.87
18338,60.62
299281,11.914
135889,12.195
183753,51.4
29102,7.004
59702,15.586
246721,9.195
54699,7.965
187249,4.902
212552,9.625
93421,15.266
5443,67.2
62776,38.2
148767,102.6
34056,2.766
70783,18.31
281569,2.76
91526,14.25
161359,2.947
143114,9.484
204592,12.56
259837,4.41
61280,22.81
279325,11.445
167514,21.36
9842,6.168
255846,18.58
171868,7.18
163785,10.72
205486,7.793
35951,2.152
214003,53.6
8009,12.75
38383,6.28
232032,3.477
213062,20.64
71723,19.28
207466,51.8
112377,29.86
210428,3.018
79684,4.484
265190,32.97
101478,153.4
155276,20.67
101405,6.82
115599,23.56
294964,14.016
290251,16.25
289370,30.97
248713,21.28
285614,9.36
29422,19.92
268349,8.305
132474,10.375
90471,2.412
169596,4.363
182460,3.518
39522,4.902
189970,16.62
135791,25.0
182297,9.77
70624,39.2
277651,4.867
269050,2.102
117099,38.1
296267,9.06
22199,21.19
238206,13.81
139683,21.31
208936,21.5
131824,8.055
158170,11.72
244393,19.77
240083,70.5
214841,9.195
58043,14.164
32367,3.088
154632,4.832
277382,25.34
181702,3.656
22420,29.2
237704,24.44
240230,15.49
187797,6.29
242121,33.38
237148,23.28
201485,12.75
146569,42.2
48,7.81
143830,124.0
9543,14.13
153454,4.074
260000,10.97
153815,43.9
182373,4.67
265345,6.926
74665,25.61
267488,7.438
19910,36.9
85174,25.45
285157,9.16
149707,47.75
233209,11.23
277544,12.41
63688,5.363
145031,81.94
57756,12.99
37844,8.484
175473,10.2
244540,4.984
291666,24.48
20464,21.06
250787,10.47
270265,14.64
111864,44.72
206954,4.54
215105,36.8
49404,23.14
17433,7.67
13254,7.438
248650,12.17
155226,7.64
221496,22.9
149582,76.9
276365,6.332
77633,21.23
225462,18.28
234557,9.836
93416,11.945
209324,38.78
176422,6.19
274544,18.05
164655,10.31
271744,4.223
39251,9.4
109826,21.72
102407,9.26
17372,11.13
82010,7.098
287316,10.375
281595,25.56
267213,12.695
27221,3.252
125886,27.72
59284,8.484
210431,3.684
209459,12.07
73622,13.52
185590,4.59
290978,4.46
12064,11.06
188532,14.37
71106,6.36
40477,18.89
156990,142.2
182163,10.83
143003,13.27
104701,14.555
150971,5.383
275959,1.753
24599,10.74
83547,12.33
250966,11.28
231924,57.56
129456,26.14
228067,40.88
57323,19.28
288632,9.71
14219,30.11
89216,11.52
242899,12.83
195583,47.66
30749,7.05
104829,12.09
203254,23.7
62284,7.324
289648,9.77
10296,6.46
139529,13.19
125771,31.34
52990,6.273
4978,26.67
186083,8.62
180965,6.06
268883,31.03
273040,9.77
160267,16.83
246621,34.47
261938,5.363
247473,17.5
90918,4.65
93499,141.8
225614,16.34
177414,17.39
94001,14.07
66942,15.46
37557,11.04
258573,9.16
65492,50.28
3290,7.95
228372,15.586
21693,26.23
62218,12.43
133932,33.44
16069,10.29
252765,11.74
272702,8.234
15690,9.875
226176,19.05
298115,9.28
84317,14.13
191681,7.21
185760,24.6
198039,12.46
11370,9.14
199442,24.94
76628,36.8
279604,8.6
60566,34.03
202816,24.14
22376,19.33
223600,13.984
59746,21.23
95843,20.97
121736,135.8
185471,2.504
127323,12.94
91180,36.3
205684,14.46
4194,23.66
67312,4.06
270844,21.72
41149,3.314
236188,13.58
10129,12.78
33662,12.33
87378,16.28
184691,7.293
1255,14.95
125627,21.19
41674,36.97
266372,12.64
72597,111.44
269082,11.16
236124,12.805
154333,2.35
249814,89.0
116252,7.895
129655,41.44
161514,140.1
139276,19.8
208400,17.39
151544,17.66
52525,16.22
8593,21.06
149701,117.8
58942,8.64
189095,18.02
55322,3.836
281242,7.605
229535,10.47
113594,5.676
166727,13.95
171644,5.434
43501,6.28
204089,17.44
69255,10.72
65938,9.02
10078,8.71
155028,27.66
8211,6.82
82269,7.723
2418,78.75
210592,18.89
193991,13.58
248445,16.83
98434,5.832
258247,26.4
32198,3.238
4259,13.38
233816,9.836
46012,8.695
56103,3.598
12264,39.25
210306,3.49
1615,51.0
207589,6.926
157615,44.8
144326,33.38
260345,9.16
54523,11.664
217569,56.9
135579,12.27
28495,22.25
44456,10.945
155565,9.18
295328,4.625
237423,29.03
243874,50.38
294224,81.94
283988,22.81
81313,2.818
85763,10.65
183009,18.5
240670,2.406
25652,43.03
124424,15.2
128864,28.28
111540,31.22
35972,12.51
114864,15.11
104696,28.8
10459,12.07
102931,11.016
286725,14.1
293057,11.57
106290,25.05
89808,3.113
34829,3.129
126184,4.555
163350,8.734
2911,5.773
252490,3.66
104003,6.008
100065,16.83
33977,10.945
162594,42.78
167279,31.61
79380,13.836
150096,6.15
134861,11.89
210063,22.12
214154,45.53
29126,2.81
156424,9.12
244498,8.29
195279,53.8
234882,2.29
93223,19.05
286593,6.195
222821,27.94
86192,20.25
105078,18.7
265394,47.66
81324,59.44
156501,4.305
268575,13.52
19245,20.17
112073,16.52
207381,20.6
11418,25.61
36465,2.514
139132,16.9
55334,30.97
235230,43.47
70730,15.75
158870,8.734
116181,9.75
132133,23.38
82380,3.238
242910,5.418
6739,25.5
39793,20.6
259671,98.25
224245,5.406
67603,16.19
150299,4.94
206615,16.55
46499,24.8
82530,11.445
229618,27.89
29408,7.95
177728,7.34
150005,11.23
93468,22.03
135517,27.05
210786,14.984
15875,20.38
31789,21.62
298859,20.64
187273,8.83
291521,6.34
14890,22.72
259028,45.44
187988,98.6
107084,2.748
221608,28.62
241116,17.77
286075,7.406
277439,10.58
142981,56.44
224316,14.734
31503,9.1
290562,6.594
95051,10.07
149693,50.7
295402,22.34
191939,81.94
247074,10.945
142515,35.88
31404,24.14
102029,24.64
196741,14.43
261322,28.69
344,13.05
215239,23.38
1473,18.39
247912,7.004
82357,7.88
76449,5.56
92954,29.03
230393,18.66
263904,21.84
177757,16.25
179360,26.14
252469,12.56
183978,10.31
186403,15.49
125117,11.59
177984,11.99
174417,4.973
31389,7.273
114053,14.164
249935,3.66
44826,7.34
212268,15.945
287940,15.016
219289,25.2
154578,6.023
3541,142.2
179762,79.7
259769,11.2
25161,16.55
151351,29.33
239702,5.977
282199,7.742
78964,92.6
264786,10.74
297698,3.223
11295,17.69
117563,80.0
285137,19.36
131877,10.53
68779,20.97
283258,133.6
237125,24.44
45259,10.18
258036,5.586
33806,7.227
229166,59.9
233453,33.22
108470,56.44
213621,30.05
175521,17.36
250305,12.46
72310,21.45
222799,11.47
141291,9.38
6473,10.336
70144,19.25
110908,29.39
203566,20.55
102778,32.06
33108,19.84
132010,31.67
154022,21.53
28221,7.67
119308,13.24
150696,7.83
38146,9.36
146100,68.8
146453,24.3
280340,13.52
158202,7.95
255978,9.38
266127,86.94
66130,21.53
43076,7.164
205579,5.09
129028,9.945
241490,3.756
89858,16.05
277472,10.67
36536,24.84
42856,15.36
286899,23.1
232992,16.48
76375,5.133
72280,6.21
213223,26.3
227589,11.4
159510,8.086
159931,13.16
75748,14.46
191970,4.395
135332,12.41
271888,8.16
12962,26.5
152835,4.2
154207,8.266
54816,14.07
239301,62.34
60930,8.87
261081,9.26
197520,13.38
53892,10.42
146512,24.44
218389,26.4
293847,9.92
267123,20.17
35131,5.96
154005,5.56
4514,5.95
226346,30.11
138059,5.98
80617,118.75
90304,8.07
94031,24.34
58967,16.38
112071,19.52
267240,44.1
218524,4.527
149989,101.4
82149,3.875
266146,5.754
282825,1.894
285627,11.62
289855,7.035
294741,1.877
29881,9.44
246335,8.67
120013,12.75
99043,13.35
61198,30.66
195441,40.7
299364,16.69
278423,12.73
248537,21.02
293669,8.43
223815,2.229
30008,7.64
73764,13.33
258513,16.05
176057,6.418
201748,11.64
182913,24.64
176677,7.258
216540,21.31
297777,26.4
30695,6.19
104,12.484
109022,39.9
291242,9.484
144439,97.9
50879,59.44
249492,3.756
196316,103.44
93943,12.86
150606,20.97
118142,8.77
43633,23.28
53699,8.734
256098,3.178
146720,23.66
67855,13.05
48751,46.72
218090,5.445
159819,26.89
1220,11.945
3601,148.0
213924,7.758
29457,9.28
274223,19.52
151588,6.016
113940,39.5
201801,23.05
21581,9.65
117523,19.69
251601,4.184
258243,14.37
20866,17.39
117728,14.8
160361,7.64
298286,8.984
83709,6.7
204881,15.3
64992,20.25
272557,14.61
54824,27.44
5747,14.164
43506,4.008
246094,8.91
101941,15.266
130313,27.66
79453,16.22
238919,13.64
141934,51.8
215972,129.0
129289,18.89
18038,28.05
52982,7.95
182021,4.312
241041,24.64
143015,14.52
282109,8.55
129215,12.12
214761,33.03
202365,16.25
206149,8.67
226551,8.016
12561,3.459
256386,14.83
137388,19.44
243539,13.78
8276,9.77
55282,33.97
118959,21.62
265135,21.4
175316,16.6
227086,31.86
293658,6.004
270249,9.14
98892,30.05
200048,21.62
52873,19.05
233390,38.56
6809,22.34
252811,21.98
238325,6.367
85090,6.004
277877,1.968
16648,11.16
219510,8.51
121116,8.0
72897,69.4
236759,12.15
253387,18.92
149091,5.637
99481,18.1
250579,23.56
208322,25.97
108531,6.34
169512,8.11
100055,13.78
93465,4.723
11273,27.89
5469,6.246
169128,15.555
200156,3.826
223538,15.234
56977,22.81
258147,3.336
104972,19.48
4976,25.05
181315,9.12
161293,62.84
73371,18.2
178113,17.98
44304,6.06
169812,11.945
74827,12.25
37079,2.498
5144,56.22
254256,8.055
3546,76.0
177310,3.941
276328,3.809
190420,53.2
103521,12.33
43818,12.51
173304,58.5
53393,46.25
77193,6.434
62192,16.31
26199,10.09
226787,13.13
293460,48.53
111600,14.1
232219,15.39
44192,14.37
126344,7.656
61478,9.26
269406,15.72
105720,41.28
36318,7.504
37608,40.53
240197,15.234
236514,13.78
197561,4.254
256178,11.99
112334,19.52
4650,10.13
270930,7.83
123345,14.92
214968,1.991
296533,27.77
56147,8.75
151214,10.07
275138,6.91
271418,42.44
71058,4.664
196127,84.25
15314,22.08
35519,26.67
99227,7.54
270500,16.19
124187,23.28
220739,11.945
126806,14.34
41574,3.656
55833,20.5
293089,4.91
234962,24.55
269278,10.375
261103,12.43
90618,16.28
127196,7.31
84912,18.73
273432,2.955
47211,16.72
91367,14.25
120180,5.3
108462,41.94
42754,87.94
116939,17.83
182146,70.2
73263,4.55
269294,16.19
238707,16.34
36005,12.15
297695,9.46
74079,3.248
104944,22.62
77429,7.984
75519,1.821
282328,12.64
50622,33.03
288124,13.664
76745,16.52
161231,60.88
287141,17.44
270845,36.9
192074,10.375
49692,9.195
112607,24.64
28558,10.23
155818,24.6
23342,20.3
210360,29.1
180972,13.13
205770,26.34
189333,2.797
153854,26.3
118245,61.34
254257,8.695
23762,16.94
20713,58.97
149324,74.5
58142,9.484
118067,17.72
239735,17.0
26794,1.862
233660,22.25
28605,9.28
260942,20.12
189479,11.87
270158,5.707
69881,35.38
118167,10.29
202981,15.555
273301,2.54
114255,30.9
149476,29.03
202103,9.625
148749,38.88
198955,22.12
234763,14.13
134325,20.6
170737,11.13
240926,114.1
113961,4.547
26022,27.11
269741,8.266
40882,10.24
216774,9.92
290987,9.73
124003,8.43
222810,26.08
122774,16.8
135756,27.48
245138,18.31
230553,21.62
223994,7.406
127177,14.92
16485,27.83
164210,6.332
266067,6.492
777,36.38
129930,30.05
244793,12.695
180452,17.44
90096,7.86
6175,8.125
80535,26.78
11426,14.95
230954,15.52
167465,7.895
87202,6.08
81576,2.27
197993,37.25
220526,12.56
189146,6.16
273536,3.57
136619,10.31
86571,4.93
7522,21.89
10970,7.83
247854,19.36
161981,135.2
65650,12.75
8331,7.406
101939,12.484
49577,3.314
70399,29.27
116948,18.5
257101,9.3
149739,27.48
235903,28.45
275420,16.94
264348,10.625
30817,6.668
212011,93.7
238399,28.28
251593,26.03
175365,32.7
160971,121.56
190597,2.152
179145,5.97
272066,10.85
101734,17.5
124911,6.957
35503,29.69
118006,15.88
137995,2.793
296192,146.9
7795,35.94
218689,41.7
210296,4.61
61206,6.652
120260,17.39
250135,15.08
192995,2.963
189410,12.27
133366,16.97
92226,5.902
69692,9.484
142787,61.6
243124,69.94
88535,13.24
121657,9.4
280184,8.734
203562,85.94
22128,14.34
232622,3.068
74472,13.08
169168,30.9
107131,47.56
268469,5.023
98200,5.21
3,29.03
65049,27.33
81976,4.832
110147,72.75
252747,16.9
69256,35.72
56443,31.53
157187,151.5
237300,15.945
242100,23.19
109859,7.93
204823,18.23
75026,39.5
249851,16.31
211054,7.258
148678,101.8
11614,5.914
108225,37.94
24343,10.625
256486,4.348
171572,5.94
60097,21.4
201711,8.96
236180,22.67
27274,3.928
152316,28.0
104276,15.49
186094,12.484
86419,25.56
113625,52.12
272052,2.178
250622,29.75
152425,20.72
145036,24.14
138838,20.77
191749,8.36
220501,1.9795
146986,72.75
139226,24.73
229509,11.04
267013,10.375
200787,20.77
164102,4.617
150664,20.6
55420,21.23
227266,2.213
134372,10.07
172000,16.86
33997,21.06
230600,6.668
4933,12.83
72818,37.25
98156,9.945
180505,15.65
96904,10.29
106449,17.28
709,17.55
135953,14.95
122125,22.58
152521,22.3
129103,14.89
88758,2.295
275812,5.035
79543,11.55
20245,59.2
262485,2.855
252788,7.438
276904,15.88
248762,28.8
227465,42.44
159734,15.14
255734,9.336
180881,5.766
186128,10.01
277330,7.59
246391,20.38
244189,48.03
131349,17.61
52758,18.66
3301,8.36
4490,22.67
143753,105.5
249461,2.03
38023,5.81
143639,67.75
203266,14.016
49523,4.223
125925,6.133
100373,2.959
163258,10.49
59360,23.14
126173,5.848
210652,10.31
297054,10.2
144900,58.5
118767,10.375
195076,12.305
60774,5.156
288121,18.1
190876,13.1
246085,91.1
142772,52.44
34945,6.035
58722,19.64
6707,14.05
172452,15.33
275652,52.22
126809,6.227
221034,8.07
79616,6.273
67712,23.1
58398,14.4
129091,13.73
227657,12.33
100623,3.664
190224,6.12
294630,15.39
26162,4.812
96105,23.1
91637,16.02
95534,9.56
2516,81.6
88323,12.09
37852,4.35
176954,111.44
281403,15.78
129360,73.06
168380,28.75
147155,66.2
181674,7.004
240094,56.66
36982,2.99
18067,17.11
22006,33.38
277280,4.902
207116,26.3
163617,3.71
121295,24.44
17018,20.8
143046,43.75
240511,15.78
279478,19.64
286004,15.11
253979,9.71
114172,6.668
186347,2.94
291145,4.203
83436,12.75
1228,2.033
23326,9.8
163166,3.611
78915,5.387
72842,30.42
874,13.02
35471,28.8
274995,8.086
120211,3.26
77904,4.15
105827,10.13
199162,40.53
15757,8.34
228719,19.61
10263,26.67
69607,8.47
224740,13.22
153439,3.955
8823,10.72
121151,5.18
46863,3.018
141555,16.08
211490,11.33
116163,16.14
36185,6.086
242999,31.61
47164,23.75
178309,22.95
212464,6.492
281642,5.31
177643,14.61
95303,13.05
48440,5.0
225709,14.46
235601,16.66
50221,11.086
122007,18.92
195859,46.72
80429,9.04
234460,3.064
210390,10.74
234235,16.62
251062,4.95
74208,54.9
104382,17.14
271710,14.25
117231,8.58
47085,9.73
253039,21.94
145996,59.44
188204,5.914
268530,3.803
163731,23.95
245432,4.996
136618,6.504
100660,15.11
203381,8.77
202920,21.4
69078,8.75
208597,15.52
77070,12.016
184105,5.508
28464,17.58
231050,52.84
83999,23.66
256618,12.54
72313,5.133
108432,12.016
153226,25.1
78874,10.445
201868,7.438
281540,17.77
81704,9.484
121507,9.586
226860,56.0
227794,13.414
130168,2.396
742,11.11
98579,25.72
130954,31.67
114244,9.945
157153,136.8
261818,5.81
288550,19.25
266720,10.78
266955,4.973
143899,38.1
56762,5.727
243002,18.62
204039,17.83
45411,10.24
278307,18.17
199849,3.742
202746,21.45
113712,20.12
81621,7.86
127884,8.04
151869,4.9
89899,2.13
14815,11.97
241697,15.016
195821,65.4
12460,7.81
56072,10.555
84706,5.445
202873,13.49
228806,9.42
176440,22.72
146759,16.69
282228,2.766
291224,3.98
207823,15.2
35429,11.72
86077,5.656
193568,14.164
143328,18.12
281910,4.91
259375,13.49
27106,10.13
271753,11.28
198753,19.12
16928,27.61
114661,20.12
10490,29.03
283920,20.02
9829,120.6
257367,40.62
3499,139.5
272780,2.057
206492,3.145
287890,18.92
196974,12.64
257853,42.38
106401,21.28
46155,6.73
198294,6.03
67811,22.34
127975,4.434
298213,11.42
277456,9.3
237518,14.1
93065,41.1
52987,18.5
93734,6.758
76236,13.9
251765,12.75
59804,22.86
24999,14.984
164005,8.805
200049,20.17
94113,38.94
49503,3.518
32497,21.14
62827,33.78
3295,10.9
140616,16.02
126766,1.77
199959,10.72
76273,18.36
137902,25.61
36882,14.43
15142,17.11
86285,7.195
188814,3.57
58679,34.47
263410,11.26
275412,12.78
102534,7.473
141068,31.73
227921,16.25
245960,11.2
200270,15.88
62931,27.44
165343,24.1
172219,12.23
143171,23.0
122200,12.12
167336,23.95
58710,2.748
31156,18.7
272566,39.56
110413,52.53
22635,10.625
289647,9.8
38932,5.098
257018,17.47
33258,8.29
227784,10.6
200508,14.61
210319,5.793
39140,4.21
13050,14.58
55972,51.9
129852,40.88
130851,59.44
233956,35.03
74407,25.45
151263,15.3
218184,29.45
137284,8.695
55432,3.752
226491,16.52
39634,2.744
33293,9.484
159093,5.867
89814,8.375
266159,73.3
258597,17.28
280861,9.73
19680,5.125
298476,2.295
203854,4.938
90790,12.78
120805,4.89
114776,10.83
10469,9.1
215824,18.05
202396,15.3
37628,2.967
97156,4.73
23603,141.8
266078,7.324
80919,18.31
147342,14.61
8799,6.06
121277,19.0
75874,16.42
275103,31.1
100748,39.97
24872,6.297
198141,3.006
77144,7.723
230356,102.2
96095,5.832
132719,24.55
87155,28.97
224373,4.617
54023,6.99
162051,4.285
250603,15.85
136352,7.81
235746,7.438
249689,54.25
271352,7.83
240987,12.695
123723,59.9
14226,53.06
92431,8.77
102180,9.02
150475,124.94
243756,62.6
78654,8.984
41174,8.21
38433,4.777
12099,12.23
274278,2.672
242375,15.17
262303,42.38
241929,28.69
138933,9.14
164725,12.305
260101,15.46
228371,13.836
17663,12.195
80467,9.08
188605,14.83
107813,8.88
210443,5.438
280883,6.562
4757,17.55
130719,19.56
40004,5.27
6627,8.34
44465,5.406
64564,31.47
137057,51.1
76895,15.65
61721,123.5
145072,15.11
110657,8.21
98689,7.004
129297,9.8
232215,16.34
62964,44.44
296623,24.8
242119,6.61
84347,28.05
57766,26.19
94696,20.3
139336,15.3
129319,10.24
233972,29.86
297011,26.08
80365,6.625
289885,21.28
265301,5.934
58584,18.7
281068,11.18
234946,12.94
126406,8.47
174119,11.49
7706,17.36
96955,2.023
18555,5.266
246946,19.89
266223,2.07
192764,16.14
105621,25.0
177391,4.96
247386,14.22
153924,19.89
247374,24.8
271907,8.125
56457,35.3
21114,17.39
270683,10.12
240636,141.1
77728,6.402
283363,3.105
195699,97.5
106406,17.88
138014,17.28
158155,10.31
11192,15.88
214314,29.39
91377,31.34
256717,9.75
87539,8.11
242984,32.25
42881,13.73
92323,35.1
196383,60.62
135856,28.11
205674,12.12
35748,9.92
197672,22.08
208422,11.99
147210,80.3
285187,5.754
96289,15.36
254489,22.25
162424,2.69
228428,8.16
12396,26.56
229003,23.7
50561,20.5
148638,48.72
149965,11.62
46451,9.945
185419,17.88
32343,42.03
35417,5.45
231351,33.16
181875,5.54
240602,31.8
219629,22.67
176310,7.793
132224,13.64
250215,2.684
42875,13.1
133043,6.098
210143,8.64
115660,28.86
88469,19.44
200906,29.39
56570,48.3
228671,27.27
110174,34.2
23272,19.52
116644,82.25
50193,18.1
144308,51.9
6293,8.695
102388,16.19
39854,7.844
29571,22.58
193635,10.18
41808,7.758
20970,29.62
75238,16.69
204638,17.5
224794,34.75
43120,29.75
253114,3.125
143322,24.34
280577,11.52
241676,11.06
122318,14.4
241514,20.55
264290,23.28
241000,39.5
265661,94.8
272039,10.42
116828,13.81
98430,15.39
138652,22.67
223453,6.684
160233,12.54
51230,28.39
33263,9.836
126565,37.94
76075,9.96
202883,51.9
88545,16.05
132523,23.95
211780,5.3
121007,10.445
35959,2.367
216213,14.58
4593,13.16
138425,61.34
146627,102.2
161678,9.52
63441,7.95
16269,139.0
51495,37.62
211557,58.03
47624,12.54
108588,15.05
2932,11.13
10779,150.4
175641,7.34
135594,44.1
203493,45.34
59287,58.28
159145,9.28
41675,17.47
30957,29.45
33804,8.45
208952,30.47
298746,38.94
195562,48.53
215305,8.695
86355,9.77
157248,131.5
248893,42.62
206563,58.28
96325,11.33
294544,22.95
137720,9.24
73596,14.83
235001,32.3
96472,9.984
64663,13.414
85994,26.03
293066,9.75
136837,25.72
150421,7.656
268017,24.8
155947,10.83
155794,3.879
195232,82.25
237767,15.69
43180,9.73
106922,9.5
236805,12.07
17779,13.836
117128,10.13
262592,8.45
133477,10.29
218043,4.055
52608,19.8
24496,24.3
288728,10.92
201809,24.89
298248,14.19
143406,6.46
187346,9.06
236316,10.42
139246,28.45
176789,1.717
185126,7.273
147424,33.72
238223,6.85
229175,7.082
236630,16.45
252309,23.28
281536,149.1
79841,12.97
167156,25.2
100178,16.83
20555,4.777
259374,8.83
287240,19.05
188246,11.16
316,15.14
93998,16.11
250575,26.03
243080,28.62
262031,70.75
69622,5.21
95906,10.266
266552,2.436
247982,7.406
287727,7.02
25980,13.16
51470,22.81
88485,7.707
184310,20.84
36494,3.166
89707,47.84
74177,39.1
74771,8.484
299167,11.84
266048,7.258
72369,20.8
137278,11.06
267059,27.22
228212,10.695
36933,9.44
7798,38.1
189160,56.9
79705,4.69
189582,13.47
744,13.47
74013,27.27
256768,17.58
893,7.273
169963,19.44
287010,47.75
200858,4.58
162831,58.28
36049,13.05
73468,4.266
295998,15.17
100831,15.49
154769,17.28
207946,15.945
293584,4.203
205090,31.47
213167,8.0
227364,2.443
277276,9.36
98380,3.145
298651,20.6
216258,13.24
281221,43.47
152497,29.62
221817,10.16
296837,21.11
283320,16.34
261151,2.904
264923,17.55
193200,11.016
285323,7.02
91543,14.37
64292,40.53
194546,6.34
37428,18.66
239666,39.2
1144,10.92
20553,12.07
235678,36.16
240959,29.56
87392,12.46
116931,41.44
293613,10.2
267363,23.7
109296,33.56
249294,16.02
29490,7.81
47557,11.664
191955,4.633
292161,29.69
235454,26.56
172929,2.676
35433,20.34
106216,13.9
158219,7.504
69089,17.28
215317,6.668
87395,30.84
108405,24.6
294500,6.008
83319,4.137
12526,5.746
207311,43.22
167408,11.59
24335,21.5
232449,3.395
13239,14.37
128814,9.5
292731,13.93
177751,12.64
246226,12.27
160995,114.56
28425,4.645
147172,63.6
73191,12.97
233846,13.19
194960,10.83
105349,14.46
164087,59.2
136391,2.473
194647,12.46
104813,16.6
252456,37.78
245834,10.74
70123,5.906
50114,12.23
99562,25.05
170602,6.105
45751,6.926
38341,11.016
281804,5.95
211350,23.1
174048,41.7
132710,22.81
155842,26.78
1830,38.72
214639,24.3
151364,26.67
105402,17.14
176053,48.53
195864,74.2
266326,10.51
268105,15.914
2404,115.5
128082,48.8
128075,25.25
276514,23.23
247871,14.95
98325,6.23
32644,18.05
181855,14.8
258289,27.22
210309,5.81
104775,12.41
65329,10.83
3144,10.23
294655,6.715
49893,11.375
219042,22.44
48750,8.18
107018,10.4
115727,7.93
112682,41.94
229691,15.49
212658,15.75
99217,8.016
127866,22.53
152038,19.33
132448,9.336
54811,9.52
32576,12.195
117680,10.74
76320,34.8
97864,8.66
55526,8.55
189924,136.8
18974,14.31
73833,122.5
182864,31.22
66550,24.8
98210,2.484
174945,25.81
222844,23.28
278951,13.08
121123,17.77
50970,17.69
167388,43.12
261823,20.02
31691,6.637
284505,4.9
17624,17.66
67179,13.95
185222,17.8
89549,3.244
62748,19.69
40932,7.473
123713,16.55
14683,14.22
169794,16.94
226197,28.39
51013,13.44
175866,8.47
120140,11.945
134777,32.9
47230,3.875
298390,3.96
187516,9.96
169744,7.52
184200,11.57
207557,58.03
160799,5.63
128560,91.1
258421,10.58
90547,17.19
185324,12.59
66464,12.016
133615,10.99
159718,8.16
18641,5.812
244426,15.52
34806,5.33
146898,24.44
284234,39.25
245704,14.34
188852,6.367
186526,8.91
154909,5.457
150724,15.2
23569,8.56
280620,15.33
256187,27.94
296309,8.0
208749,10.01
189925,84.9
13744,2.273
199256,14.22
39025,7.688
252634,7.133
150014,12.41
54317,7.758
29327,15.266
172069,56.22
33259,3.469
127397,4.008
214820,16.97
26324,7.31
270174,13.02
58360,21.4
107916,9.73
159759,5.426
118507,32.12
283488,4.777
9095,21.5
243419,14.37
295233,8.36
223962,1.977
67389,29.27
298002,11.375
214660,9.06
226530,6.805
159870,28.0
124689,8.45
176510,12.46
281056,15.266
286709,3.918
279517,4.297
94213,9.3
72057,28.56
265307,93.7
97099,20.3
133530,39.72
66541,7.965
168802,12.484
70816,5.145
68057,20.97
105742,5.625
133578,12.73
199388,10.74
119996,5.285
40718,18.47
293732,16.94
186729,8.805
279192,14.92
155911,5.3
59515,16.19
9149,2.838
98828,93.3
6162,14.22
171976,19.12
278320,17.25
40116,6.266
200746,32.7
275254,6.773
65541,22.39
248678,31.67
73475,41.78
237477,28.8
58573,27.27
49258,30.53
172333,34.75
279909,9.42
122235,26.03
12363,23.9
69630,6.094
61355,22.39
90356,2.182
177574,12.15
98028,9.625
151773,8.62
276425,10.23
209491,22.34
107742,10.6
7926,3.53
107627,2.916
110035,23.1
129146,16.38
6229,54.7
95059,3.72
193121,10.555
12031,5.066
164138,11.18
73791,9.836
298845,20.05
151978,24.0
65574,14.016
145593,56.22
285368,8.414
251513,41.53
138201,26.08
147597,13.81
120640,9.92
186065,20.17
110286,12.83
26527,31.73
125391,19.28
292973,10.35
215437,10.35
14668,7.473
21857,11.2
283538,7.082
93410,18.12
41719,14.016
247950,17.98
265260,16.28
17592,35.3
32551,13.22
155227,27.33
261577,9.06
158655,10.31
151318,32.06
133599,6.094
228616,30.66
62966,11.87
272779,1.832
177874,3.912
824,14.34
244199,14.52
143001,14.52
119629,7.88
92402,70.75
132883,46.8
204709,16.66
241384,46.62
201815,5.34
26594,13.13
117789,3.742
189421,24.89
38721,35.44
20942,78.44
1665,66.7
212238,8.25
188017,8.16
13121,17.47
214310,4.617
241132,31.61
141442,116.4
35098,14.13
63527,9.945
125609,7.406
226157,45.97
217612,49.6
185371,22.77
157647,155.1
39554,23.56
65272,20.94
173426,20.47
194622,8.87
292434,11.13
138963,8.4
129850,15.555
73098,29.69
222403,6.418
229866,6.008
40959,7.965
206204,4.47
20483,14.31
282216,4.85
143978,41.84
165642,16.42
101868,7.258
127983,20.72
137665,10.42
209581,49.78
228125,42.44
198868,8.55
272991,101.8
7124,13.81
199332,5.527
36176,12.05
108416,33.22
74706,20.89
127415,6.023
205168,24.0
282875,2.254
182251,29.03
102410,21.11
250248,6.445
158284,17.08
24350,9.73
40825,8.77
136846,6.58
230551,20.64
152861,8.36
180792,26.14
2606,54.25
270070,4.42
80742,5.56
47464,23.7
55678,32.5
71351,23.0
58034,28.92
185152,2.295
42632,13.38
199000,18.66
194230,15.85
16554,6.895
1673,61.6
45573,8.195
175557,7.95
137013,14.05
137319,13.555
70573,13.81
47329,10.76
11150,23.84
166351,5.402
171209,17.94
227167,14.89
226811,37.25
94409,29.39
208415,21.14
114840,27.44
98770,17.11
203647,56.9
63075,21.23
206502,28.17
272807,16.72
167960,8.34
46238,14.92
264211,7.688
234219,19.89
25815,6.07
223316,23.42
265599,14.734
115227,6.836
141711,14.07
41983,7.242
87328,13.1
31638,14.734
101064,32.9
254779,4.61
140779,18.7
51770,7.67
269749,22.25
47294,35.03
282120,12.62
245599,21.31
3278,4.832
263332,11.695
15726,7.42
221144,33.9
4641,7.164
105560,8.96
152349,19.92
197443,14.86
83515,15.39
287143,6.625
186840,9.195
120273,18.78
118672,12.56
145600,50.5
218589,6.926
13227,2.35
4178,20.6
72277,10.4
117262,13.695
156661,63.1
235573,6.758
89068,17.9
84485,2.94
229757,3.494
66364,15.98
256239,35.1
14338,4.438
54762,15.11
229933,2.402
95923,2.033
54065,21.58
51720,9.04
115840,5.88
269895,8.88
123653,40.88
120628,47.0
22378,10.945
35356,3.87
179122,6.176
27309,6.637
170354,7.02
108972,27.0
46583,13.75
164673,4.203
150119,11.445
253968,9.836
149695,60.62
189269,124.44
111324,5.57
196284,79.4
156016,21.8
181162,18.12
1354,49.3
119812,2.756
296415,5.484
229131,9.65
49218,16.11
224102,2.994
294589,10.03
142478,37.78
95176,18.28
276669,22.72
120518,17.05
20313,58.97
65814,4.125
247640,32.5
25242,8.18
238444,16.05
251081,21.89
115012,9.836
113863,21.53
179870,30.05
169817,59.9
87218,2.314
280692,6.867
26598,11.89
176002,11.445
72092,10.18
108562,7.57
238492,12.41
294200,14.28
56818,33.44
45584,19.77
39745,4.484
209613,12.25
50470,15.39
284235,9.22
45634,3.426
162721,7.355
258315,1.871
280659,10.97
273270,57.56
270540,29.33
287939,15.3
199346,9.75
47176,30.05
237964,7.88
163917,5.363
281559,10.12
287126,13.44
263903,21.5
83942,20.02
280323,28.8
92639,16.28
155167,27.77
7940,118.75
299235,8.266
36589,7.52
78794,5.332
167111,56.9
208228,56.22
6706,24.34
279294,13.05
290128,17.22
180700,2.898
84484,19.97
143061,19.17
120727,78.44
274992,9.71
44269,14.766
119897,15.05
199826,5.215
134183,28.0
62194,9.55
99746,11.16
296876,5.566
251665,16.72
242719,6.895
244701,15.42
149786,45.44
93015,12.64
251654,21.94
42617,32.62
164467,8.56
178060,7.965
31840,5.07
96403,7.64
218108,5.11
244271,10.23
8501,15.914
28721,11.4
203654,57.12
69722,32.5
156212,5.63
44687,6.594
248915,28.97
13712,16.72
134506,54.25
40675,8.234
146064,42.1
133075,18.42
21752,8.66
179628,29.03
229522,8.11
35274,26.72
115626,17.0
35725,9.945
274075,4.742
188346,4.113
280186,8.6
67775,5.996
204733,74.8
126758,3.404
265499,3.03
289583,21.67
94382,14.89
5620,65.1
104842,11.84
270029,4.28
234269,8.96
32829,6.805
2946,31.28
82880,99.44
186064,21.84
37931,6.316
22153,23.38
296235,22.95
252643,3.43
34796,2.156
36661,9.664
51816,10.2
97095,21.84
85347,14.64
272005,2.531
13762,39.5
239640,30.53
209424,17.77
117261,24.05
14049,16.6
271740,6.332
17163,12.195
232057,13.24
215130,4.332
205391,52.12
173313,9.46
67513,35.16
47168,9.1
185428,21.8
261812,14.61
150556,35.03
296157,7.133
151149,21.89
239352,10.18
99123,19.64
124438,145.6
200814,12.484
298067,25.77
145480,5.35
61002,20.25
44534,20.97
133584,11.49
99684,124.0
145834,32.12
232853,48.12
215283,51.1
65245,17.72
127803,9.52
104709,16.97
19307,84.9
81415,6.973
32216,11.47
150605,8.086
255471,15.05
263135,148.0
146921,10.58
125193,5.688
159058,12.016
165497,22.67
188780,8.83
212523,58.97
96087,9.1
86339,26.94
65582,27.66
48376,10.78
45146,7.195
247832,44.8
109682,36.44
275318,9.12
184890,10.03
47703,17.25
92455,7.438
257083,8.51
156634,3.72
199877,16.69
184439,8.55
262112,6.445
112634,6.16
260843,29.75
162099,7.93
7218,26.61
43706,11.57
249651,4.152
225627,18.58
61761,5.156
103609,10.85
284773,5.676
67746,18.89
22546,35.5
43877,32.12
201114,37.03
284217,2.484
66676,28.92
40992,2.107
52114,18.47
31750,34.6
110038,46.8
196768,7.59
95628,8.07
119517,18.1
42924,8.71
93862,4.26
67778,3.201
39704,9.28
176952,97.1
289270,16.77
32022,10.05
133189,13.02
184446,8.32
227214,24.84
76683,7.164
295296,13.22
44591,32.3
93107,4.492
195476,37.34
50178,17.0
172398,24.34
271207,4.65
98122,15.39
136732,6.098
112465,23.8
62701,17.8
213833,6.29
126692,7.098
237094,33.38
25918,10.805
201371,110.56
246182,40.12
255242,8.75
122063,12.15
128430,64.06
38934,11.086
198661,19.36
215820,12.23
290530,13.49
52224,16.72
9668,11.99
157267,135.8
108173,15.11
264433,8.0
255868,1.759
224199,23.56
114970,35.22
102640,4.02
286382,5.043
122257,11.59
141389,12.12
210551,10.336
160755,59.9
184512,11.2
13048,3.447
82337,19.2
201603,28.69
213974,8.805
51734,26.3
182727,8.234
102968,1.86
216067,33.38
146562,14.95
156592,9.81
177179,6.91
287199,8.04
99816,2.219
270021,3.984
278597,6.133
232757,19.05
229999,5.605
119334,2.5
205013,12.484
170342,11.59
36643,16.72
197119,44.34
26401,27.83
56040,23.0
194928,16.8
143679,35.44
67568,10.31
4111,10.16
187939,7.004
19079,17.08
235121,44.1
132514,8.58
5184,45.88
108495,17.25
65021,9.22
271571,21.53
160890,6.07
14313,10.35
120445,25.61
176915,6.094
122175,25.56
28212,15.46
78125,17.77
183343,10.85
141754,9.625
36813,23.52
121192,6.805
191,6.758
155741,15.42
192264,4.406
24978,21.58
158460,21.8
81998,5.84
49369,32.84
241318,29.33
71905,22.16
166318,12.78
122614,3.314
209698,31.73
37311,25.92
245763,13.695
223712,2.727
199602,58.5
263164,21.06
88090,11.57
49940,33.5
131302,23.8
161729,142.2
298135,8.34
299391,16.14
124944,28.92
77119,7.18
106321,13.75
259680,3.557
182802,5.734
100542,11.016
149794,6.99
105198,18.78
142861,34.6
171742,6.7
87089,1.852
31072,11.086
283700,24.48
286165,7.742
115667,23.0
287093,7.42
115894,19.84
6749,44.88
232975,10.9
132123,53.2
50517,16.11
76354,18.58
127765,38.47
175435,44.34
22649,21.02
91560,7.15
117146,7.293
150474,7.473
106632,21.5
269004,75.1
276648,32.84
124408,23.33
254106,18.23
292091,25.81
214600,4.598
178185,31.47
171110,8.11
161118,75.1
87546,7.195
23794,24.23
256123,36.8
32488,12.73
227279,8.305
45888,3.398
173540,10.35
118185,10.72
92027,32.2
290482,12.54
85009,14.28
166512,59.66
96497,13.64
269938,11.62
56592,35.1
133351,34.12
185279,10.2
163049,8.984
145902,35.6
15990,18.58
195896,64.4
135752,8.66
228101,9.836
10736,12.94
173031,18.81
80616,3.525
12230,29.56
123785,21.62
158806,37.88
132810,2.79
101819,19.97
141948,10.67
174216,8.51
75354,3.799
252390,14.28
190380,12.59
79815,5.1
262750,21.62
281222,12.27
161240,63.1
5897,14.49
140614,24.14
35513,29.39
42609,7.133
289575,14.52
176646,9.336
228928,12.195
226426,15.85
282626,24.1
272454,17.19
184166,8.91
164220,11.87
155696,26.3
262751,22.86
288498,37.5
2819,2.65
79193,10.31
68553,21.98
156525,8.0
236258,27.05
22957,2.4
153426,8.92
22238,23.1
101360,156.4
175655,7.54
283953,31.73
162133,3.734
265696,31.03
276475,8.984
73138,24.48
81595,8.0
286011,5.227
165860,15.85
91485,4.93
6024,22.16
118531,27.55
233681,8.695
129653,6.23
33493,9.32
114489,22.08
141797,17.83
143592,24.23
292195,9.36
179405,28.05
36734,4.645
178532,5.812
159812,29.39
192352,7.88
176186,31.67
208509,139.5
217881,5.832
84718,3.477
274713,10.05
75546,14.46
194874,9.875
143619,54.03
123077,53.8
224019,14.28
140521,7.473
173623,23.66
101044,25.88
49205,8.96
86551,27.33
120795,9.86
134255,14.016
6670,13.836
269552,13.27
4191,22.58
108038,3.826
196711,22.08
13934,16.28
4024,149.8
265887,17.55
138650,27.38
16394,25.92
58350,11.64
267313,70.2
110865,19.44
1580,104.25
258706,6.773
112191,10.97
183640,11.766
122075,32.12
180989,4.234
187638,9.1
238025,5.008
62529,33.9
230571,8.945
229677,15.72
53735,7.004
291488,6.79
116114,20.1
245624,18.73
189116,29.27
51010,3.404
217067,15.65
132517,10.445
68708,33.5
151961,28.92
45008,8.125
216372,30.84
95317,6.29
229562,18.17
91172,37.88
244523,13.81
133833,13.16
268672,22.2
75902,7.273
161885,7.39
83944,16.34
288411,11.72
177149,18.47
289273,8.6
192462,31.03
214196,45.6
200917,7.21
55765,13.64
26487,15.266
207183,38.1
216445,25.5
135213,13.414
288789,32.5
267436,30.05
282970,9.836
192133,9.945
77244,3.072
239547,36.3
78958,6.227
114208,31.53
106222,24.14
299028,40.12
176620,17.36
235397,103.0
204850,46.53
115903,10.07
101997,5.57
63317,11.47
100996,22.86
124629,28.17
23651,20.8
229036,17.55
108292,17.08
70670,7.473
50980,63.34
168087,6.58
81517,8.16
13191,6.684
189382,20.89
227975,15.98
185749,10.58
25126,10.09
259618,19.52
127516,7.164
205421,39.2
96593,8.71
104258,21.45
223139,18.92
11904,1.734
37786,22.12
62006,17.5
59818,46.25
253323,10.74
131710,6.742
265359,9.38
156761,60.62
236069,24.14
106999,9.32
258871,5.688
193070,12.88
73293,10.6
80251,48.62
187862,33.72
208647,14.19
233429,15.234
235505,13.05
239843,10.03
134334,31.4
257644,16.62
144415,6.52
84696,13.836
156068,7.293
53315,3.281
59012,18.5
155259,27.61
211895,10.78
133748,8.0
95876,7.02
250723,14.61
76792,8.75
267915,11.82
41496,4.9
130258,15.69
121598,22.81
9884,29.39
84157,9.9
284318,3.234
68445,23.84
292913,4.332
42069,6.348
94193,33.38
162275,33.5
269435,5.61
286210,29.98
190154,20.17
130368,16.77
54410,11.13
211512,61.84
204724,17.69
98124,5.59
291767,94.44
23987,31.34
22185,19.77
89755,5.363
188569,12.88
112266,10.51
38991,21.5
84658,6.098
48182,5.145
114354,15.555
155580,19.69
131752,11.28
21463,23.19
183942,2.498
22522,11.16
139436,2.125
164100,11.87
95150,21.36
46346,21.8
71176,22.44
30047,12.695
217640,5.16
37062,5.09
97867,5.887
14732,29.33
131907,6.26
112565,25.81
16779,5.676
117892,32.7
120702,21.23
228444,24.1
288082,16.45
210201,23.56
36513,29.62
241070,10.4
283070,28.45
219608,2.197
61598,17.36
227707,3.945
85753,20.67
23101,10.99
47685,16.66
260377,10.49
116084,20.34
176401,9.4
231393,18.1
61122,5.996
176412,18.28
123544,9.96
169799,2.033
144064,24.84
23180,30.53
205942,7.742
127409,116.9
4879,17.22
34091,5.11
70128,11.87
174788,18.23
282736,17.33
72732,22.2
11712,7.52
80626,16.02
135479,11.99
110698,52.44
200585,6.867
242306,23.28
256893,3.836
203978,71.9
243666,13.13
156053,17.5
186349,6.46
21992,10.336
233302,31.03
14921,6.29
44457,2.701
209214,15.08
101550,29.16
298230,8.086
182358,6.008
101670,5.723
21218,46.9
267796,5.766
116478,16.52
250243,7.914
229055,24.34
45164,107.56
154279,9.96
260485,5.418
140529,24.69
119549,7.15
97370,13.24
193398,38.72
245458,11.2
174435,8.484
127527,7.64
150101,4.89
73455,73.94
208760,23.84
93853,1.959
72326,96.3
206835,16.62
54456,5.668
152928,27.72
209012,25.66
145401,19.0
107314,22.44
97023,8.125
109211,12.46
291366,6.16
48608,35.66
243107,5.98
17698,15.78
50425,39.34
53318,17.0
65418,4.625
184253,7.242
102340,11.26
229488,29.45
253311,18.36
184349,2.33
31907,42.2
114333,11.695
15807,19.64
163335,5.234
36709,10.23
227344,12.27
7012,4.094
219468,17.66
221342,16.19
54073,10.35
104670,3.148
215367,18.5
200985,27.0
55933,9.86
14573,24.05
196147,60.88
294049,15.39
207377,15.11
275571,26.4
145561,26.72
226872,6.367
9803,11.82
89356,5.727
156964,54.9
102353,40.06
129913,18.28
14591,19.08
147301,36.66
235199,99.0
164326,5.156
174082,17.5
119242,16.19
174387,27.61
82713,5.45
129385,10.9
277531,18.5
47054,15.08
161010,72.2
18805,38.72
54433,16.94
262480,3.818
64169,7.082
257311,44.44
257166,9.195
136348,17.61
220705,39.8
242971,18.84
247173,5.043
121066,20.64
189033,9.75
234098,27.66
135993,14.016
157423,153.9
169352,5.49
265704,17.88
119670,6.504
17513,63.34
1458,50.5
31634,24.89
77266,9.86
64090,12.17
222737,37.03
182589,3.57
178275,144.0
132590,11.57
183389,3.633
153712,7.453
99940,12.484
93940,5.508
168973,13.27
290892,14.31
82306,9.81
169278,8.43
14906,25.2
217809,12.05
3422,7.15
196205,85.56
32192,26.5
53657,22.03
14576,12.07
200121,12.51
229026,19.64
102132,23.1
170710,17.98
295469,15.05
108895,18.81
257741,8.734
77489,48.9
115419,40.22
254417,13.64
197221,14.28
58625,3.656
17317,32.78
171415,25.2
96969,4.89
259172,37.03
53852,50.78
14883,7.258
64570,19.84
84222,16.86
271711,12.195
150837,9.18
268742,10.23
6094,28.39
288710,14.31
168059,6.562
21033,27.83
99157,5.535
46484,3.865
148488,18.31
73629,10.23
67239,50.7
17657,13.87
279394,10.72
196767,30.3
71237,11.4
168717,2.584
37521,18.58
232388,34.8
66705,40.12
30144,8.51
228842,21.89
249721,5.914
254783,4.832
179168,5.96
264461,3.113
4674,16.97
202292,14.19
179991,6.805
263832,10.945
191415,11.945
210158,7.605
61296,29.2
249561,7.34
2247,76.0
60370,22.72
235618,12.805
174562,27.89
24333,19.92
6398,3.459
209058,12.83
201196,23.95
206447,34.88
158511,3.357
287008,15.75
274784,2.213
79511,21.98
263837,38.4
295368,7.39
139201,11.99
298258,16.77
259175,16.69
191622,18.73
35193,3.97
196743,14.49
216835,22.67
62162,10.42
133270,19.52
176850,15.3
82687,17.94
82968,7.57
228505,12.195
215292,19.2
34994,6.46
255299,7.83
5998,24.19
297942,5.617
39422,27.05
135380,12.88
6765,3.387
249232,50.28
141764,30.66
61989,15.33
254687,15.3
66726,35.6
30060,19.97
33197,3.79
152724,13.52
215500,8.56
135403,12.99
284805,11.23
98805,2.504
232087,4.824
173209,12.94
57919,9.73
194274,10.445
263411,8.04
196137,81.94
70284,26.56
205483,4.434
47007,83.9
222430,20.77
19043,47.2
289889,16.94
296425,6.773
220852,23.66
251685,8.055
108063,8.375
129859,16.31
278560,9.14
41711,16.22
204330,17.66
138400,58.28
189641,7.42
297359,12.64
35125,7.88
177326,15.33
159636,6.715
63911,18.78
75115,6.637
162685,4.48
133339,12.64
123289,25.4
23954,21.14
96384,11.47
215727,26.61
248362,3.875
87657,26.56
133571,16.11
259449,7.81
263036,48.03
182041,12.99
106419,7.93
185096,19.33
45065,7.57
99740,10.07
259187,15.016
62494,28.97
147025,62.34
38190,8.6
182956,6.004
283580,7.656
247873,14.07
107744,5.84
291378,25.2
68526,17.47
269518,1.919
119947,12.17
63144,25.34
273430,74.8
198109,29.75
279009,13.58
188385,13.87
218024,7.93
297021,30.53
221006,84.56
106529,12.15
167181,4.395
250419,27.48
295599,10.07
116100,12.73
32813,35.88
287914,8.34
34528,3.197
231929,5.598
278717,20.12
262085,9.86
167494,4.84
244347,7.258
51241,33.56
230162,6.883
183817,3.705
150568,5.465
156133,5.344
18532,4.043
263897,15.016
257621,5.63
201348,18.39
196595,63.1
273092,4.004
81291,11.914
43797,11.52
279955,9.664
149108,7.242
204281,19.36
202282,18.23
89006,23.1
192776,44.0
97782,15.69
185897,7.117
32739,7.066
278825,8.414
133035,6.805
167142,10.23
249913,34.47
225689,2.549
206925,7.42
21471,12.86
160565,8.32
234188,15.75
199095,29.2
252526,20.5
227111,21.02
281589,23.52
177823,6.82
169010,19.4
151049,26.23
22196,16.19
107998,29.1
258818,15.46
80194,7.258
107997,10.555
254211,6.773
67558,23.56
38891,14.016
270547,12.41
48927,12.75
273626,53.28
197736,10.266
249372,15.11
101160,4.844
254677,8.984
198722,5.355
43912,8.984
164821,20.1
220185,22.9
59875,48.8
132943,20.34
90768,13.47
263127,8.62
215058,6.418
249313,15.36
279224,26.14
85473,136.2
44171,22.25
128397,7.504
210265,8.29
47803,18.73
199528,7.95
185365,18.5
140013,11.49
268610,12.305
171256,11.016
107883,4.74
46400,6.668
146399,73.06
59841,30.6
6651,3.875
96549,10.23
202348,19.17
283117,27.11
138483,7.81
149817,95.2
279701,27.38
109350,4.984
274303,7.39
193790,12.17
52465,21.84
69209,18.02
277543,53.8
107119,7.34
96579,28.8
275788,2.62
95296,6.324
214939,36.75
86510,21.8
21055,17.08
287912,14.61
205802,12.78
197426,6.79
51639,138.4
19702,50.0
141590,12.27
145161,51.0
185809,7.742
199568,18.31
98803,2.607
106991,2.041
291188,5.383
105059,21.62
155190,15.75
288335,13.22
288967,6.477
228692,2.982
65407,7.293
280257,4.1
35406,8.67
13193,4.61
287278,8.62
104704,26.23
91799,2.527
198206,4.523
211555,13.19
92360,54.7
55767,17.05
255011,63.6
107986,12.15
120940,13.9
157174,7.93
12715,17.98
289099,25.05
245557,28.39
99820,6.61
104871,8.32
117464,20.02
25179,13.19
207355,27.22
184913,5.125
151041,27.16
288617,8.55
148030,5.363
61057,2.299
37709,8.21
188401,4.863
169131,5.95
139207,5.297
290902,22.25
185136,8.51
207406,38.56
129341,25.2
40190,3.318
170509,3.809
12088,11.89
69440,4.75
283203,30.72
76019,2.28
53829,14.19
84842,3.633
279307,7.004
213773,31.1
126030,22.25
19222,85.94
188335,4.664
260334,26.19
289036,15.69
252818,13.38
153697,2.305
126687,17.83
201098,12.56
222095,15.75
157452,123.0
820,2.951
220227,10.35
107216,10.29
189392,27.38
290488,12.07
287587,2.096
75844,5.168
193712,8.18
167546,5.996
218640,9.625
107550,5.848
57381,35.44
190088,22.39
136682,2.773
292733,9.65
142469,42.62
110891,22.12
218614,21.5
192051,17.47
13907,20.5
136482,8.055
209430,7.59
53660,22.81
143192,20.6
165322,6.46
102845,49.2
76386,3.215
79557,12.07
255867,4.484
45767,15.88
208545,12.914
294650,10.83
7036,6.73
109138,10.6
270787,10.18
267075,25.61
70559,3.678
61733,74.5
170398,2.848
56015,9.08
263758,25.34
36859,19.25
162043,19.2
90476,3.29
25112,5.27
59047,10.445
189994,18.84
68248,15.17
70121,16.42
12524,7.082
10495,5.03
166361,5.535
273944,9.65
134207,7.59
280736,19.72
34634,17.0
36618,3.156
34245,9.6
262642,14.984
57945,30.3
16898,13.08
138465,11.06
26112,28.22
4936,13.49
213791,28.17
130058,27.16
161816,67.75
57540,19.64
61874,92.25
161216,134.1
288146,12.59
63679,19.2
190806,44.8
269567,15.85
225436,12.54
236685,44.8
231325,25.72
244202,18.92
296458,5.656
182772,22.3
196394,87.94
106217,39.66
272247,6.477
53416,20.05
18263,18.23
85927,4.52
137994,10.76
275898,13.414
69029,12.97
206365,6.402
2742,79.7
3261,6.492
76142,28.34
62099,9.46
70251,67.5
30331,13.984
115033,13.49
171676,20.42
274714,4.285
195109,41.28
163239,38.62
199241,11.64
271180,83.9
211032,6.594
64225,15.14
47086,10.16
15785,6.23
171951,6.91
114730,13.78
52536,15.39
231855,47.0
153921,6.7
240771,24.19
115866,6.254
259775,7.64
56086,24.14
40470,10.51
82107,7.758
229881,9.4
172659,31.98
183187,5.8
204987,39.34
101037,14.37
32663,5.3
90289,6.066
204496,16.69
274040,8.32
40536,16.6
299213,9.484
47346,4.55
44605,5.29
20324,37.56
143267,17.28
84559,20.02
182301,10.83
94653,8.58
57948,33.22
53006,33.84
109336,8.21
51183,17.83
215010,30.53
281,9.44
52399,1.874
227723,9.0
185479,16.97
275238,17.22
32699,17.33
122853,7.504
230080,21.98
45786,11.28
35324,2.975
289393,12.695
287675,7.066
202896,43.56
145021,34.3
291834,13.984
14590,16.8
38919,45.6
73374,18.42
213101,116.9
125375,8.64
213689,10.2
10053,10.875
197438,8.695
275901,6.867
25157,39.56
206233,11.945
39199,18.89
137243,7.18
274200,4.42
73789,9.52
150307,6.23
109597,58.28
268715,11.04
3570,142.9
72789,12.62
53042,14.34
123129,14.58
11823,118.75
130671,13.08
101989,10.05
202227,13.19
93849,3.377
229527,22.3
143117,13.22
74607,13.44
285327,4.94
250628,14.28
240337,10.42
269239,17.69
158043,16.34
241729,7.05
100977,27.48
294129,41.34
71941,65.1
127598,26.72
54725,34.75
18151,62.1
89959,4.098
263202,22.08
133118,5.527
294454,9.81
133078,5.895
242835,18.84
5596,51.5
136232,20.94
214681,4.027
167126,21.89
251405,6.973
285963,11.766
251538,5.953
20438,7.914
135718,9.75
5898,22.58
42520,25.25
168305,16.22
171718,21.98
88579,21.45
42199,7.15
169394,4.32
122633,15.52
37372,76.0
180290,3.96
59118,10.47
23308,1.902
295229,19.17
49693,7.758
176274,6.445
107499,36.8
286800,7.723
123434,7.59
29447,10.97
142426,71.6
113770,9.24
275038,19.4
262854,29.33
14500,13.16
246235,6.492
35755,3.748
291648,18.28
110223,19.08
122677,36.22
105412,19.52
63889,41.03
160639,9.6
266548,9.5
280863,8.07
115204,3.879
134926,162.0
37658,2.2
286065,9.5
49313,12.75
51739,10.67
283113,28.62
243368,13.64
2877,13.24
106054,9.44
224977,20.64
141561,15.42
292859,25.61
15556,23.33
104622,6.195
293756,16.22
271533,14.766
121001,17.0
155090,30.17
12447,11.11
182647,12.305
286622,10.2
21864,12.25
194032,51.1
243587,22.58
274022,32.78
28819,4.41
15702,44.44
130453,20.05
288426,20.3
112064,16.97
139076,2.402
263391,5.133
178224,6.195
240607,14.89
88139,6.668
95581,11.62
199180,19.61
67395,3.836
6666,41.2
174809,9.96
54777,3.826
237279,6.73
171452,8.58
244356,14.7
108227,37.88
8772,6.418
210,4.977
90022,28.39
223560,19.69
134707,24.1
264740,42.62
276943,25.88
97195,5.215
69524,9.65
202264,15.555
232439,8.45
131650,16.14
120792,10.445
225671,19.56
212805,19.48
106033,11.59
214327,25.14
99999,6.22
142232,53.8
146069,53.8
51904,20.67
181037,8.07
210199,21.06
252343,4.598
188668,12.41
284528,5.98
75606,4.664
221527,42.28
130713,14.07
149252,7.133
111587,27.16
293114,2.34
18709,7.035
115949,12.75
276315,7.39
188094,2.545
201289,26.3
132964,22.3
266998,13.16
250829,19.72
288674,7.242
83383,31.92
19430,39.34
265685,51.72
60124,33.16
287379,11.06
185212,10.18
52711,64.06
52357,9.26
156811,106.3
247729,19.48
223911,4.082
75841,5.168
54636,5.793
122955,10.336
135833,10.6
223842,2.895
40623,5.21
231706,20.64
117510,45.34
139586,8.36
235241,16.94
193566,17.55
51063,19.0
169867,30.72
36266,2.467
200698,18.62
167427,14.31
95568,28.92
101035,82.25
69766,30.84
119206,17.33
61839,22.3
45656,12.016
293209,4.617
76192,4.83
193149,16.45
277688,19.56
140763,14.67
264337,14.25
133166,9.28
284880,7.895
216338,5.29
25851,20.12
253822,2.848
279214,7.31
37550,10.97
180600,4.316
157862,3.525
25709,8.14
67250,16.19
87109,7.88
194901,36.16
159182,77.8
26660,37.25
36951,15.42
271581,120.6
105214,11.49
276621,6.79
203409,10.805
55245,36.66
245632,6.094
44501,15.016
26800,17.22
155175,40.7
124837,39.66
107844,7.86
225561,18.1
287892,25.25
256351,3.477
286206,30.97
92207,17.11
136111,14.766
27808,25.92
48494,4.13
15012,19.33
231891,28.75
177553,4.973
100505,10.625
163839,7.64
106278,8.91
29414,9.945
298001,11.4
155236,15.586
249869,12.484
107993,27.83
122462,31.47
112386,14.25
211627,31.53
95019,27.55
205804,10.555
25648,49.0
68021,32.78
144099,72.5
104677,2.49
148264,23.47
174282,13.984
214307,13.64
259176,19.12
179185,13.24
112536,6.383
238219,46.9
282940,10.53
200916,11.57
140851,14.07
48004,22.67
222754,51.4
103203,11.23
3517,66.2
58429,12.88
285932,10.83
289951,7.723
244678,11.87
45000,10.65
44749,4.805
75754,18.05
232917,30.11
128251,8.62
43177,11.016
52517,11.35
292555,32.2
219752,43.47
149295,7.83
269728,7.227
285435,8.51
29824,18.55
160092,25.61
219030,20.64
95753,10.42
231208,16.97
281759,2.24
122375,10.6
283394,7.742
25752,5.484
97697,9.14
217869,2.457
297633,3.938
290426,23.1
261648,20.25
264582,6.402
107778,62.6
248890,22.34
120157,5.35
185177,85.94
93969,9.625
130922,12.67
130314,10.336
216120,26.14
278327,14.05
296423,10.945
148512,55.34
26966,6.715
240893,105.06
131445,15.17
129661,138.4
81670,3.26
232024,7.64
158910,12.23
33338,22.72
60409,25.72
185458,9.32
184303,4.824
214090,44.53
291409,7.082
18447,54.9
147607,8.51
274433,22.39
239467,5.145
14540,11.57
59715,25.4
124441,12.86
274774,5.09
102694,58.72
292116,11.375
290278,18.7
187824,9.06
277147,2.373
109370,36.0
85535,3.664
154238,13.87
263954,10.76
116302,7.57
21078,32.12
22394,20.22
52339,9.75
78103,2.904
239538,22.67
227000,31.16
67459,15.69
254826,5.664
147752,93.3
35496,30.17
220575,23.95
207658,12.99
125696,9.96
128637,84.56
81599,4.69
245811,2.191
248996,22.62
136556,2.576
277079,4.164
157516,139.5
35115,21.23
199559,25.3
129916,11.016
213701,13.44
291309,6.668
246933,20.64
243655,6.195
11643,15.52
176923,7.758
264650,26.19
134766,3.205
48190,11.97
47231,3.574
283894,21.14
71582,2.373
289556,9.4
246318,7.098
93711,25.14
79307,31.92
111160,28.62
9701,11.06
97670,22.53
200948,17.19
86808,5.03
64338,21.02
241685,11.87
262517,7.15
187426,11.59
297958,20.77
137108,30.42
102335,32.3
66974,13.3
203061,17.05
50494,29.39
54277,11.55
97169,2.924
169199,9.336
132020,15.85
194663,14.7
31044,18.31
53730,11.84
103494,9.55
101623,24.6
174744,8.07
25984,24.64
278410,6.58
62836,19.56
186802,4.223
156916,117.8
274889,10.58
100722,15.945
221338,10.16
177484,17.47
110273,22.03
219726,35.22
38460,6.008
103831,10.875
261751,5.047
296211,21.67
140056,24.48
288175,48.4
232693,13.27
282299,14.984
258807,8.83
66819,7.984
121053,18.7
229855,13.78
288103,13.08
46000,3.518
138440,11.13
238449,19.36
166971,21.11
46370,59.2
134576,16.28
172249,14.734
13804,7.984
117487,10.58
88336,13.58
184827,13.73
118550,32.44
3023,14.766
172965,8.36
196950,2.459
157485,135.8
150855,11.33
185369,5.344
297759,6.535
124983,12.33
277956,20.8
159433,8.47
69371,20.25
67674,10.2
200563,1.868
26493,9.3
266578,10.24
251836,18.84
174399,2.309
139395,31.98
196329,53.2
293056,4.863
214188,19.12
14205,12.67
161500,4.65
291150,6.594
200988,3.852
238099,33.44
71119,17.39
123015,9.92
106679,16.28
62983,70.75
184511,9.945
54388,121.06
217005,10.58
184282,6.504
101736,39.03
149677,54.03
296177,16.34
279984,4.07
15805,116.9
227388,28.11
250029,25.97
294303,7.52
209960,6.36
71014,11.52
161578,62.84
165162,7.793
74612,27.72
263343,11.375
151998,19.33
200139,8.71
78178,14.05
201546,11.4
224791,7.64
39466,5.363
207637,13.75
32159,31.53
36826,15.39
128625,9.92
263656,9.52
235945,21.19
145948,51.4
288311,6.715
69018,18.31
223095,18.39
116237,27.27
281250,11.04
216268,17.08
276260,18.39
299066,29.62
274466,10.51
20462,13.555
85688,3.598
241522,20.84
85185,8.086
98318,7.15
136787,32.38
111839,10.2
107224,10.29
57533,20.84
117047,18.78
108780,7.914
177410,10.29
123560,6.895
117012,27.94
207040,6.58
138657,12.695
119461,4.926
158898,11.47
194248,12.09
294747,11.945
287918,7.133
213008,23.42
28730,15.69
279896,24.89
105554,8.14
33244,4.645
130480,14.734
224232,13.75
204863,17.66
225220,5.86
37967,8.055
93800,6.94
40963,16.77
214040,53.5
214383,27.11
191135,6.52
233496,59.44
34532,8.58
140914,17.88
247283,12.23
25251,11.57
13371,12.305
232434,23.14
136356,18.5
99440,109.3
56918,21.72
226159,79.4
53449,10.51
194141,2.756
33669,5.203
176437,4.195
190874,133.1
193438,13.1
183782,24.73
206191,18.89
129520,9.3
292534,15.33
268162,7.39
228714,7.004
240293,6.125
176625,4.26
37731,8.43
281745,2.324
199726,9.0
274643,7.098
1390,36.1
59103,10.375
182742,8.07
82598,8.734
40442,20.6
282586,7.723
36421,6.023
32207,9.46
297476,18.66
158596,25.3
207343,20.42
33111,7.62
225117,33.78
114324,20.3
296579,8.96
215993,5.855
277340,13.93
234553,26.5
20833,54.25
155164,4.996
279983,39.34
225981,17.19
252604,17.14
89921,2.994
293183,21.53
126540,19.28
183685,148.6
127690,9.44
208093,7.793
194270,9.46
121155,14.766
204105,15.46
81603,17.22
235887,22.53
200291,9.24
111872,99.0
196269,61.6
110631,11.84
282869,2.688
32573,6.85
76908,2.49
146359,12.75
243279,27.94
126505,5.754
196327,52.66
128242,5.5
160714,17.61
255478,19.12
42153,53.28
190472,15.266
102510,4.02
218646,4.117
225964,30.36
191632,25.66
287922,23.14
289700,9.984
134039,5.16
276205,7.21
204608,42.97
105037,25.14
208536,13.22
298478,12.484
55643,45.97
57231,59.2
223452,19.28
175591,18.02
238278,20.47
195421,112.8
282791,5.45
129001,17.36
192315,12.62
28560,8.47
135036,3.611
20717,62.6
50949,153.4
131725,12.484
183658,22.53
147526,19.69
53211,17.88
214379,50.28
129742,12.56
65212,23.56
264327,4.06
264143,31.22
187108,4.977
13275,18.97
66746,16.31
187214,30.97
195584,51.72
86002,16.77
80289,11.33
274028,7.355
74914,25.56
28668,52.03
223969,4.234
145112,23.42
261507,4.465
218944,22.44
84606,11.82
10678,6.637
133836,53.5
252696,17.22
27659,11.84
122956,10.13
191680,17.47
213644,26.14
228645,15.69
37616,14.13
294377,5.88
127392,8.195
31068,11.55
10590,2.31
123227,8.92
146541,101.4
48040,3.06
58991,17.5
253787,16.72
250009,14.95
266850,11.04
124371,12.15
242219,22.16
120789,8.11
64180,35.16
156141,8.29
69698,2.879
163812,5.887
252666,6.58
227873,12.35
261364,12.695
221241,84.56
271341,14.43
274103,31.4
55451,11.87
80167,12.41
229495,15.46
228355,9.5
143519,57.12
232888,51.1
297168,4.203
185687,7.793
19899,63.1
246359,6.652
252,6.125
107572,10.72
93629,14.92
172752,5.402
51891,30.47
111235,28.28
68969,9.3
270323,5.727
10316,30.42
75457,11.35
189688,5.3
123623,18.42
63050,11.16
140059,2.584
296342,11.305
105592,33.03
144152,61.6
146963,28.86
103105,2.168
169825,8.14
251847,30.66
146940,51.4
17838,2.701
127689,7.59
244899,15.266
84621,2.463
236653,15.11
120597,42.53
189804,20.1
289698,5.754
46176,1.991
119491,12.914
128477,97.9
64153,19.48
143885,79.06
52217,2.887
37975,5.8
24141,22.08
243667,13.13
242396,14.67
139212,10.65
94859,32.44
88705,10.03
224964,9.6
10027,21.31
226648,6.684
287948,13.02
125379,19.33
110845,87.94
113832,21.84
57759,20.77
84367,17.61
270444,10.74
78573,9.336
111661,21.98
99697,41.78
292792,16.45
207756,27.83
82668,21.67
98514,19.89
90282,6.273
105162,9.1
41514,4.293
184981,4.426
58288,19.17
78042,10.2
142243,14.89
278873,3.879
27403,15.78
272260,10.266
121156,13.13
267512,6.07
258633,8.84
45067,16.14
252104,10.9
248388,32.5
179606,5.54
102490,7.02
249032,43.03
76627,44.88
211433,18.73
111050,37.12
95988,11.695
199144,10.695
227675,21.53
22660,15.81
284563,1.656
207380,3.99
172092,3.443
239529,7.195
56890,10.4
286827,5.953
174554,17.72
131489,10.625
272087,9.69
222902,43.56
60427,7.95
205321,23.0
188696,4.594
77760,5.97
159999,14.984
98539,14.46
71909,18.62
76382,2.36
86304,17.55
39609,15.586
142569,55.56
287057,6.99
123203,13.695
87811,8.25
233535,21.8
157238,146.2
155704,10.97
121477,22.86
195097,20.22
99384,75.7
94943,4.46
240005,10.24
37889,7.793
136342,5.63
36127,5.94
264099,13.33
28152,2.463
61021,10.99
47033,12.195
14124,10.6
52935,12.38
80562,22.53
201535,31.28
144376,84.56
273418,24.34
123072,12.88
269235,4.727
251168,9.1
74916,19.72
199522,9.14
245468,6.418
291286,5.234
60750,22.48
21103,83.56
154982,19.72
183433,141.1
293264,4.16
107551,10.2
46293,12.43
168267,8.695
152737,9.16
221901,13.78
165872,7.066
172767,3.021
20789,42.03
156709,129.0
87685,2.191
242304,19.77
54005,68.56
48679,4.316
160806,5.258
99661,42.1
196809,23.42
52366,45.97
164254,1.942
216201,4.246
168281,20.22
74978,35.8
25871,16.83
127013,11.11
92533,33.1
73325,15.98
199921,4.47
65529,20.3
221169,5.734
160520,18.97
278127,10.2
154857,15.78
225078,5.465
19812,25.88
25769,31.22
129264,28.28
82365,7.18
187299,10.266
84549,8.62
106432,15.33
296164,17.19
198927,2.383
111553,71.3
32098,24.48
170636,9.42
170766,38.25
146970,56.0
33889,7.914
34509,6.086
52929,122.06
247348,21.94
223500,10.875
159311,12.23
57500,6.195
116330,7.773
168908,6.402
243252,25.45
274964,9.9
262144,4.7
134234,1.805
286371,9.02
80385,11.52
87350,7.57
64976,13.78
39500,5.01
167376,14.34
150157,7.133
67054,7.293
215984,15.62
230262,8.91
107453,13.13
205522,20.12
177634,10.42
68485,15.11
63701,2.705
126627,11.84
10871,2.047
62172,8.67
187119,17.36
12555,38.47
259870,44.88
141912,18.97
270519,9.484
156127,8.79
178132,11.59
120089,11.33
802,21.36
161498,5.566
127601,14.83
17868,14.92
114901,5.996
177376,9.945
281820,7.93
68656,23.0
162137,10.24
253228,8.77
62720,20.89
292460,20.5
216931,8.91
111272,12.05
260040,5.15
162869,8.88
185394,28.92
144971,37.72
105512,102.2
44728,7.504
227701,30.53
90092,6.58
41733,14.52
140625,16.28
200953,9.16
58638,20.5
10569,7.83
90942,7.742
131385,4.387
108373,8.32
223299,43.66
266363,10.07
274167,15.266
245364,28.75
36192,12.64
162840,23.47
80136,6.926
27670,2.084
205640,44.25
104404,11.664
92009,18.23
242976,14.164
232173,15.39
106819,27.44
234145,3.105
58715,31.1
223988,7.258
186162,27.11
107723,11.64
231231,7.438
167677,15.11
99995,17.25
116902,18.1
243150,12.17
18101,80.94
2456,55.12
125444,23.38
241447,4.234
138350,3.842
179957,5.07
61455,20.55
137963,16.9
215994,4.984
32396,5.8
188765,9.38
51757,14.22
253262,4.27
68063,12.62
23776,4.164
217905,27.33
192472,11.445
122500,10.6
217373,10.12
155907,22.81
81737,8.016
191951,6.05
175127,45.97
218708,16.77
75003,6.375
44295,8.414
102274,39.5
43996,13.3
130770,34.88
109511,14.28
270698,9.69
92175,23.33
60525,12.59
292559,3.951
247749,19.05
36391,28.34
92429,26.45
215896,16.14
174640,4.004
288665,9.1
10034,18.84
92938,14.22
1868,16.31
129713,13.95
220503,7.34
132985,4.805
281749,2.176
280338,9.8
245866,23.28
293392,47.56
204524,44.97
46266,56.9
105000,24.0
214074,21.94
45126,7.88
59180,65.9
148309,2.463
140191,4.406
238238,9.26
127364,4.32
255932,2.715
173891,9.945
240691,79.4
26954,40.28
246157,13.9
26850,12.78
5150,54.03
79838,2.76
40263,19.44
49300,5.418
5933,6.504
121274,6.14
192781,40.53
27831,3.71
249413,16.45
163182,12.484
285244,8.43
212097,11.2
235879,11.06
282186,5.145
75980,9.73
146333,9.28
183822,3.174
230552,20.84
245126,11.99
142427,52.97
39964,9.77
105645,30.66
32511,13.44
54505,18.81
104000,9.484
6405,26.89
267636,6.94
290425,9.22
206310,19.84
48363,9.586
242935,35.03
261600,37.62
143013,3.293
262437,19.2
223706,14.19
267730,17.9
48291,8.6
189170,13.24
275577,7.273
108662,10.35
55525,6.61
226410,15.88
99791,3.137
195475,84.56
244833,9.24
131354,12.195
83700,20.3
104632,1.88
98512,6.316
114492,3.553
279820,18.89
231247,24.55
123806,6.035
251620,8.84
77405,5.09
171554,7.18
99164,2.883
203825,14.555
132166,20.72
181500,4.438
296335,8.47
248277,13.05
207807,5.57
138141,8.086
5787,25.88
197992,10.83
202051,19.48
298394,28.92
290782,7.098
6685,12.43
201300,10.31
185073,16.05
94448,14.22
226483,7.406
22976,9.18
87526,18.97
134026,11.97
54625,10.35
33530,4.254
109753,41.84
117577,7.164
286560,8.62
18770,85.56
78129,3.398
275122,12.73
158232,11.23
203498,24.8
146704,56.44
79320,1.962
119919,3.54
66228,15.85
262658,8.77
33888,7.195
26073,6.12
66465,27.05
34322,127.44
206241,3.908
61911,21.14
219038,23.52
38780,7.02
255897,13.73
25425,4.0
48371,10.31
117879,13.02
42184,10.42
265152,6.008
84349,33.22
229794,53.38
259009,13.75
158195,7.15
113703,28.22
289347,16.25
246211,11.74
150350,10.29
181052,7.773
113876,29.81
176367,30.47
43378,11.26
113530,40.28
214647,13.33
239260,5.355
230754,71.3
225143,36.97
124252,23.47
205199,45.97
79471,4.39
178206,7.195
60991,11.97
60088,9.945
163078,23.52
3229,14.43
296529,11.49
126348,7.39
79741,10.76
182129,37.72
228762,26.4
159928,13.695
12296,13.05
142468,70.2
48712,48.03
209086,11.016
80466,15.2
151304,29.92
200686,25.66
102815,33.1
25190,7.227
99598,14.984
64219,10.35
231057,12.94
78959,17.05
160140,6.82
189190,16.72
183611,11.82
298810,23.84
222103,23.9
161453,9.92
54649,5.645
270281,8.34
223971,15.016
61091,54.47
75201,16.11
225274,23.9
287376,3.578
266117,28.45
151347,34.66
282170,9.24
15492,11.64
180844,29.16
36268,10.85
226915,34.47
144194,24.48
87322,7.723
118707,42.28
72529,23.05
245185,10.9
234879,15.49
134548,11.914
227027,9.945
99788,17.77
12368,15.85
139026,31.67
256885,1.974
195795,53.38
198363,11.2
229719,13.9
128580,23.84
63490,45.6
135853,4.605
77112,10.76
70653,25.14
215115,9.96
150977,5.215
21473,11.4
286239,27.22
160332,4.58
126222,12.25
23746,11.74
267941,13.64
194015,27.16
115396,39.1
252766,16.11
171685,4.85
221074,11.23
24412,6.58
239972,80.6
89971,4.88
178172,120.6
67559,41.6
206602,18.1
95279,8.016
213984,41.84
225577,10.945
273099,22.48
230670,15.914
52115,27.48
40231,6.82
283863,11.33
90107,2.736
59074,26.34
164343,11.52
227738,12.016
287262,4.617
282067,6.043
7552,25.92
223207,4.25
33124,2.16
67232,21.98
209042,25.97
160327,32.78
137740,4.266
217398,21.98
122943,10.78
263281,19.52
203364,13.664
185232,54.25
145626,23.9
71416,3.084
242429,19.61
281835,8.45
230520,17.22
73253,2.535
127420,14.43
118034,120.1
293540,5.33
255479,6.637
21574,5.867
101933,12.805
120509,20.02
162324,26.03
31945,11.4
264488,10.47
229442,5.754
118680,15.78
40758,8.305
104025,13.05
275100,17.69
253303,46.44
5885,16.38
62685,27.38
72037,11.04
187746,10.92
243063,10.336
155290,21.23
48743,16.22
139735,20.1
79054,5.215
69013,21.02
297249,6.34
13280,10.07
54134,42.1
185877,6.434
54732,35.44
103374,16.9
270313,13.49
89716,18.89
291234,8.04
273549,14.22
74161,22.48
262397,6.79
7205,115.94
288002,22.67
175976,16.14
80471,7.742
177578,3.518
163676,7.473
149797,7.098
259887,30.05
153880,10.875
205946,30.6
192628,14.89
80390,5.812
7039,22.72
138824,16.6
58225,28.92
13940,6.562
154490,8.29
72921,6.973
229916,2.305
134591,22.03
261088,8.195
235171,114.56
245638,23.8
237564,15.555
89028,23.61
137532,3.5
71394,23.9
228846,14.8
117708,18.36
49236,12.97
64744,18.66
142984,78.44
112289,15.586
757,16.28
49371,8.77
248154,13.22
129830,11.695
15292,7.914
181872,5.734
251761,6.504
255241,1.68
257420,12.23
282789,9.75
139083,21.02
282889,3.725
63129,8.086
43831,5.773
65530,19.89
295974,13.35
220977,7.773
27483,8.58
231967,12.51
258714,19.05
107920,23.75
286003,30.11
292746,9.336
120850,2.387
123749,29.75
227293,13.95
160721,29.33
38189,9.3
215576,30.05
269248,45.34
292557,45.7
29576,17.36
77522,5.34
290664,8.77
24468,15.234
40412,2.602
142727,70.5
207086,19.56
186379,10.74
157476,122.5
123149,12.41
158355,5.086
127485,25.81
148289,121.56
146926,101.4
124319,17.33
293323,17.55
226869,4.754
225339,33.3
52208,5.266
156062,40.78
7868,23.84
275825,2.793
243827,10.49
53579,6.086
283939,17.08
57868,51.72
185906,26.45
278822,10.805
235625,11.52
249242,27.94
74527,56.22
31552,7.473
260449,8.11
277328,4.5
67466,21.53
6694,29.5
159973,10.42
272003,8.234
257480,14.58
15004,13.9
284300,4.21
250129,13.13
156238,4.605
156126,9.16
192856,14.83
146972,24.1
221602,12.695
127114,3.43
214339,13.19
118118,18.5
110699,25.25
104685,12.695
278581,5.29
129532,101.0
55,9.26
152887,8.805
152382,19.28
277782,1.95
72670,21.23
194862,7.914
65077,21.28
159007,18.78
125935,2.58
291490,6.418
33822,28.39
57349,13.08
211575,11.52
49856,21.84
207499,46.72
61085,38.94
72461,19.08
14536,18.7
25263,15.555
88808,3.14
114807,27.22
38254,9.195
288711,10.24
73140,24.69
205635,12.86
216515,24.23
51440,45.53
131227,24.39
184232,6.805
163761,15.65
201822,27.72
70257,14.61
281198,25.72
295407,19.17
235177,53.38
86820,2.16
174118,10.49
65670,10.24
82773,6.61
151038,4.547
205525,7.93
293744,15.65
108902,15.33
10548,6.94
207689,22.95
287680,11.59
91442,7.707
193952,20.05
221742,29.62
191253,7.082
277565,14.67
180291,155.1
263457,24.94
140886,24.89
272634,8.414
268104,4.664
203360,46.34
2180,37.62
172098,6.52
191273,6.266
139228,24.73
239825,37.25
182152,8.34
207551,27.44
31801,1.719
159884,17.22
37676,7.59
12582,12.07
175311,7.57
193638,17.33
208986,25.77
127131,7.965
42527,3.865
136045,10.945
297821,24.55
169291,64.4
137657,22.9
188959,27.77
296286,7.453
127072,31.1
133799,5.008
96340,15.3
41680,9.02
263905,17.36
52207,17.33
97151,4.633
261158,2.15
185281,13.19
199481,16.83
292527,21.28
133821,18.2
142419,54.7
72562,15.234
120581,19.17
53440,17.08
197755,22.34
86638,6.836
30512,4.887
123003,10.16
8842,25.77
60125,28.92
2961,7.965
116456,10.53
111338,10.67
166064,6.504
69355,7.773
284045,15.52
274322,20.42
59688,23.56
280416,21.72
187383,11.74
297953,2.35
134716,9.336
71518,7.39
264608,11.06
101325,8.56
45486,17.05
204186,20.34
276447,4.824
242299,7.86
53869,18.66
88398,16.62
38308,37.25
18473,14.43
22951,14.164
73316,16.34
150587,5.438
268310,9.38
281763,2.37
179626,8.14
154159,12.88
157150,146.9
34265,34.6
211110,32.78
57453,12.64
221287,12.695
131547,16.52
51391,38.78
221106,14.34
125796,54.7
214952,19.72
187924,20.02
291858,11.766
85060,7.52
259781,26.89
43809,19.77
284303,4.38
96322,33.22
55506,14.61
235279,131.5
133267,16.66
139423,11.445
21839,12.94
28645,12.59
140768,12.73
226771,9.945
71128,14.34
194849,11.445
123512,8.266
96641,2.203
25159,8.484
50526,17.69
199365,4.617
29568,12.51
31960,22.12
266761,37.12
202022,9.195
96854,9.86
224095,14.05
285046,1.716
176592,11.695
162846,9.18
228626,35.22
183060,20.94
166505,40.28
108938,10.555
158948,6.895
19704,16.9
21090,85.56
298403,9.92
78837,15.75
58612,27.0
192536,4.44
135368,13.3
284239,24.64
99110,36.66
70834,8.71
238805,27.66
298076,8.305
84447,12.33
223838,14.37
184841,26.4
290233,28.17
183876,4.71
80079,4.277
199561,7.605
252203,14.05
9708,15.08
239134,6.625
34477,12.88
44911,5.96
177309,17.44
247740,10.31
20991,59.66
178682,5.15
279546,24.73
290923,53.38
170633,11.2
236690,7.406
181388,11.914
83936,104.6
83284,2.111
294636,2.947
249659,5.793
155594,4.89
121420,19.8
7189,17.8
198086,39.2
143178,39.34
5408,56.44
103022,32.7
249875,11.016
55091,15.75
143856,24.0
290082,9.96
255348,3.193
259193,40.88
284402,6.883
24008,5.215
120217,8.6
168607,15.36
140944,13.02
86415,3.477
6955,24.89
119365,65.1
88611,12.07
192199,6.332
71127,11.52
25970,19.77
277346,15.75
30379,55.78
264689,11.47
142618,25.25
158993,12.38
90852,11.04
156682,18.81
182696,6.867
165023,10.445
169409,4.88
214360,10.97
233580,26.45
151722,19.92
289302,7.758
92200,5.953
182392,12.46
293354,7.02
288940,8.43
173255,16.9
281840,13.555
133835,8.055
160916,53.8
128136,15.49
284876,32.3
269216,10.9
449,42.1
100411,5.914
48172,10.266
195836,93.3
47264,2.62
182398,25.66
281812,2.285
73761,17.19
101890,28.52
28905,15.88
165551,5.33
174302,31.16
122508,10.51
200320,14.58
55580,13.984
116853,20.77
24282,27.77
59120,10.375
57320,22.95
244496,21.89
178618,18.97
29162,17.36
242215,27.22
79923,9.06
195815,81.94
5026,18.81
85260,63.1
12624,7.34
265068,16.86
215270,23.75
56262,26.19
58250,10.4
294863,2.553
276396,4.777
81383,2.146
267369,10.6
48818,7.62
292317,7.227
36953,9.8
159229,5.227
85367,13.24
164363,2.959
4354,39.9
140130,36.75
289404,11.016
100646,57.56
116757,23.61
22358,41.2
119520,22.77
84916,10.85
218197,5.79
1556,24.19
80421,9.16
141505,58.03
50525,18.97
151864,4.547
76414,3.885
108230,7.05
298470,25.92
219713,15.46
80455,11.59
20558,5.35
258335,7.64
49453,5.332
297552,9.73
240779,30.23
195255,52.97
258601,5.684
185720,17.83
26344,23.42
121728,17.14
26142,11.16
119267,75.7
224878,10.42
157056,148.0
274306,70.5
293210,28.8
187503,9.14
123864,28.75
33736,7.742
206059,7.42
124405,5.996
86912,11.57
153728,2.875
210990,9.75
174662,7.555
294759,6.73
45744,21.5
177340,8.16
190894,22.39
207217,38.78
203710,11.99
34104,13.95
235326,30.23
97142,2.697
63361,10.16
131178,12.805
194698,13.984
247752,13.13
298283,12.25
169195,3.281
183347,3.53
76589,4.348
240380,6.82
53031,30.9
198891,8.305
280003,5.45
45994,4.0
168956,3.715
184925,22.58
30551,26.03
131722,15.88
95281,6.24
49581,10.99
74940,21.8
149549,57.8
90719,14.52
218275,32.5
242793,8.4
153314,5.234
186726,22.44
66795,26.14
123314,13.87
159355,4.02
4707,49.78
253996,25.0
110567,29.45
130172,18.7
56911,11.82
79988,8.55
103193,30.23
207599,31.34
192335,48.22
157107,86.25
280311,15.52
134549,5.773
21653,15.2
112038,17.98
143834,35.66
249948,4.78
109895,5.203
289851,14.89
70156,51.2
277296,11.4
153224,4.73
51805,41.84
58267,14.28
256753,12.17
73608,15.52
137295,11.82
2386,36.66
177741,28.39
287436,10.51
66415,10.65
260276,11.57
113588,5.3
258926,3.092
227661,12.07
231869,26.67
123281,15.33
181209,14.1
83194,16.08
102236,16.48
273106,73.94
115870,15.39
2851,24.48
64846,35.16
217537,14.555
125317,16.52
158894,37.12
59002,51.2
294572,10.23
261260,14.95
247308,35.38
81341,2.295
53626,23.7
106115,9.81
151244,22.2
35504,27.94
212102,55.34
186752,17.36
225719,34.8
293206,22.08
59015,9.28
234240,17.44
147101,12.59
284911,8.36
131909,4.664
135125,13.64
31059,11.016
64112,7.37
248204,25.45
198997,22.08
18461,59.2
244726,8.984
235857,48.72
179667,29.5
107854,14.61
32453,14.34
176178,4.51
58760,26.89
59971,9.22
78576,7.15
91903,28.62
273823,10.35
122396,21.58
32903,16.94
252848,6.098
89072,5.29
85023,19.84
60387,17.0
97965,17.98
298474,14.61
202566,41.34
225477,10.67
241088,93.7
61307,40.38
126266,9.26
41046,12.41
150806,39.72
230109,6.383
62680,29.45
193994,7.656
299296,13.44
52164,21.94
82232,9.69
74833,11.305
171221,6.324
155230,32.3
132467,16.08
135916,6.895
73216,11.72
161916,153.9
58763,7.64
211843,58.5
189124,10.01
12373,16.11
233875,13.3
66589,27.89
282649,25.81
61248,13.75
294706,25.72
251846,11.35
263284,3.166
115579,8.4
206978,20.3
78536,20.02
115344,3.473
214808,13.95
145775,101.8
41967,8.34
112505,54.25
248747,2.531
11605,11.26
170561,4.266
146753,42.97
281715,2.715
68762,11.42
193236,21.94
152881,9.0
166289,5.47
251121,6.266
82223,7.95
272237,21.19
252382,29.1
11188,17.66
203704,13.73
294130,35.5
298187,5.37
226866,44.97
233750,14.67
268359,5.285
58246,5.82
198468,16.31
123543,22.34
156967,114.56
185315,8.91
160183,8.83
76711,2.012
177411,4.44
154063,6.195
118207,5.676
88799,3.756
124132,12.83
138438,15.33
122690,9.69
287345,6.504
853,40.47
46720,2.576
34372,3.23
204629,9.75
41330,8.29
56643,10.51
55431,18.5
157511,154.5
163625,3.053
298291,2.646
290805,8.75
66756,12.195
262984,2.64
153299,33.56
193802,18.62
65167,13.19
66096,8.91
41744,7.688
262557,23.8
57086,5.625
256846,12.15
167006,89.0
12293,13.695
117157,13.13
285109,32.7
48463,10.945
90596,56.66
46826,10.445
211486,15.234
160326,6.504
200333,12.07
196157,58.03
291070,10.85
225412,12.88
233512,21.36
214498,14.984
101830,5.234
188708,4.996
174303,23.95
292695,14.49
2378,64.4
277008,18.62
111879,10.375
125221,4.32
230654,14.1
68713,32.78
254612,9.86
258770,17.77
245908,13.984
196304,109.3
237063,5.79
206825,16.55
99335,8.34
143283,22.12
39366,6.82
118271,26.23
284000,17.47
238865,18.58
32914,26.56
25777,6.742
91794,9.8
259877,49.5
176281,26.56
161098,47.47
196962,15.65
263569,28.86
23099,4.91
220088,4.477
269391,11.89
150577,21.89
82907,4.535
214593,8.984
95399,7.273
260109,7.95
15399,26.94
250467,44.44
166149,143.4
183932,4.812
135939,6.023
127915,15.36
120778,11.13
226752,82.9
154834,8.88
122004,2.602
143201,25.77
223750,23.28
282110,6.684
115963,15.266
278582,6.39
114332,19.84
151355,24.94
219209,8.64
53572,51.3
61229,11.23
178426,10.42
232901,30.97
88289,2.484
42264,16.62
267891,7.742
1121,10.375
27017,3.281
113403,45.88
290862,10.625
81905,7.05
90938,8.055
83462,7.355
74322,16.69
77168,4.125
41279,6.684
87118,4.832
153434,14.4
265821,4.453
32710,9.9
83434,13.555
49515,12.51
149601,72.5
219423,4.24
102163,8.47
144154,10.9
268058,12.09
112545,14.28
22209,16.6
165786,10.23
125671,20.47
68929,18.39
235515,19.08
13809,39.1
223399,17.25
94013,15.234
225886,20.55
140387,11.2
4496,87.6
267125,23.95
250193,19.25
74113,10.42
24651,7.195
93983,19.84
228455,13.75
236027,13.95
251334,27.72
184819,9.36
99502,16.83
17831,11.305
291433,14.734
133889,9.75
164056,2.672
280828,24.0
216914,16.9
234015,47.56
7545,23.52
19304,62.84
129950,4.07
241686,23.14
91511,5.92
51650,6.29
157592,101.8
232698,18.84
70480,12.12
244402,12.05
149124,15.016
239878,13.73
172576,11.26
118848,20.72
148718,47.94
195523,69.94
73651,16.25
139377,36.3
31242,2.43
131326,22.2
129309,4.633
268811,8.16
65920,19.05
298967,9.875
44542,8.51
626,28.34
25892,5.234
129372,14.64
140099,17.05
146329,14.766
152868,11.26
183446,4.5
291478,12.75
146461,29.5
58940,21.28
274148,3.742
241441,2.156
17052,10.05
194063,3.72
191946,8.52
66147,14.1
31254,9.836
33029,4.93
144114,52.03
39008,13.555
61460,10.23
153607,9.38
43365,8.11
187349,10.74
207155,11.74
2313,66.7
28843,13.24
4836,16.45
85137,8.52
163594,72.5
12872,3.105
210152,10.18
240156,14.1
84837,7.707
44325,4.047
73797,9.8
170440,7.164
224627,9.26
128209,1.8125
144912,57.12
115858,3.908
237142,14.46
266000,19.36
247953,7.21
112944,38.3
14058,2.701
1161,5.12
127910,12.305
96941,15.36
13824,4.69
214227,30.05
149842,33.03
46328,8.375
229302,27.72
207464,6.168
31783,8.016
41401,25.45
152780,19.8
293095,44.72
263807,9.18
198940,30.72
62947,15.2
148301,24.14
243377,14.37
149948,11.62
171631,4.887
64759,17.19
99672,19.44
231732,103.0
44871,9.6
172796,4.637
48011,10.42
266128,12.35
49547,10.875
138376,60.62
53390,34.03
2732,16.97
106853,21.77
11881,11.99
90069,4.742
51219,29.2
75743,24.19
289612,11.16
280594,13.33
180692,18.62
14181,20.6
166643,17.14
117866,6.58
284438,6.957
78329,5.258
138017,3.39
249118,16.42
73331,8.79
98923,11.87
254370,9.04
152562,24.23
243645,5.383
170318,21.31
12265,36.66
214258,3.65
271410,20.25
142996,14.7
37479,13.47
133847,9.984
3274,6.99
68775,20.84
154069,10.65
163548,4.59
15550,17.83
37683,5.86
217044,2.557
9981,18.17
24960,6.21
45242,7.605
248266,13.47
219757,12.27
109405,23.95
170910,5.113
242816,18.92
220051,12.62
147479,14.52
106028,7.88
187193,5.79
122203,18.23
296119,24.39
187762,2.328
54500,11.11
279002,37.4
206539,12.88
163542,17.77
128207,10.53
207043,4.387
134487,20.3
121674,16.55
45973,22.9
42079,12.016
170382,8.6
48879,5.703
18249,25.56
77246,7.95
201048,6.19
136782,5.832
131399,9.3
278172,7.258
58111,7.133
138015,6.125
29596,6.836
69824,18.78
167448,12.17
159080,13.9
51873,4.535
140052,18.1
280365,17.47
133310,11.695
268347,10.72
119448,13.81
31058,4.285
199025,6.73
264910,20.84
278199,7.164
136321,6.477
238146,12.88
38620,10.42
248916,7.95
79140,29.5
257987,14.28
79115,31.34
197381,26.08
142610,79.7
71389,45.53
138173,2.12
204539,22.95
105170,32.97
67926,11.99
7125,13.49
299170,13.52
199925,6.23
183528,6.434
29432,7.57
278217,9.28
252447,7.05
182029,5.86
154908,4.625
78831,5.895
108388,17.11
76409,25.0
232435,9.484
160511,11.11
186386,8.71
232171,19.25
112585,11.2
215424,10.53
109371,24.3
38864,21.45
155495,6.266
188330,8.64
182499,11.59
74698,8.83
103622,20.47
17694,28.28
176618,27.55
7934,15.36
40418,99.8
11069,9.4
37104,7.914
129141,29.75
197766,139.5
31984,28.92
61245,31.16
144841,15.81
49898,10.05
253696,7.93
143845,43.12
236410,10.13
252256,3.646
213197,13.836
109010,12.88
202151,14.89
261237,12.38
47267,6.094
265352,7.793
85714,6.594
199327,13.555
291268,5.363
168649,8.83
288460,8.62
228638,28.86
198648,18.31
67964,27.61
102598,27.66
173446,19.12
124694,10.74
150142,5.47
207290,29.2
23175,26.67
44031,6.035
70435,16.62
96276,4.625
148230,27.27
278764,13.664
76591,32.25
115604,2.273
269944,20.89
96919,7.59
213628,15.46
133852,14.05
219604,1.8545
134690,29.5
40844,15.17
128635,70.75
298184,6.46
271274,11.49
160606,12.51
46102,22.62
118867,29.39
25836,9.28
247097,69.94
17510,36.44
151625,31.03
105449,3.846
241845,3.076
237455,5.656
288666,8.88
19696,67.75
124738,10.49
10684,11.42
288694,3.105
156043,4.406
207735,16.45
235930,14.07
65299,27.61
100014,9.38
18660,10.6
142260,51.72
7165,75.1
69908,33.1
52173,23.14
192980,18.81
196184,61.84
151154,4.69
209378,28.97
288361,10.24
44817,19.8
213287,17.0
197870,30.3
230920,15.88
72216,5.02
107321,18.62
236780,9.14
148507,51.6
241082,74.2
202226,13.08
272674,10.445
291584,8.64
67798,20.22
253622,11.445
468,7.64
154787,37.94
131894,23.0
182049,7.707
187546,14.43
83859,4.15
154819,2.357
280390,20.05
87518,4.75
147617,4.66
81375,11.89
164452,10.805
36332,4.84
245606,16.28
247338,4.2
109884,11.11
2311,52.84
126944,36.1
41586,6.562
102393,6.94
64081,47.47
17644,9.46
46394,2.447
86024,17.9
191203,6.06
5925,25.4
262902,56.9
296584,11.59
48532,12.33
69200,25.1
18061,60.62
181223,17.69
248722,6.926
10203,11.82
217608,9.664
207966,2.979
145583,52.34
290953,5.34
45001,10.336
202326,22.77
230712,6.016
156337,7.473
153563,8.21
236505,7.004
105418,4.99
103369,11.375
241552,15.75
52687,38.3
147668,15.914
215146,25.77
208442,12.67
159631,6.492
251462,38.4
69090,9.6
145358,40.53
109450,11.305
241306,11.33
33147,16.02
265189,22.25
223685,10.49
152034,21.89
238144,17.66
178947,12.88
166016,20.47
263452,21.67
285270,4.18
264214,8.07
288098,2.084
190222,7.39
294766,4.26
41112,6.7
214045,74.8
44952,10.85
65719,31.28
227543,21.28
147426,55.34
124829,56.44
57072,23.95
172504,31.22
106761,4.777
28029,11.74
50286,7.62
68767,25.56
40165,4.91
116453,17.58
239129,11.086
167760,18.1
174214,13.984
259734,8.64
21325,11.35
263109,135.2
143525,25.92
124095,19.28
89239,37.03
59442,4.117
35933,8.75
11001,17.47
147457,4.496
266234,2.078
9007,17.98
8148,17.33
142962,27.27
119550,21.31
289005,16.22
119339,6.625
153317,22.9
43984,8.36
147348,128.5
48445,8.6
224643,7.34
215063,23.1
254711,18.28
84268,8.4
24633,10.4
284677,3.951
256362,8.32
102959,11.82
2970,17.0
190277,24.8
162124,8.52
41210,21.94
21105,69.94
22939,6.375
93060,7.42
103671,4.184
30538,13.47
286124,3.955
139644,45.97
865,16.48
138629,3.045
22192,15.14
122974,12.62
33511,11.13
292267,14.61
174701,17.66
269699,8.96
258050,12.15
273325,6.14
129631,54.03
19214,53.38
131063,3.17
280713,6.34
290076,8.195
42792,14.164
126975,24.48
182737,10.58
142457,40.78
118039,59.2
33342,12.914
279030,11.695
150802,7.914
294133,35.8
296133,19.8
211467,11.52
37477,26.72
242441,14.22
235644,6.883
69804,3.336
2645,25.3
105272,6.19
190002,8.83
48910,3.748
86259,4.004
124119,12.07
275344,11.97
179020,20.3
272249,80.94
158722,5.81
234045,8.67
238757,12.38
87891,1.81
156288,27.27
38960,13.58
293061,8.25
271446,12.914
154262,5.32
32082,9.8
128753,8.55
73424,21.98
128348,107.56
239794,16.05
292476,20.5
80325,10.42
140511,8.47
133500,12.016
77328,11.28
288346,11.35
107013,9.836
41013,13.19
225246,8.56
173855,4.18
189820,12.46
54074,11.13
172161,12.73
220381,17.5
165670,4.676
286374,6.82
126765,1.835
124337,12.83
144850,6.637
191518,14.67
115490,9.42
258254,15.72
92086,7.117
230264,49.7
55004,12.88
30782,4.125
298951,34.3
67422,11.28
288523,8.36
183604,9.22
246966,17.72
264587,7.895
245057,12.33
65621,15.65
53611,21.14
99642,29.1
176180,27.22
25374,16.52
144373,43.47
37178,3.785
201256,16.69
207408,43.3
230522,21.14
70871,5.953
102438,39.25
30998,117.3
4950,13.95
89273,29.27
19322,28.0
289365,7.793
290478,9.26
60406,20.1
192215,7.504
80936,6.895
40679,17.25
271724,41.84
183452,2.518
133359,63.1
216097,2.867
75165,14.016
270963,15.266
236874,10.76
187668,12.43
163184,21.45
98883,8.18
18189,57.8
7393,15.98
155870,6.504
248068,5.21
85532,7.57
132538,5.414
148788,24.23
1751,61.12
48491,16.55
219664,18.05
191726,4.594
270869,64.9
24943,14.46
274090,6.52
115638,6.625
52024,13.1
15455,22.12
19243,22.58
185937,8.4
173579,11.445
20842,47.66
273551,18.31
160086,2.324
89224,11.695
148290,80.6
97688,14.984
232241,4.633
95332,3.799
5118,102.6
43398,13.64
189800,14.766
145073,68.0
80702,15.234
163949,21.11
30165,3.633
126462,11.23
94629,12.35
189918,136.2
55357,7.453
69514,18.78
236345,47.66
221623,18.36
74108,8.58
147629,9.55
229148,44.25
206554,10.695
192237,10.53
27157,8.086
173323,18.62
33692,2.83
290257,25.14
68371,12.83
292870,11.375
104326,7.59
289874,9.14
75380,10.13
191556,14.4
29517,12.12
66593,12.15
200195,5.043
106778,39.72
148730,39.25
42421,7.742
162945,5.06
154287,4.887
137753,2.33
122998,17.25
244827,18.12
274195,14.25
178030,11.445
157279,91.5
125168,8.984
168360,6.094
203973,22.44
113521,8.75
184916,15.945
90959,4.277
189005,8.87
83040,6.12
87529,9.28
115785,3.951
121463,33.16
26508,9.02
273854,10.29
164426,10.85
148168,8.414
151603,8.51
42150,12.99
280204,7.18
221331,4.645
91589,7.895
265490,5.855
87166,3.29
215731,22.03
106405,18.58
100306,2.975
111444,6.58
122619,18.12
198413,17.47
182697,20.38
237084,6.73
33718,9.484
237716,3.748
50341,35.5
179060,49.6
133608,21.23
195996,70.5
169100,4.73
268398,8.45
141861,17.08
104112,17.05
174850,3.574
253,17.98
260003,3.105
297237,2.705
196347,52.44
186599,15.11
106788,2.238
261763,7.324
144011,38.2
286537,10.47
140341,15.88
229818,17.0
278497,16.22
54315,9.484
111281,48.22
255985,20.64
127372,3.31
266151,13.08
97424,6.55
110111,11.72
175983,37.5
129183,11.89
193,21.23
22558,15.3
93032,14.34
148370,21.67
267371,11.59
219230,25.61
122712,11.26
248928,21.84
118953,14.164
250423,29.98
40745,6.105
31928,9.44
215108,14.67
38542,7.02
231078,13.3
259455,6.85
139456,14.95
169802,2.062
281332,13.87
79376,3.656
198540,24.05
65841,7.93
680,15.05
54438,25.45
258235,16.45
2493,58.97
175837,14.4
194242,10.23
283818,5.96
70940,29.2
39653,15.586
199517,23.84
119127,22.16
108710,12.17
237916,26.94
187942,15.2
51573,11.11
267423,11.28
236831,11.64
47377,5.8
266018,14.31
84115,10.875
203549,59.44
174764,13.52
190737,4.79
60011,8.64
293468,6.715
174346,5.79
142498,43.12
13960,26.56
214014,14.25
97892,2.645
79855,20.77
102511,13.61
214374,62.34
151826,2.48
142061,56.44
236857,9.664
152914,2.994
107897,9.195
78970,34.75
138295,3.86
107227,4.168
197562,4.918
76401,3.592
118130,101.8
14364,14.28
124127,12.94
48808,4.76
281760,2.29
88502,16.66
120167,4.137
148880,52.03
26206,3.832
39996,15.69
131198,4.85
61333,7.34
117436,13.16
22664,22.3
122354,12.195
37129,5.19
265078,29.45
54715,14.83
116624,18.58
265571,17.05
185109,3.53
244963,20.34
166726,12.07
275276,7.656
287267,17.19
136794,28.52
105038,51.6
234681,19.33
113874,46.8
85941,6.477
4706,8.055
204816,7.88
235349,30.53
30769,7.324
222907,16.08
129893,46.16
246214,14.8
136641,21.5
163552,7.57
139513,3.525
90611,7.81
288245,12.25
120585,38.4
48661,8.64
292938,5.09
17742,9.945
6169,7.793
73732,10.58
157849,2.035
18465,86.56
138409,54.03
204369,58.28
207503,39.8
189833,18.39
264002,9.44
108651,16.02
89419,21.72
247947,33.9
221236,5.383
35799,3.725
285867,11.87
266749,10.67
87437,18.23
161191,74.5
37296,3.65
210900,7.95
120486,14.67
185764,23.33
1265,4.793
53716,5.875
83122,3.752
63854,17.77
84296,16.31
85313,5.098
115913,9.664
223569,11.33
287303,5.145
234222,6.402
1937,27.55
142299,52.97
241935,18.39
258663,5.656
249157,6.7
69062,27.94
189482,9.18
44176,9.46
74142,6.668
87169,20.22
155005,11.33
239906,9.4
1712,96.7
233892,28.8
82862,4.285
287799,13.19
49740,6.36
100692,5.734
218355,20.42
216447,6.492
40729,2.834
291503,12.25
279774,3.842
122278,26.61
82314,4.996
32927,64.9
261009,14.46
131996,6.652
139213,20.5
251117,4.73
60570,54.25
165359,30.78
248062,16.97
123139,12.05
124688,8.25
45680,8.305
175688,25.81
234991,31.28
212824,16.9
229809,12.38
78408,5.742
76523,21.5
232502,31.47
268801,3.133
73912,29.03
106109,11.28
94464,28.52
194556,14.984
142753,34.53
55498,39.97
35517,28.56
65639,17.33
80154,20.47
198973,55.12
240517,25.92
98714,9.1
37987,3.637
27353,2.08
218078,11.52
160984,84.9
20403,11.16
174366,3.332
6871,10.375
61845,5.867
121538,10.47
205771,29.56
125856,7.688
225139,15.62
223102,47.84
214510,19.97
295457,24.8
293655,13.24
202579,11.28
47042,80.94
268447,7.18
278708,20.94
233218,19.97
42818,6.227
278928,10.23
61303,30.66
115153,6.07
63460,14.34
1196,20.1
93409,14.016
66881,10.875
238394,11.695
5065,73.3
82389,3.045
287598,2.498
10839,26.19
231666,46.53
79502,28.45
12143,14.64
283324,11.62
240597,11.55
57011,22.03
8297,20.12
250866,11.04
166194,9.55
129619,35.72
145910,34.3
115000,14.95
227272,3.902
35875,6.39
266734,13.984
207469,40.88
273322,12.016
272253,2.963
257289,10.266
65408,8.64
262273,11.33
34282,38.78
195595,76.0
4262,5.832
69149,17.28
51699,7.066
269300,5.145
232861,6.035
269524,6.79
274506,12.88
107502,29.39
246084,48.72
258792,87.25
206621,14.016
138062,39.34
129396,35.38
192132,8.266
189062,12.15
100714,16.8
270103,25.77
4580,4.914
293146,17.77
119249,8.18
115744,10.625
236943,13.38
83282,1.764
65975,18.97
267895,25.2
160608,12.805
65043,95.56
268626,20.5
58593,59.66
243323,122.06
9716,29.56
63382,16.66
237699,15.52
103092,5.86
249878,9.16
99912,13.75
19398,58.28
284735,8.55
211333,15.65
282548,8.125
12504,27.27
82742,20.97
209210,31.34
30445,9.3
179329,11.445
952,11.04
154091,4.17
180807,11.766
16384,12.75
285930,27.72
226573,32.38
193303,9.46
171842,29.1
209068,24.94
144685,8.234
3004,32.06
75611,5.438
193331,7.473
262707,7.21
190054,11.59
74349,39.1
246065,56.44
155382,18.58
118594,12.05
123824,28.39
96892,4.69
62512,8.21
175777,54.9
169120,10.695
12326,35.16
12629,8.086
2135,51.6
293229,10.29
91574,16.08
190151,21.14
214416,18.92
10541,7.895
287290,42.88
127630,15.81
158400,7.707
93656,20.94
223081,16.08
114987,6.99
51521,20.6
243456,9.18
70359,12.83
56246,9.625
248281,13.984
130674,20.17
73310,20.3
30011,8.71
26746,11.13
198662,24.05
11822,23.56
210667,9.46
299399,17.44
180688,2.959
23839,7.793
106173,16.11
67012,7.117
251687,20.89
88688,6.758
271574,11.945
1780,51.4
17221,21.11
179592,50.2
169136,9.52
190178,11.305
2398,75.4
187253,11.2
102857,9.71
281428,32.5
194067,33.16
230985,54.7
21220,22.16
29504,11.97
110007,3.5
17922,61.6
151810,2.668
102474,60.38
91501,22.03
125766,20.3
231229,8.45
2360,54.47
220129,22.25
91113,7.86
4382,7.258
121244,6.24
115670,8.67
78449,21.67
240637,32.7
122931,25.72
82771,4.93
24650,11.18
228431,55.34
212496,10.58
45727,20.17
124979,8.83
247056,14.734
288198,10.49
221596,20.97
248555,73.6
105387,12.25
168545,12.59
125104,42.38
172368,14.95
232721,19.72
202148,22.08
140690,29.5
262809,15.05
104372,29.5
180151,25.14
148754,23.9
131478,23.7
198140,7.688
159744,18.1
263850,142.2
21264,27.83
118824,25.25
2299,33.3
285020,2.354
279385,11.13
204480,1.885
164630,11.06
172364,36.66
229740,19.84
240710,4.676
129252,39.97
172859,7.688
127167,8.47
105543,4.875
143509,19.52
69292,11.2
187403,4.773
23765,29.45
119758,8.086
89182,11.016
287856,4.33
12769,21.94
80576,12.25
23986,15.016
56151,12.51
12637,10.24
183117,13.44
214747,20.77
21552,16.25
291088,38.88
68075,28.17
82785,14.734
86013,32.9
206273,11.305
221286,22.77
290735,7.758
167417,3.97
245113,3.938
113222,46.8
35918,14.46
218750,15.69
142013,14.19
206015,8.79
188538,6.203
121765,7.844
96924,23.19
44380,5.332
99582,13.9
3545,99.8
108999,33.72
229270,15.98
97730,26.14
246233,21.11
282851,13.81
21810,47.38
15421,26.83
3611,76.9
80392,8.56
100712,32.3
70809,52.66
168937,20.22
20110,84.56
259266,6.926
144911,95.94
105353,12.88
34157,11.445
60913,76.9
72574,9.875
253013,118.75
170041,23.38
175735,6.668
249579,6.504
252757,19.2
215744,6.504
158245,5.1
88988,26.14
270342,19.52
107283,17.08
250333,8.75
185677,17.9
21863,16.8
294508,6.883
280124,20.64
112486,18.7
142790,36.38
26449,22.16
97889,21.28
114748,13.75
128892,71.6
140156,12.27
64842,10.375
148376,74.8
21612,6.61
242664,11.664
117599,22.58
171894,15.914
3502,153.4
12449,15.75
258003,17.36
44113,8.805
175681,8.87
183405,2.504
16645,22.95
168433,17.5
151262,4.098
156112,51.5
270781,5.49
237109,6.12
53436,9.586
274646,6.035
125971,10.72
76087,3.152
163340,10.92
130065,20.3
296398,8.086
205194,13.3
266530,149.1
34801,16.28
160365,16.48
120302,10.9
273209,8.125
65071,20.8
21945,8.71
50621,10.695
62487,5.285
15918,5.996
98047,5.03
211700,27.55
134524,8.45
7490,33.78
122967,9.625
227804,14.86
37969,24.34
8642,11.2
19448,76.6
234216,9.81
26878,5.52
133276,22.3
69570,14.28
279597,8.945
177002,6.926
184163,12.75
219072,5.617
215641,13.16
143582,40.88
234343,17.9
146811,40.62
270477,7.656
148099,16.6
77693,5.06
120137,14.95
120284,9.836
210045,10.336
229872,2.97
129881,19.2
221497,53.8
79067,10.42
213813,10.85
11239,17.33
213171,24.23
86746,115.06
154688,7.15
6894,5.2
181931,7.57
199906,13.22
56562,20.94
180096,17.72
297207,2.057
274461,8.484
186965,15.46
59812,74.8
287603,5.664
56066,20.47
144329,49.7
134252,21.8
99112,3.836
192839,15.42
133834,7.707
85926,31.34
33599,4.555
49725,9.08
112598,36.22
288268,7.555
287671,6.85
183417,5.645
139555,26.45
119566,25.45
203694,21.67
294521,9.625
214454,12.41
59636,23.19
121879,14.89
191859,21.23
188476,15.016
271256,29.92
134750,30.66
196863,10.18
264755,8.07
248398,30.6
135884,2.387
188563,9.81
9241,11.086
19573,58.72
43840,32.3
95609,6.637
96237,8.88
57633,11.28
240799,3.525
58203,7.004
104628,14.7
61946,9.02
195536,60.62
95792,21.89
267629,8.79
244866,10.01
91625,35.88
206845,15.3
233488,22.2
267996,25.05
198034,13.3
220276,83.56
196524,60.38
106391,14.7
151415,17.25
244648,16.97
179674,7.34
34887,3.293
218625,19.48
265531,5.92
249057,10.09
291467,10.74
9532,16.8
115340,9.16
193996,4.547
27705,11.47
281118,8.84
264243,3.56
32542,3.96
232250,16.19
135202,23.19
255872,3.234
82616,3.705
181150,4.523
221597,12.75
91868,15.39
201389,48.03
181504,4.33
235584,4.793
205899,6.625
76193,4.83
163112,8.234
17620,19.64
203337,22.9
83738,2.518
76359,17.77
161800,122.06
217526,51.1
16577,61.34
228401,16.38
225503,10.6
264881,21.94
265396,33.62
129305,7.133
230841,5.043
276288,3.512
266715,32.56
235258,28.75
7708,16.48
198006,46.62
19325,38.4
248327,58.5
15665,3.803
151309,22.95
108964,17.83
182849,18.36
143286,69.6
9375,13.44
101705,3.922
136825,43.38
294223,88.3
268953,8.0
18138,82.25
58194,6.434
226049,7.406
63891,17.08
61281,28.75
118820,8.29
165246,8.62
291942,10.72
38628,10.375
129891,10.875
2114,52.84
180843,2.748
223613,20.25
151334,30.97
228930,16.22
35185,4.28
203544,27.33
278219,6.742
246475,14.61
184050,21.77
196538,104.25
264295,15.72
192871,7.723
24130,47.38
141146,24.64
167135,10.67
32731,4.195
195639,74.2
258268,10.83
69352,8.16
78635,8.6
189412,31.98
96801,60.16
161840,6.883
100078,9.14
19131,10.336
256013,33.03
35329,11.016
177883,7.453
122678,6.31
42926,11.086
283247,25.05
203116,20.5
135117,3.178
144920,15.08
223284,2.016
286738,9.42
55690,33.16
176973,10.13
110057,25.4
4924,13.78
112874,11.26
102619,6.004
227980,9.664
69583,110.56
124615,17.77
85217,8.92
228628,42.2
30800,16.05
150775,6.168
150124,6.82
106617,16.62
31320,11.375
194476,15.75
15519,41.94
225251,52.22
50269,14.19
105226,34.03
207988,144.0
51842,6.773
195484,51.8
111944,20.34
199,5.434
277975,9.625
259093,8.375
148722,34.38
238728,14.52
90809,16.22
71252,33.38
182194,9.14
83005,14.07
128265,32.2
270551,33.9
174586,115.94
136919,10.945
146176,15.52
146976,70.5
253629,37.25
161869,107.56
227900,85.94
239694,10.07
41086,7.453
227037,28.17
183579,24.55
82066,5.01
166911,2.44
135589,15.05
42831,7.707
201061,21.58
232547,28.52
266478,48.4
525,12.64
84102,132.0
76058,2.785
60076,10.01
57902,34.66
25849,4.477
99879,2.842
54883,15.39
158288,2.453
64864,9.0
193912,55.34
48228,4.3
80734,9.69
144498,5.688
169811,14.22
23225,7.93
235181,31.8
3421,4.76
49259,7.227
183144,25.4
268033,24.05
111340,37.94
59855,37.4
121228,18.66
199043,15.234
34239,4.766
140349,11.72
134601,11.74
270498,7.02
267282,11.89
288726,4.094
282415,4.62
251705,16.55
57818,36.8
232660,40.38
245454,27.61
52458,18.66
168960,8.945
143574,48.9
16973,8.234
39914,14.43
4219,11.49
180433,7.21
60769,16.8
151902,2.504
213472,10.2
100688,13.78
61942,94.8
166070,12.23
261097,9.56
15129,34.6
246263,18.39
206001,43.9
126972,3.941
170171,2.943
165665,34.25
211833,22.25
21687,19.44
267094,23.0
175448,14.016
255561,9.625
9408,27.11
33050,21.94
150794,14.555
257860,9.24
275428,9.55
233684,23.7
127095,3.684
94821,14.34
95507,19.0
285207,18.1
111504,20.02
216080,15.11
198406,5.19
281960,7.707
247718,3.889
86035,11.47
214558,3.893
205368,24.44
117331,3.898
168141,16.97
10506,3.691
298516,24.05
183131,146.2
255570,11.766
154747,5.145
17584,9.46
17292,6.805
276238,19.8
117977,14.86
127216,9.984
23606,122.06
136042,7.95
126753,2.734
160151,37.12
253182,7.355
228784,10.72
276282,2.975
262418,4.65
5712,16.05
154561,18.05
296718,23.14
272846,6.477
9113,8.66
141722,14.4
131410,6.594
249852,16.08
278561,7.242
229764,23.14
242255,42.78
142720,22.03
204253,52.66
222662,9.484
21868,6.91
134780,15.42
141602,9.836
257198,4.06
172559,3.244
195181,65.4
81648,9.1
109977,29.39
150378,14.92
83962,77.2
102143,7.656
20047,53.28
184287,5.387
190722,8.66
52139,10.99
162539,26.23
158825,29.75
70930,6.477
135898,20.89
27015,6.07
142697,61.84
126463,15.234
259980,22.08
49109,27.44
49533,10.85
31938,11.47
136223,8.32
45662,15.39
291181,8.56
68228,8.734
271803,30.17
2703,95.56
243641,5.31
176065,23.84
14979,4.47
232782,16.08
34189,15.234
252749,14.13
186961,9.55
64736,50.2
294002,12.195
56079,4.074
132362,12.484
69608,10.07
80231,15.2
140207,14.1
279048,17.83
64444,12.07
171876,8.34
132931,22.44
216331,16.86
78148,16.83
216441,21.02
175076,22.39
166920,2.727
269451,12.09
187678,3.592
66335,9.664
251039,8.58
274819,6.742
27646,8.375
20540,11.4
245374,9.69
115528,50.0
273149,10.805
218805,26.89
279047,20.97
165519,7.773
202448,4.812
151949,5.19
64774,7.05
82460,7.02
330,3.584
248611,2.324
140496,5.97
289649,13.24
279640,11.26
43625,10.78
185803,2.44
56155,14.67
139266,27.48
85194,5.0
278329,16.45
215212,22.77
299121,18.47
72128,18.7
239402,24.6
64119,61.84
25037,27.77
163175,14.016
149578,7.453
46792,3.697
105604,30.72
238791,48.8
87956,139.5
208188,15.81
193325,10.85
154357,61.6
138616,7.004
209341,63.1
285518,2.598
296460,7.59
8069,7.605
116879,80.0
193468,12.97
68288,7.555
144222,12.46
268087,8.87
126107,24.3
169550,3.264
243196,24.1
37886,16.69
287975,71.9
154117,32.97
27527,22.08
188486,5.363
264192,93.3
175386,12.38
70118,13.27
163649,17.83
117815,15.78
162606,8.43
34170,9.86
204554,11.914
32873,21.28
49247,4.477
85652,12.25
135157,3.799
52560,14.984
253700,7.21
40052,6.867
25846,27.33
259397,3.512
212423,8.77
150216,32.44
129474,3.66
200237,9.9
80682,5.12
76128,6.637
21018,59.9
111495,29.98
123321,7.18
259936,24.19
75761,4.89
64362,19.17
264341,12.07
37160,2.47
25015,5.426
178457,5.566
267189,2.473
286435,15.65
190384,27.0
87967,2.184
242464,17.22
149716,75.7
133912,37.12
262886,7.18
126854,14.1
231534,54.03
203356,14.8
145901,30.6
121581,97.5
277338,11.89
81651,14.95
173131,9.04
114976,6.477
289297,3.521
65342,20.05
187215,5.617
155165,8.87
45652,6.82
196535,68.3
11000,33.56
124638,12.75
105411,25.88
235770,5.617
182027,5.27
5872,31.22
103723,7.37
168290,8.34
175270,15.914
123490,8.32
233790,16.14
86291,1.934
270605,3.725
278832,7.57
59340,10.85
6988,60.62
21783,3.734
96715,14.984
228204,20.12
161585,27.89
155482,21.98
187642,10.78
271643,19.72
161285,52.66
154309,43.8
95883,9.73
167986,29.2
151570,15.555
225958,23.38
275509,6.99
234791,50.78
54158,10.03
139457,14.83
157618,143.4
13593,9.44
119388,5.234
87698,4.855
13090,7.895
162076,10.99
271727,6.39
268219,11.74
147866,96.3
264357,4.25
27041,11.375
184416,15.39
151752,6.58
157527,130.0
87108,5.684
155954,21.53
139318,9.52
294418,7.52
96460,9.836
200167,3.344
247379,20.17
19983,19.17
160227,47.75
216136,13.836
31436,24.69
246110,28.0
34485,9.42
2123,54.47
170984,17.8
124942,13.44
201136,36.3
194001,24.89
161157,75.4
292835,11.49
170264,5.402
200196,14.734
225721,36.9
295041,8.125
160263,5.5
96157,7.844
113906,8.0
109301,58.97
23969,28.34
35322,3.412
113790,9.484
292781,5.066
234194,56.9
179703,27.44
38032,6.957
297347,7.098
51000,114.56
110176,35.03
173254,17.39
209291,6.684
135197,8.375
216222,23.9
217015,9.12
214088,10.85
74644,16.38
238049,5.78
249531,8.29
99177,1.9795
147481,7.37
29868,36.0
73619,24.19
21589,33.16
166751,22.3
270010,9.69
35385,2.426
192944,12.23
116848,16.48
115143,3.87
189511,10.76
38908,5.88
216609,29.5
187834,4.766
290991,7.758
182776,18.2
41325,17.55
102381,6.504
158206,7.83
139925,8.84
237088,20.02
86034,36.1
4123,26.45
199631,10.4
293437,9.24
83342,12.46
172157,4.22
104410,6.24
236858,14.64
291185,5.902
263734,25.14
96175,6.55
95561,10.99
51453,46.06
207340,59.44
44418,7.914
131860,22.25
41662,17.08
279267,6.434
198569,6.125
41097,5.465
259634,9.86
258839,17.14
93763,9.0
72221,10.9
68675,14.46
81775,6.594
260375,16.22
70833,12.54
278688,18.02
188810,4.887
203876,2.697
54246,30.72
280922,19.4
193822,33.16
233514,21.98
277814,2.527
116014,13.33
20585,3.584
280366,13.22
124747,17.33
217603,36.0
106460,9.81
199248,9.5
90537,9.9
297117,6.46
205318,47.0
148960,14.13
109205,18.97
121766,10.805
297863,10.12
89866,43.75
101249,146.2
180545,3.879
266964,15.33
120608,15.05
15575,12.914
48408,14.67
13094,19.25
7116,17.33
236360,15.17
220486,2.377
273545,8.125
20882,17.39
280527,45.7
83411,10.2
196045,73.06
38689,4.055
39110,5.746
124753,16.55
95084,8.484
170294,8.055
208685,35.03
169350,2.246
32729,5.906
23529,15.3
186673,8.92
215429,36.1
194443,13.9
120797,10.09
104749,6.55
92944,5.746
139449,5.234
168855,8.0
206689,13.73
283914,20.22
7858,39.2
69755,15.14
147201,50.1
16346,13.13
3607,152.1
5531,16.6
101267,20.6
137234,27.0
134147,21.14
72983,25.25
130959,11.89
73828,6.773
198711,5.84
124296,18.62
185781,31.8
65635,26.83
10249,16.28
42644,17.28
5157,94.44
56306,49.6
180004,9.586
16910,23.56
263882,30.42
192378,6.08
32721,10.12
221762,6.742
196780,15.33
215222,56.0
119275,55.78
13928,7.88
179455,10.58
204075,28.75
168057,1.868
100444,10.78
96937,11.64
228469,20.72
289833,23.61
297613,15.49
162139,10.336
194149,3.738
5025,25.5
98097,12.83
109111,19.8
257943,15.36
238489,52.22
178293,33.78
156733,78.75
189477,6.883
122020,11.4
85680,4.344
48601,14.28
31103,21.94
54712,8.016
68902,43.66
142062,38.25
88345,8.75
295794,12.05
74721,5.625
64408,15.81
28197,14.016
85739,12.73
115258,16.48
188055,17.61
66394,28.86
166511,30.9
246903,38.78
63321,12.51
264609,9.586
290291,13.05
164683,3.725
105842,7.656
124129,31.03
32045,7.273
136236,12.88
11207,35.44
105841,44.97
248892,32.7
164535,3.803
253812,107.2
168289,7.984
107832,14.58
299439,26.5
211932,19.61
81206,4.098
183154,21.94
219111,26.83
213319,30.84
156227,17.98
194296,17.83
89405,43.56
10429,3.156
19976,57.34
15926,5.99
200651,59.44
201471,70.2
145042,78.1
115252,26.34
160041,1.824
263397,12.41
13019,6.562
122234,17.14
36807,18.92
82205,3.34
166848,16.34
153475,4.703
39273,35.3
66523,22.39
120012,12.25
260223,8.51
7778,5.656
147890,43.38
138216,4.344
62149,16.05
172379,3.715
56001,30.17
280977,7.195
204708,17.25
80057,39.9
44729,27.16
131984,7.88
72416,14.43
283879,10.99
28546,35.94
152433,25.56
88996,20.89
199729,7.473
195894,61.34
47778,33.22
281881,3.23
69083,130.5
258353,132.0
10907,4.88
86662,13.49
154681,6.203
146803,28.34
19285,6.805
197662,12.51
58874,41.78
129078,14.31
85247,22.72
183265,17.58
172737,5.043
152845,23.38
172378,13.33
188006,19.52
242127,34.8
269582,14.984
17388,20.72
81739,6.61
52937,19.52
39645,5.742
184888,10.74
79103,7.15
228933,10.805
114878,34.6
255974,12.12
216392,11.305
70996,21.36
115846,14.89
176033,11.305
124820,42.97
190605,6.297
284075,18.47
254967,5.31
228333,12.43
296083,12.67
35498,25.45
272232,15.78
197998,15.11
25207,6.625
234765,18.1
279952,18.92
271432,11.13
267082,45.34
244132,21.98
25029,9.625
110385,20.42
89588,34.3
70662,48.22
185700,9.875
194025,14.64
95990,22.39
167966,14.61
201085,14.05
239584,64.9
93279,15.914
39047,4.098
76640,7.082
7556,7.164
30470,2.162
155315,23.42
245417,24.44
270990,10.13
178343,9.945
134735,14.95
197807,9.73
123385,27.66
62403,5.277
36243,12.64
294337,17.9
60228,10.72
209077,4.11
84551,39.8
219059,6.12
240234,29.81
48842,10.67
20447,15.52
240117,9.69
135500,29.75
32743,4.773
104669,20.12
54551,16.94
134964,4.742
184364,6.086
136964,15.78
56339,2.387
1788,52.75
1162,22.44
166842,14.984
197861,23.33
73817,6.94
173341,23.28
278921,14.49
113822,11.26
116026,18.5
256668,6.758
245266,18.2
252470,3.945
182514,7.88
245207,6.957
167051,12.17
237369,10.266
128282,16.52
66658,7.49
107795,4.79
256495,1.934
250368,7.004
57536,23.33
268721,4.977
261246,24.14
241912,6.562
205918,7.67
180905,14.95
135063,6.742
283506,5.035
114340,39.03
232167,23.66
195207,67.75
264944,5.977
125450,4.688
274183,18.84
202377,11.64
136151,5.81
64137,5.887
7626,34.94
282766,3.387
125007,122.06
293919,9.24
165602,4.098
12266,34.88
287941,13.27
200053,57.34
94121,7.49
3824,115.94
148836,6.39
206140,10.58
27385,3.096
70255,3.293
164687,10.16
12197,13.24
227370,21.58
208043,11.13
73537,9.1
130923,12.64
78566,5.617
189886,141.8
120216,22.48
180485,9.836
286489,2.023
261549,9.24
276197,8.055
183866,3.965
291668,13.75
168528,12.51
36553,25.1
152640,5.277
222075,88.3
238307,32.06
2243,78.1
43261,12.56
214423,12.15
233664,37.56
164105,10.336
275393,51.3
183883,3.064
216497,27.55
217668,32.38
36023,13.33
296401,6.125
16542,6.332
233289,2.334
283327,14.37
208420,15.52
197212,16.77
219040,11.26
144991,14.46
238460,6.125
138865,4.406
69912,26.4
297623,21.45
201663,10.76
220407,22.2
271734,6.973
14855,15.81
57360,32.62
233108,6.105
17713,2.047
277182,13.1
76910,7.18
41715,14.766
75395,4.94
128940,6.55
81606,9.06
115061,4.965
127658,24.44
252371,73.94
96819,10.875
164809,6.73
261335,25.77
172705,5.29
133446,7.86
248466,16.48
241849,20.12
50655,63.6
35701,8.195
88544,27.61
187960,9.96
63476,14.07
48098,15.555
34663,7.605
56919,17.19
60164,10.805
255492,13.95
66596,16.9
85144,6.418
291000,6.402
69705,142.2
63996,14.07
68178,42.28
50574,14.64
173736,20.77
211949,10.92
104336,7.88
104060,49.4
148999,19.69
271245,20.02
58540,8.086
28636,7.93
2358,54.7
210036,24.73
102365,31.98
211882,43.3
139614,9.24
286843,33.56
229667,20.64
130748,27.33
88842,2.975
79056,4.305
143109,30.97
193920,52.66
148511,98.6
181244,16.55
67682,5.81
261826,11.42
297072,22.77
156544,5.484
98675,10.42
214065,5.09
254382,14.1
109375,48.53
61933,19.72
138034,2.068
35505,28.17
257255,2.328
251337,27.0
122952,12.05
52868,22.12
128086,85.56
40853,15.78
139020,9.86
235278,43.8
189072,5.008
18176,60.16
266820,89.75
3172,14.46
79089,12.09
127386,3.383
101892,60.62
126579,23.66
183626,18.23
229749,11.87
170338,3.39
156311,27.61
229971,11.16
164873,26.4
54346,12.305
148442,81.94
207814,20.8
57107,2.998
132803,6.715
248442,18.39
40334,29.33
280318,8.125
187790,3.42
100634,2.416
292585,9.46
222992,25.66
284136,5.11
6301,14.92
210287,10.47
12661,1.928
253494,11.42
85224,17.28
13958,6.895
132352,9.24
5322,84.9
21440,31.92
230686,10.85
22831,10.51
52220,19.0
11604,10.92
266389,22.16
172176,10.31
68418,22.44
67514,14.89
247949,38.47
229907,11.2
53644,15.36
279834,4.45
17026,23.1
214363,14.83
147398,123.5
299204,14.25
144235,58.97
243393,24.55
128763,64.9
239465,14.22
104530,31.86
187333,8.88
200134,20.5
232868,18.31
282852,2.373
26136,16.86
189184,16.38
125358,16.38
290887,28.17
49317,12.43
110663,26.4
249417,18.28
85773,18.02
146851,2.959
162291,2.162
133524,5.266
176860,8.195
24654,21.67
148134,16.31
280643,8.195
104877,4.152
231720,76.6
104281,18.73
99392,27.11
276732,3.277
117280,3.656
24197,7.758
285000,4.312
274326,4.867
169161,29.33
202774,2.576
16050,10.555
151629,30.3
170428,7.57
44891,19.08
245734,5.45
59981,30.17
268338,2.736
286528,3.79
89598,7.473
204993,28.92
135156,3.352
232967,25.88
33499,6.36
223808,10.51
128118,4.316
134146,19.92
22219,40.88
165713,23.75
200997,7.758
207708,49.1
190388,83.25
170975,11.97
21804,12.38
140308,47.56
145716,21.94
174753,6.85
283314,3.629
214949,20.12
62328,21.36
244386,32.38
252274,9.1
83197,23.14
257824,2.053
171174,9.02
47034,53.38
207915,30.66
96178,10.31
270814,2.623
166641,10.31
149546,44.88
28871,19.2
71470,12.46
27114,9.8
221753,19.05
194246,8.87
202707,7.258
273426,29.56
18659,12.484
265657,49.3
73965,20.77
53383,17.8
278156,6.434
71982,5.27
190252,11.445
208383,11.72
6886,9.195
152557,18.84
241030,90.8
274621,47.0
207859,45.53
294276,10.83
218808,3.734
296326,17.11
68878,17.28
236181,123.0
155519,11.945
293598,10.18
288037,45.78
155997,4.918
266971,12.59
56106,13.58
69562,55.78
274549,8.75
144633,4.855
61552,13.35
53919,13.61
78150,3.928
179,4.88
213125,27.33
257713,5.688
48604,10.01
227475,35.88
119623,11.445
203044,30.36
19564,89.4
230839,14.766
133886,2.32
216494,6.668
279906,8.695
117021,28.56
43722,15.85
57060,9.984
69350,23.0
211265,40.22
14485,16.48
144089,24.73
178399,9.06
251322,22.62
92332,94.8
158010,3.898
107743,11.4
78239,21.8
30598,9.92
152832,12.97
298839,19.12
174651,145.6
248105,5.688
249026,17.8
184154,85.25
226247,16.02
289301,14.07
31644,4.035
5559,50.7
127490,34.38
9450,12.73
38817,5.223
274202,12.07
99228,6.375
121512,6.184
107811,7.05
228297,15.914
4126,16.52
165324,5.277
8285,85.94
234252,2.41
297989,2.35
87423,19.25
297489,8.29
209666,18.81
291078,20.22
142053,29.1
174600,9.484
19793,58.97
30122,13.49
53453,16.31
189622,20.25
277904,2.28
268663,29.62
254580,5.37
126864,5.566
263089,150.9
86262,5.258
85488,153.4
11570,14.64
61337,66.2
182412,31.61
259142,17.11
91882,5.52
69383,23.1
59361,21.02
218390,26.03
155288,20.89
109436,16.9
88656,13.64
42887,43.56
149145,19.2
17110,21.77
260036,2.559
72192,19.17
100935,6.227
257168,7.355
228296,15.65
140682,51.5
157754,2.863
249892,12.99
17266,21.84
87608,20.84
270441,23.7
37779,32.9
289897,31.34
3937,37.12
14700,35.66
150784,9.984
234524,13.555
235512,21.4
226480,19.05
60205,36.38
147108,20.77
61523,35.94
95345,10.47
127718,6.99
71339,14.67
158102,51.1
133971,8.91
106389,14.52
106411,18.73
298327,4.773
228210,27.44
233063,28.92
14320,12.88
143628,39.25
19329,60.62
294846,10.375
237724,25.34
276907,8.07
131051,20.5
19441,54.03
31570,8.984
194275,12.73
56987,6.594
177339,10.2
224678,7.793
93684,8.4
288286,4.21
15814,14.28
153066,12.86
47270,9.0
265276,7.37
29090,9.8
106042,7.035
216867,12.15
128873,142.9
236834,9.4
49001,12.15
59538,24.34
47237,35.66
118539,26.5
64500,18.92
150826,14.8
141674,12.88
75133,2.256
194826,8.52
91050,17.0
174660,6.31
135903,16.77
48165,12.56
246025,26.78
210233,17.11
260033,6.58
102303,35.5
134450,40.28
221298,20.64
260760,6.035
285704,5.832
71383,3.898
294208,9.92
131554,5.676
53048,5.47
206325,16.45
189542,31.47
113185,10.555
253820,12.484
163159,14.61
9792,8.14
202839,11.914
194678,12.12
95396,7.54
277797,3.326
62316,18.02
104584,15.75
217041,4.348
224427,25.4
65648,26.56
138379,58.72
144214,11.47
113847,16.11
131546,16.31
57263,20.38
65654,9.44
279383,15.75
45880,1.988
283575,16.38
24131,47.0
273986,23.28
70206,31.67
247928,5.12
32765,5.56
9344,40.7
46694,8.055
273152,1.994
237491,27.33
134584,37.72
164431,7.49
115538,28.97
226181,42.62
96868,16.52
127017,20.05
95165,6.668
157288,103.8
163290,11.086
268297,10.47
61751,26.72
72167,20.38
20502,24.3
136599,4.582
30536,9.8
288024,12.805
16534,27.83
209522,33.03
296288,12.35
203411,5.297
65813,29.56
246883,10.875
245888,28.34
212221,8.91
44492,77.2
139357,8.47
284096,9.96
148762,58.97
191156,3.566
140787,3.879
69973,2.484
7609,30.6
84271,25.2
192243,7.895
264180,16.05
247384,24.3
164250,6.477
248387,41.03
91233,5.312
143669,35.16
75869,7.15
154407,25.81
278178,2.215
247282,10.58
194030,6.504
8795,10.76
263751,14.07
6746,17.5
136010,21.19
155627,8.58
202020,14.34
269957,27.27
7615,7.438
166917,117.8
275402,44.53
9412,20.02
215039,17.19
293587,13.49
91983,14.05
5517,25.77
68978,9.86
245612,21.06
130192,22.34
65885,15.016
116488,10.07
234185,20.38
216517,14.95
294342,8.87
28232,11.086
209643,24.69
296471,17.33
36850,10.31
179133,25.45
34954,7.273
232711,24.34
183431,18.92
291069,10.01
71479,18.55
62706,19.56
229197,15.72
292313,20.67
79489,6.895
296044,60.16
247023,17.11
179439,5.727
139757,24.44
149590,6.715
225617,2.436
61955,18.28
168164,19.2
272799,10.2
42667,66.44
84652,5.33
81996,4.918
162425,7.035
141793,11.28
294836,7.656
289603,7.914
299435,2.8
216979,3.643
143126,25.25
213782,6.668
201510,13.44
179179,17.22
239175,16.52
27172,1.871
116638,31.73
210298,17.44
12309,26.34
57041,21.84
213599,21.53
118877,7.355
150632,11.74
247670,63.6
142976,23.84
288181,37.4
206033,7.895
132711,12.83
141109,11.87
72124,9.6
227933,21.94
243910,7.81
162988,3.566
157155,3.215
259448,5.96
271886,8.79
79242,3.256
111973,27.33
46726,4.555
253299,10.266
295197,4.75
94509,19.08
207331,19.8
162711,15.85
165739,23.7
157479,127.94
216827,35.1
174552,26.78
259217,25.1
61016,2.24
204813,4.582
36302,12.805
246480,24.64
227166,14.37
149713,27.33
72500,34.12
46103,7.227
191906,21.36
200119,6.82
7930,15.266
48365,11.62
227271,6.805
23022,28.22
232838,4.754
57749,18.2
282909,6.867
259335,8.47
274132,5.043
197373,25.45
2522,53.5
210966,60.38
279559,9.36
207170,3.053
120644,12.41
2079,27.22
273428,2.629
242430,31.28
274189,3.865
154711,7.758
226877,14.58
240688,8.266
75270,16.86
230873,19.52
80581,29.98
286338,17.69
34645,41.1
88715,2.338
276846,10.336
123729,55.12
240122,18.78
44928,8.734
138934,28.52
127350,12.35
94807,9.875
116600,4.8
104207,22.72
114089,7.21
255634,15.42
37443,15.39
185510,7.195
163269,29.45
86897,8.56
77306,6.332
142819,76.9
257361,7.34
17274,19.92
164559,16.14
194885,12.62
265827,12.805
287264,6.58
82236,7.688
37770,13.836
36502,8.21
33782,5.703
96321,23.28
230660,21.36
261553,10.99
19530,38.1
162233,7.293
71778,7.355
32826,21.94
241436,24.39
188005,9.625
139346,37.34
137000,14.28
115487,8.234
148401,50.9
175952,30.84
200321,34.47
243959,9.8
204743,10.72
119822,4.484
143467,29.5
53517,34.3
20353,71.3
208604,18.84
270456,8.07
267303,7.066
288812,5.96
136928,9.75
42486,11.18
160736,30.66
34051,45.6
148372,82.25
85917,5.84
27357,4.223
189900,140.6
214448,19.92
76127,9.77
103170,13.95
40221,16.05
61210,18.05
232422,33.56
97674,13.3
176988,9.08
195259,73.6
1469,30.97
120487,23.1
225378,15.62
58733,25.14
171694,51.5
160269,17.88
56334,2.764
242792,12.914
270077,10.42
10914,31.03
262490,4.008
294711,4.766
170740,7.035
63901,14.28
129758,8.945
89288,15.42
15120,15.586
161291,68.3
35184,4.043
266324,14.64
52790,8.055
262342,61.84
95895,21.31
87239,2.24
119802,19.25
30274,15.88
4973,10.99
226991,29.86
174009,24.8
22517,6.31
237487,41.94
228925,11.59
95130,7.844
22101,6.85
215446,91.1
128833,2.45
166057,12.35
97471,15.72
291728,22.08
292922,7.117
152805,14.31
246515,11.04
171602,4.902
83651,21.8
102781,2.83
82193,9.65
78822,9.77
192570,14.05
228120,5.465
179808,20.38
61056,52.75
6010,30.6
168272,11.914
143515,14.43
105588,41.6
121414,56.9
296082,5.098
209463,12.09
69473,14.52
129398,17.0
23840,8.18
57080,10.85
203849,9.08
128880,17.94
180791,18.7
19724,57.12
8439,33.5
205630,22.12
35304,9.02
56442,13.27
81550,26.56
268298,15.75
71186,7.164
170299,19.08
201967,9.3
253616,12.25
229259,43.8
117763,3.473
130503,21.94
17726,51.5
112783,4.42
102735,3.951
241672,11.52
219224,5.58
8730,10.51
139221,20.3
48789,14.1
149246,34.12
273550,31.22
184142,6.562
19287,22.62
75470,22.12
164887,12.305
33376,4.277
86163,20.34
121977,10.266
131786,16.42
205649,22.86
95993,6.203
3960,40.53
204695,33.3
54249,29.45
90541,9.73
134456,11.49
238781,7.793
267740,34.25
181682,14.95
255743,47.2
228889,6.445
56365,13.555
21377,8.805
158684,18.36
297268,18.17
223267,10.49
181604,17.14
953,66.2
18666,3.057
148449,16.83
268981,10.12
10873,8.58
290688,40.94
80111,7.164
88643,12.56
278308,29.75
251734,33.97
233450,19.17
117003,12.23
35029,2.139
16988,27.44
104540,23.23
286856,20.5
176366,19.0
61705,11.766
143219,6.39
161556,48.9
277121,3.156
171214,4.152
50611,18.7
147058,25.34
248128,5.043
42595,11.47
11142,29.92
195656,58.28
117109,10.625
250762,5.2
259000,26.56
184459,3.451
20693,59.2
140311,13.984
114028,6.504
231035,22.77
162411,6.16
213972,36.75
249196,18.58
114538,5.34
201745,6.73
199492,4.688
260119,15.72
118403,32.25
153207,11.375
235287,32.12
196297,104.6
184988,9.81
78710,17.22
47465,10.336
93390,7.273
21791,21.84
39756,9.56
44808,20.94
256479,4.395
22666,12.484
278510,29.16
233292,13.58
187144,84.25
52259,20.8
132226,8.04
115347,23.7
224769,16.11
36462,9.336
23922,35.38
286828,25.81
283219,25.0
135083,5.32
214752,11.305
74237,14.83
286879,4.742
294282,3.053
180916,8.79
201006,25.1
48575,6.652
153532,10.266
230090,16.6
144422,25.14
68027,46.44
199117,16.25
274642,6.637
227438,17.58
254060,10.805
207930,3.447
137014,10.76
50844,13.27
229733,7.93
228459,17.69
96370,4.402
102516,12.75
129176,7.02
217283,5.03
38777,6.99
93685,10.625
180996,10.42
11843,11.33
289154,7.844
213450,12.484
290335,10.6
15922,5.63
149163,6.156
114303,4.977
15576,10.625
19064,19.97
266703,28.97
5643,124.44
190179,11.59
275847,7.035
292164,8.45
250813,67.5
115934,14.22
186562,8.984
14624,12.805
227191,13.19
107730,13.33
84056,2.822
42410,16.08
7410,5.383
181820,7.242
82780,11.11
233821,99.44
32382,10.72
179607,22.12
75458,10.4
102817,6.52
171472,16.38
229075,29.56
74662,8.45
271104,8.14
96220,10.9
282378,6.46
127108,2.875
283993,13.984
285662,11.79
245354,26.83
152671,6.52
63283,13.19
258848,3.86
170969,25.97
264455,7.15
191771,28.17
132259,21.8
143759,76.6
53977,16.55
9962,6.684
233685,25.5
216627,32.5
183709,11.26
5728,11.52
88110,19.12
87075,11.445
18279,62.6
21818,28.56
66206,20.6
197032,39.2
133666,31.4
135445,14.25
202819,10.42
70209,15.98
222294,11.11
2824,6.7
71790,7.34
199971,7.49
107956,2.668
65242,20.84
229129,6.652
104335,8.43
221531,42.7
12884,7.273
31208,3.623
106204,47.2
139982,13.836
47008,29.16
246990,11.28
213054,8.51
175872,28.69
294933,35.88
17906,26.5
251853,12.305
102032,30.84
213235,27.55
160679,18.47
227109,21.62
139404,18.7
168555,25.2
149048,36.8
170855,3.902
254655,36.66
48328,12.99
258454,11.2
245742,8.92
117289,18.39
67211,10.13
147995,53.28
198571,47.84
212572,11.445
43961,22.08
38038,8.83
276759,5.12
93298,8.07
48433,8.21
287917,9.836
193765,16.77
111603,24.94
275390,62.34
71236,29.39
292506,4.555
195866,70.2
220699,43.56
44436,6.625
198733,21.53
226314,23.84
276326,9.96
72977,4.0
249684,25.2
71950,25.0
294255,17.47
15809,13.984
173565,24.6
206669,22.72
33790,6.625
197100,25.97
76582,48.22
127389,4.13
84034,8.87
125959,12.99
36937,7.57
105462,5.914
150177,4.492
97719,11.84
103111,26.19
76335,9.73
168399,8.11
27478,9.18
167688,5.695
100218,12.17
126070,18.66
226045,7.066
88077,6.535
244275,15.42
110335,20.72
191741,4.168
20295,25.34
144403,12.484
143042,32.5
101453,22.9
244050,8.414
263869,8.16
277733,5.098
240712,15.42
279951,24.39
172371,18.92
217325,16.6
202310,6.492
225974,17.69
104078,52.03
265265,6.492
134389,18.23
191524,10.76
268173,12.59
100797,8.125
225954,4.9
201840,5.3
137825,13.555
15843,4.363
225230,5.56
205298,5.56
107614,27.66
159048,26.08
159683,4.203
194046,5.715
3944,11.695
262213,11.23
167977,1.939
115567,28.69
111508,14.25
113494,17.77
119015,27.0
144964,27.61
12488,34.38
91629,15.586
237888,41.84
7126,29.62
47339,5.727
1978,15.36
266853,15.46
207192,28.52
266395,3.955
244038,8.96
190708,8.07
265947,7.21
8877,26.94
285818,21.67
260756,4.91
146314,13.08
2924,2.498
225031,9.46
7269,117.3
12841,7.844
3047,17.44
129556,7.59
33648,10.09
57065,14.28
182794,3.17
196324,63.6
191600,43.12
311,15.11
276296,8.984
230594,20.05
155372,9.38
267032,11.55
193355,19.89
227423,45.34
278230,5.58
162995,17.28
82429,6.297
232506,23.75
231158,15.75
259594,13.47
18304,62.1
273409,9.04
44333,3.34
299186,15.3
216303,23.75
164141,13.49
15387,29.69
187226,6.39
59185,58.28
269649,11.766
62562,25.3
247402,37.62
64805,34.2
125103,29.45
153194,9.02
98526,28.05
88592,31.22
230340,9.73
292502,15.65
26338,4.52
170901,10.6
12610,22.72
10551,14.05
156368,7.49
163246,6.957
265666,7.15
222119,11.695
179277,16.72
209454,6.61
65246,19.12
267950,5.02
258341,5.99
272391,1.931
245055,28.34
161572,12.805
57280,5.37
218748,9.77
216644,41.94
11667,10.875
76800,12.97
219260,8.21
62458,15.17
2677,24.34
262381,7.95
260406,12.46
70117,16.6
115096,16.08
78757,2.07
5912,26.72
24456,27.66
294517,27.22
273942,22.16
242819,14.734
13393,17.66
190422,7.066
101436,4.684
112189,23.23
12340,40.78
5020,17.08
109310,23.33
121762,12.83
180500,14.164
182293,9.195
210410,8.77
296072,3.193
170300,20.64
63293,10.01
46494,9.28
84881,6.742
179829,40.62
113912,6.562
201880,1.843
95679,15.98
223357,11.33
298179,1.788
2197,38.4
279116,17.72
152882,11.086
79245,5.16
215843,20.22
13589,5.438
119456,13.27
224722,26.72
238400,8.56
285365,8.125
66291,3.994
209853,28.86
117008,12.17
170587,10.76
30051,2.664
287209,68.3
18887,27.89
123561,15.05
228341,19.17
136134,2.434
88944,9.81
225866,21.11
40255,5.15
202784,23.28
25370,8.56
37120,6.176
152696,12.484
188049,6.805
165130,10.12
138374,58.97
189291,36.38
119928,7.555
65824,11.914
99905,6.273
133462,18.62
49000,12.23
283713,5.953
162837,20.77
75086,7.05
277355,14.49
122937,19.48
297682,7.895
117030,85.56
173902,17.58
25208,24.89
210073,28.11
109745,14.52
276157,4.402
123582,21.8
264419,8.88
283087,33.1
95573,28.8
258679,26.19
266171,17.39
280674,22.44
243238,41.44
200322,7.57
8304,22.77
104518,2.139
77644,6.46
278213,4.44
284585,3.96
152078,20.38
249381,9.92
268026,12.64
299029,22.12
209348,75.7
252793,10.24
192216,4.18
57973,42.53
292283,7.066
124758,9.195
5734,5.57
907,16.83
144675,8.92
204784,11.06
115551,13.05
25456,20.97
106134,12.78
296713,10.875
296944,5.78
243836,43.66
5587,73.94
133260,18.97
22742,12.07
92389,50.78
127553,8.55
51945,11.97
42175,9.55
298155,8.36
2565,16.08
30974,19.08
262552,8.91
265096,11.79
168202,8.45
79256,9.38
267042,10.805
6261,26.78
294935,4.824
65667,35.3
147875,55.12
23328,15.88
286940,17.98
253859,6.58
119887,16.05
217270,5.95
290983,30.53
249621,4.78
50287,18.17
174731,28.56
127284,5.855
252571,8.64
214832,23.28
254414,8.45
201496,20.38
76157,22.72
137464,12.99
183069,24.73
39866,2.83
159617,7.52
77323,5.09
269064,2.416
49131,8.51
217388,9.4
80635,15.72
115811,15.2
79426,7.004
76904,24.94
122900,32.44
118561,12.67
262850,7.57
45435,7.37
47514,10.74
23649,14.64
276094,8.125
267430,28.92
271401,13.02
248072,39.97
272307,61.12
47337,10.18
61947,24.55
115539,26.14
166291,5.914
173428,19.69
12082,9.945
25160,38.62
70959,14.22
165579,18.36
174285,9.945
14721,11.945
275973,1.739
69333,25.5
254413,43.66
268707,2.457
13673,19.92
107144,12.09
152384,23.95
28187,2.912
113227,22.9
68520,26.08
42661,18.89
228863,22.86
243884,21.84
27535,1.805
19226,58.72
139852,15.78
298525,10.35
155718,4.633
246858,14.46
217260,17.69
221284,17.66
258951,18.89
13852,10.16
85559,57.56
185647,3.426
243895,66.44
123674,10.625
18715,28.34
50060,91.1
48038,5.27
53607,13.78
209881,21.53
218710,12.09
122918,16.55
283008,7.742
237543,2.111
226189,27.77
195655,64.9
268725,7.066
200535,1.841
53937,25.61
198133,4.926
225048,11.33
246352,19.25
12252,16.86
250641,10.945
61048,3.096
251441,8.96
165037,5.94
296968,7.723
108391,17.9
140489,3.084
15923,7.273
46595,14.984
100907,13.61
18333,16.08
105061,21.45
280606,13.19
173491,10.31
187792,15.42
237645,16.05
142537,23.56
252686,3.238
52397,7.758
116145,17.14
88722,2.45
98251,30.17
11557,23.75
227756,58.28
810,12.305
64157,15.69
256710,2.764
192170,13.05
62829,4.1
65392,74.8
194558,37.56
293728,20.05
214083,17.9
207259,35.03
128976,44.44
93701,3.408
170743,6.82
126789,65.4
240961,18.47
230442,2.434
119560,37.72
62934,26.5
41318,14.13
206482,13.3
237535,7.18
113558,6.273
6223,25.5
7380,12.75
208511,28.52
260166,11.89
142558,49.4
7199,24.84
20929,80.0
152613,5.81
209268,44.8
236908,15.945
55813,11.52
210850,16.05
213504,24.8
79387,8.25
97286,2.615
192279,12.64
79091,5.637
39809,2.47
252241,8.34
99184,2.3
203098,12.46
90125,62.6
253155,9.6
184672,2.24
139647,5.516
232673,45.6
45547,12.17
86952,81.94
46280,7.504
272229,6.06
153650,6.125
160167,13.13
167060,1.874
96445,4.703
269261,21.36
64728,23.38
98760,22.08
117826,21.11
298616,12.86
145329,110.2
125100,34.8
287976,26.72
175974,15.3
36327,51.9
118112,86.94
212607,24.19
1479,11.62
270900,17.58
124974,18.66
228263,24.05
162852,37.5
157573,142.2
1259,9.945
20279,25.72
81596,6.434
10268,2.184
89557,3.473
36547,8.21
184313,36.16
290899,14.49
188404,102.6
180546,17.0
255808,41.28
100656,10.625
102243,37.2
226653,12.23
122648,19.25
246474,5.484
259380,5.47
30216,15.69
40549,7.066
67016,33.3
202724,32.97
136632,17.88
149141,34.88
121251,14.28
265652,52.66
243200,17.0
177919,17.19
294526,35.66
146261,8.79
287350,5.734
138553,35.22
15731,26.4
73662,26.34
163859,14.46
204518,9.836
96151,2.145
232246,11.33
84396,8.47
253817,4.855
284263,2.328
297687,8.07
299292,8.83
266621,6.652
161114,74.8
174011,33.16
170543,12.805
132039,10.01
233445,11.4
5806,16.34
87887,1.849
279492,11.72
292988,5.188
169090,14.64
55240,135.8
223943,5.2
240985,25.45
92518,39.97
110775,6.434
165400,3.117
112501,20.84
278007,7.453
284842,14.67
3134,11.305
207114,7.066
97438,7.965
191084,33.78
277288,26.67
162223,10.6
238452,18.42
177798,8.51
131975,12.914
32687,23.9
281792,7.914
3854,8.32
92665,8.88
219524,14.58
66440,24.3
191248,8.75
288458,20.94
14023,23.38
215724,14.164
5288,34.3
135371,15.62
125122,14.28
113190,67.5
127511,8.695
17998,57.34
37335,13.44
118790,15.08
179316,15.05
122093,13.81
294880,2.814
281826,19.64
214247,21.5
110048,8.75
259691,11.086
140109,22.2
11660,16.48
154272,10.875
12450,30.36
86182,27.66
53082,5.15
43987,10.67
68744,17.8
194805,6.016
107162,12.59
23616,26.45
107839,33.3
183486,64.9
128438,7.64
31645,16.62
231490,8.125
115943,12.46
48721,20.25
233156,11.49
120677,12.914
140953,93.7
65772,8.56
41050,11.47
111969,31.61
52186,10.23
177480,13.9
68210,9.28
49761,9.16
13474,10.16
233987,63.84
41789,12.15
107962,10.67
163739,3.771
234666,16.62
244231,13.414
296103,8.484
232800,22.48
242969,11.62
207903,33.56
264271,8.43
260095,17.83
78185,8.414
54709,9.04
217152,6.445
276654,2.57
239658,23.14
198066,25.81
228955,6.098
27119,5.92
43719,15.85
220938,3.23
172595,7.37
137142,18.78
199383,8.58
28579,44.72
139524,4.863
113444,19.36
65420,7.42
290582,7.773
280725,10.58
219783,23.19
98327,6.535
298404,15.11
287218,58.03
839,18.92
71709,16.45
145913,57.56
209375,28.17
181222,63.1
214584,19.64
172840,5.79
200775,15.266
116018,10.375
17030,11.26
1822,101.4
285375,6.06
4935,22.81
98470,23.66
56757,5.434
96737,33.3
184609,11.42
43475,41.1
139661,10.78
68972,12.33
242798,16.9
6141,14.37
172224,10.78
26881,17.0
290829,5.043
295580,7.066
166556,24.19
157602,4.5
69736,13.35
28103,7.242
157710,149.1
84849,27.44
165445,6.28
101066,14.31
168572,22.77
15970,23.66
281051,9.22
122627,2.379
199995,12.46
9513,28.11
186374,14.43
129904,9.52
13316,12.59
284749,19.8
10732,12.83
214180,44.34
76111,10.875
211869,23.95
73926,32.38
53396,16.02
86550,20.77
36659,3.643
27624,20.05
120376,4.168
218974,11.42
161597,46.16
141379,19.69
219047,20.94
102123,13.24
168604,8.016
237331,37.5
103901,34.6
219157,14.8
167423,46.8
109729,18.78
181049,8.66
121945,24.23
276132,7.035
55862,34.88
191980,8.07
200464,16.19
149702,89.75
280672,5.2
148271,4.48
131306,16.48
43387,2.633
25743,11.35
200067,14.766
213365,4.816
108731,16.77
172726,17.77
50832,22.81
187368,9.44
122088,6.29
288948,8.36
199321,9.42
219483,15.75
264948,30.05
117372,3.508
74904,20.5
70362,10.03
215964,19.92
88125,7.355
86792,2.191
174621,2.219
179288,3.855
260714,4.547
71539,6.55
299227,15.49
38352,3.412
138946,9.02
87719,4.715
37382,3.014
182288,18.89
107823,38.03
81637,14.49
109103,20.47
286194,33.1
186882,9.0
251074,13.16
67735,10.85
292277,8.305
142505,53.28
87909,43.38
268760,3.068
89040,10.16
162318,16.34
117636,12.195
182540,10.53
264776,40.06
128918,9.65
82541,6.684
229987,16.62
17738,72.2
252545,21.4
225487,14.766
267463,6.445
93752,8.77
152159,24.84
30108,8.805
215914,16.02
204368,6.46
28205,26.34
139205,14.13
42171,15.39
158664,10.336
191049,32.7
276483,2.514
160842,7.49
145814,11.99
108459,17.22
164352,7.355
240372,16.52
278269,5.676
179733,21.02
64961,25.0
168046,2.34
152344,20.8
273589,2.28
128901,90.44
263802,6.973
289718,8.79
148006,92.6
268380,22.67
76900,7.504
143386,31.03
127675,15.78
87226,2.457
141582,4.965
49675,3.715
242553,11.16
202600,5.47
31263,36.0
62503,7.49
247449,73.94
43902,6.742
104444,4.7
1568,61.84
282621,7.62
223571,11.72
157827,14.07
257645,18.84
266251,6.562
171563,21.23
174063,137.4
295824,25.5
206655,16.14
127425,1.942
244557,37.5
149902,103.8
201340,17.9
17907,10.31
84207,16.22
231266,5.88
246652,17.94
17682,30.42
287395,4.47
287651,2.74
285751,18.89
243706,26.03
197182,2.764
3732,38.1
114454,11.4
251735,50.7
2610,15.52
220106,65.6
159000,6.05
159469,15.945
133389,13.33
46898,7.688
94726,4.918
276031,4.375
178903,17.72
150789,5.402
66443,7.67
18454,26.61
92325,73.06
114835,22.62
7206,12.07
132992,16.48
37672,7.555
50331,34.47
55027,20.77
112416,27.66
121793,9.42
124918,5.477
256247,11.2
21683,10.97
254828,12.94
239203,12.23
212239,87.94
246199,8.805
260452,13.33
184798,7.34
177669,47.56
70109,7.688
245860,37.4
214856,24.6
200031,10.49
134824,11.47
204357,24.48
12996,21.19
237358,8.75
213977,31.67
141777,12.99
41463,25.0
26998,12.805
76763,10.35
290269,47.94
205429,26.83
285750,21.31
143779,36.0
164322,5.113
117629,27.22
13561,2.193
10087,12.51
73626,13.61
110836,29.03
52391,23.05
146375,6.05
237165,18.89
278521,14.1
175845,16.28
243718,23.14
296481,14.61
292134,25.97
214294,9.38
230963,9.52
287469,8.79
86863,13.38
202023,34.88
230791,14.83
165462,17.33
164979,7.098
136879,24.48
52098,11.664
58866,18.23
205143,34.66
56012,17.61
72048,24.19
11715,1.953
43449,7.605
150389,8.58
284325,3.057
115225,13.9
121603,28.28
157051,140.1
40697,15.234
43578,11.695
229725,6.492
75741,12.94
87560,2.701
277994,14.64
117452,32.06
196463,50.78
187677,7.793
86565,7.324
244854,29.62
268056,7.914
171837,9.65
57572,15.17
103674,3.691
14969,5.188
106972,31.61
133220,25.2
86173,22.77
92542,10.74
102786,37.25
294451,5.414
185407,15.69
158977,33.1
297854,6.82
208360,35.16
202408,4.965
178282,41.44
135514,23.7
172445,2.23
297972,29.69
5092,54.47
286847,36.53
115329,41.28
39411,20.05
280368,12.38
272235,23.42
15853,15.42
36221,7.59
218765,4.805
194113,11.11
68471,8.71
80488,5.598
100052,12.07
155599,4.863
135357,7.293
99283,10.31
275421,9.12
194599,3.383
234291,12.59
283039,32.06
33114,2.99
194690,12.305
1955,25.4
30301,17.28
139260,23.95
223552,6.168
152709,41.03
77747,3.26
38035,17.39
248101,18.7
90999,18.47
12691,7.406
41780,9.73
151249,11.23
85790,8.79
9064,13.35
177303,18.36
21125,40.22
195075,6.637
266453,8.88
146734,20.77
231717,124.44
60304,28.75
211275,9.38
82850,24.23
99568,85.25
257129,30.05
173955,2.234
235966,62.84
107768,22.53
209573,11.47
280391,8.14
222198,15.17
227547,9.5
292330,13.05
168330,10.375
261626,41.34
122866,20.47
190626,9.71
179557,2.662
297856,5.125
25880,4.73
147895,122.06
212399,8.92
222593,34.3
293661,14.83
276655,10.805
13132,27.44
281936,7.098
292872,18.5
59733,16.45
185603,10.445
109584,24.1
204677,20.02
186053,21.28
198147,12.016
240989,37.5
221809,2.545
225548,47.94
205754,24.64
81827,9.77
158051,12.35
183341,6.82
13828,16.69
264206,7.31
199586,4.605
74619,18.58
73213,31.67
41958,4.48
108601,139.0
231537,22.39
272800,9.5
268028,16.05
67741,16.11
258272,2.37
152202,30.23
79775,3.771
122397,24.34
246089,38.2
97460,31.1
249138,6.85
109956,18.62
65676,17.25
212546,12.62
125875,32.78
27467,13.9
219198,5.16
242640,5.94
296646,10.53
106441,36.6
53897,10.58
6321,16.97
89830,52.34
165393,55.56
41329,7.066
16812,8.55
72151,21.14
149584,69.94
29616,101.4
78040,10.18
31883,3.244
24497,10.01
21091,4.816
274705,15.945
289295,6.883
102459,95.56
178771,36.16
241905,81.6
27699,7.52
48461,6.03
170045,30.6
62227,5.34
260002,26.67
93207,6.715
117814,18.2
78570,2.285
25885,8.71
115547,23.42
268228,6.066
101157,5.656
146497,26.78
183416,11.086
128994,5.734
46561,8.07
274363,40.7
270865,23.23
137230,7.83
242297,2.658
125745,7.67
146600,15.33
62012,7.984
205725,19.25
178579,10.74
167965,12.38
264232,29.45
260858,5.188
52086,30.53
142492,15.3
124465,27.38
287891,17.69
86602,16.48
253471,20.97
152527,16.77
244655,8.21
271555,5.402
259768,17.8
112796,4.84
12849,11.35
103903,7.773
198595,83.56
274686,17.9
17093,25.66
243550,42.2
77695,85.25
14158,12.64
182311,16.19
187004,13.27
94586,2.406
1925,87.94
279193,13.16
201010,11.445
135398,5.12
225664,6.477
202558,46.9
235776,60.38
38697,7.324
25729,3.395
188920,16.28
123343,14.61
274491,10.51
19092,21.58
266681,10.12
173483,38.03
32359,3.643
165598,60.62
202549,11.59
8763,3.37
185970,2.37
281568,8.07
185304,13.75
7710,3.803
278078,8.0
31417,4.18
203369,42.1
9198,47.66
140143,18.05
19758,56.66
290367,13.35
272231,11.28
121160,12.05
281630,13.49
184504,21.4
230197,8.56
215244,22.34
221359,3.178
281786,3.068
99609,69.6
124364,8.47
187784,8.6
157132,105.5
170452,56.66
288210,3.152
276530,4.387
142794,22.81
14195,2.535
26432,24.73
150549,72.2
277912,19.17
2774,11.086
223126,5.867
64120,9.6
208305,10.13
185554,2.518
5218,23.23
215586,48.12
265038,22.12
187190,26.14
221310,26.08
94091,14.984
182599,6.31
66709,33.5
185359,9.12
297752,20.25
278827,8.305
81464,6.73
145659,124.0
87033,34.3
144486,5.52
74796,7.082
161634,99.0
124707,9.75
280120,10.24
36398,7.895
32172,4.74
298931,9.26
186260,15.52
99703,107.56
53410,11.445
123464,10.65
67091,17.08
83941,83.9
279099,15.42
58897,32.62
24441,21.62
90839,18.02
59053,20.42
286442,9.36
209470,19.36
286957,10.35
85568,5.695
132199,24.48
56555,9.6
17681,3.826
51146,17.11
159111,6.133
21515,24.23
52032,11.305
294702,27.48
190503,2.47
26769,7.355
6434,8.234
155148,10.12
47281,69.94
270972,13.33
65954,34.3
85556,11.16
61513,5.445
278209,5.395
45050,10.92
157312,74.2
154410,17.77
8717,5.0
161547,52.44
9486,9.625
134466,3.756
14697,14.52
234384,9.195
51958,4.96
96827,8.92
197437,7.965
41103,11.04
270315,9.3
231800,10.16
147136,9.38
19164,38.03
252454,4.27
197398,19.48
104317,8.87
92994,12.67
170849,14.92
263270,15.05
282519,5.547
1333,7.133
279484,16.14
237659,21.98
81609,8.125
20204,57.56
181086,25.61
147825,63.1
193997,4.805
55465,12.78
60943,23.56
113304,20.1
227724,9.1
188969,12.195
103551,6.06
286809,21.31
69374,7.758
72910,18.39
90237,11.086
137808,24.1
198563,23.95
62991,6.61
65455,17.5
18674,4.203
170369,9.92
197885,49.6
130920,20.12
3554,157.6
70815,27.27
938,15.39
226878,13.05
274554,10.23
198496,13.664
181819,20.1
258773,32.38
252195,7.406
51804,46.72
264907,4.023
297952,10.16
64503,19.28
146526,37.56
240188,12.54
156464,12.64
23338,15.46
285519,6.79
73319,15.46
5773,6.715
35744,11.13
36996,3.771
66049,18.73
283190,24.73
143080,36.44
114866,34.66
89867,4.164
35921,2.453
81773,7.242
117770,7.62
289638,12.56
68386,43.66
249669,4.223
9689,17.8
41345,6.973
206070,3.932
100298,6.203
167176,10.266
251605,7.52
216065,13.3
272429,13.08
233763,19.8
27036,7.18
128061,27.94
174167,11.42
119516,29.98
51624,27.55
114931,5.0
149807,46.25
96957,23.38
186659,14.766
68204,13.24
86473,2.223
38510,4.887
295074,2.908
14034,5.277
176222,8.92
99165,9.5
109867,8.234
224945,6.477
258579,14.7
185750,11.06
259083,8.79
6063,22.58
74109,12.23
233441,20.72
67887,14.05
268437,13.73
32450,19.05
221607,17.98
34530,31.03
281588,38.56
47125,34.53
130721,16.48
236035,5.605
107073,19.77
186817,10.65
41573,3.248
92748,8.64
93422,2.883
171042,11.87
121346,13.24
229547,6.73
197393,12.484
91082,21.19
100880,12.484
143278,5.15
121957,29.62
80198,11.89
158140,9.44
128089,44.34
145027,38.62
251712,14.13
218784,19.92
285644,8.14
174692,34.88
227711,19.64
251374,4.855
160922,111.94
137685,7.273
275669,4.918
244503,25.25
223954,24.0
296961,5.465
36197,5.79
83815,1.908
261374,7.227
56154,15.05
59609,22.2
23738,9.36
164867,13.05
28608,15.65
242657,24.89
96515,10.85
44751,8.016
79785,17.58
169398,23.28
295749,6.52
190594,5.227
271346,13.27
36898,11.664
73805,86.56
108403,25.81
49048,42.38
40541,14.28
33894,15.14
42716,17.88
147569,13.836
185278,8.195
275169,15.945
232030,10.65
35003,5.812
245829,11.914
239626,8.305
36924,9.55
53778,17.61
105818,6.52
2692,55.12
267398,3.66
116113,16.83
135015,9.96
59029,28.97
157974,3.23
237483,3.729
111111,5.99
185723,12.305
201543,9.69
203276,4.8
97166,13.58
40378,13.19
116338,20.97
150891,15.42
220714,25.25
151219,16.69
38061,17.69
276958,12.35
277201,11.16
270300,9.5
111143,9.69
55883,3.197
188475,47.75
263916,29.39
11497,25.34
120481,38.72
252778,20.25
196212,82.9
205685,13.664
292186,8.14
295632,15.69
59065,13.22
232089,27.66
252062,6.035
274573,6.176
78950,7.18
173375,12.33
163782,4.78
221553,9.38
213607,6.492
211565,21.84
17206,9.73
235581,17.11
23106,8.58
57211,24.3
219934,9.81
64885,14.52
187597,15.945
162832,16.42
175854,11.33
267653,3.756
145154,98.6
75890,8.84
293684,21.77
6458,17.66
276684,8.4
244750,16.86
70651,8.305
244053,13.24
106548,13.64
244547,97.5
103908,16.9
91989,32.5
35949,3.605
1152,16.6
91325,16.94
157171,97.5
153505,13.61
62648,5.45
217649,29.69
217453,12.99
140925,14.43
100134,13.05
251241,28.11
272375,7.355
147755,55.78
17578,19.72
68135,18.28
30368,7.02
49817,6.973
156790,13.93
175348,17.5
23105,10.23
197092,10.99
295079,6.28
143157,60.62
189791,47.84
252482,13.35
289902,15.3
77295,5.867
147302,5.867
88188,5.527
255386,15.65
176444,4.51
245561,7.15
40064,8.04
103973,28.17
255022,59.44
86532,10.83
286889,26.3
115525,4.26
128309,115.94
270406,16.55
151729,17.8
183802,4.96
123193,30.78
271074,11.84
28664,11.55
81959,5.79
178158,5.742
175921,16.25
50388,7.95
175590,6.06
164025,38.4
89748,8.52
57434,54.7
196491,65.9
288201,14.43
281752,2.467
155611,34.38
223516,19.64
75965,36.97
35469,33.97
245870,23.47
18819,26.23
277542,8.984
206404,45.88
190048,9.55
286603,4.777
131459,25.3
29499,12.195
35447,6.973
289329,4.008
213901,27.94
209892,23.61
152867,11.04
11448,117.8
56724,11.59
212832,14.61
204922,15.39
236313,4.58
259213,26.45
9295,29.75
207243,3.875
178997,5.168
62950,12.97
70804,10.53
140049,19.8
160684,60.88
243190,14.07
152824,7.707
204738,15.05
282364,3.98
74927,16.55
275382,10.24
248907,17.33
143731,26.14
47293,58.97
261572,44.72
285434,5.996
2277,70.75
160235,4.824
163042,9.38
217800,2.172
195503,72.5
30554,25.77
176152,12.33
54427,15.17
35071,13.52
111999,26.83
196661,81.3
89206,29.45
65139,20.97
43620,16.34
29944,9.44
114985,2.193
114406,15.914
66172,5.656
242514,9.44
170626,8.47
246993,18.1
252636,6.625
34558,13.52
296981,8.375
213870,14.555
81867,28.56
104194,14.984
92511,46.9
209220,62.6
35887,3.945
231627,28.11
225543,18.66
80550,4.58
57881,13.95
154680,12.195
219874,56.22
235330,30.97
251496,1.939
17672,15.69
92580,6.375
107085,18.62
6713,6.652
296434,10.16
4888,5.5
52627,3.512
170976,20.05
177898,19.61
289716,12.83
118445,23.28
297031,7.273
154960,6.52
110391,31.67
180855,9.625
4084,65.6
69713,7.355
162626,6.07
148859,8.71
29405,7.773
121013,10.92
245676,10.09
30296,11.97
283470,12.75
203165,1.988
239638,11.42
256882,19.77
183527,6.957
296791,7.02
208491,4.76
190490,5.332
55795,10.23
97850,6.652
163046,17.58
116930,7.004
127608,22.08
202590,24.0
57329,2.34
278205,4.637
106285,7.273
163423,12.38
264645,20.97
229929,2.26
298181,6.094
200578,19.97
243270,8.16
118810,9.32
42812,7.95
12833,28.52
10483,15.3
292629,13.22
204436,6.742
108572,3.053
4954,6.895
109447,13.35
181483,6.79
237480,7.406
59302,14.4
60651,15.69
147555,19.61
238801,8.055
48389,18.39
106099,23.42
198690,4.99
190976,8.4
63732,58.97
85594,43.66
40867,13.81
232676,15.08
46769,4.76
15469,16.08
97516,10.05
18606,8.734
106174,11.18
83677,18.42
236537,33.16
175002,4.598
61256,21.23
154151,54.9
17302,3.734
202117,12.54
11944,10.49
184743,6.105
146789,69.4
33151,10.23
556,5.527
140481,9.65
119905,12.914
53073,4.918
184082,43.66
17345,24.73
107974,27.27
288478,14.67
257246,19.44
92918,11.375
139979,9.625
38060,48.12
84191,13.984
100161,5.52
96597,8.016
8797,9.96
120971,18.92
214124,38.3
212071,5.145
263494,19.12
187452,17.83
136826,7.02
230040,55.78
1736,24.73
146061,16.42
100350,34.03
286881,27.11
168714,51.5
171038,33.62
241085,9.6
243608,12.94
147331,24.55
164093,12.016
269277,10.805
202281,15.62
142718,45.53
45630,8.07
261534,7.758
170089,9.52
44124,5.332
47489,19.97
276706,7.965
44214,18.58
258326,23.28
288128,4.023
87324,16.9
62527,21.11
239642,8.945
117126,18.28
282434,1.835
288340,17.33
43471,8.18
79326,25.61
8857,33.44
113041,16.05
70545,2.955
52105,22.2
238423,9.336
45036,10.12
289315,16.55
255852,2.668
251038,28.0
127532,17.66
286426,6.03
139460,18.02
254172,12.99
18207,38.4
47380,6.305
50795,11.375
116699,11.914
99497,33.3
211563,11.99
25722,3.512
149647,17.39
211954,7.258
92775,19.8
243875,38.94
213511,14.64
111331,8.34
183418,2.924
17249,12.54
68264,42.53
121664,7.59
175873,13.73
221269,6.758
5158,46.25
159908,8.56
203992,25.1
46272,23.47
184090,6.12
91455,11.72
235056,22.81
202202,13.22
264251,8.56
95269,6.957
288373,9.38
57343,24.14
148102,14.4
127082,24.73
215419,5.58
14225,9.984
7853,6.24
219910,2.852
108474,35.03
96367,13.27
292507,4.41
291285,9.71
20896,26.3
269825,13.13
217051,23.84
299059,111.94
103308,21.58
280958,7.95
156911,158.9
12512,14.28
202650,16.6
69547,8.21
281283,8.375
265150,14.734
277420,9.08
183075,26.67
238954,17.47
198111,8.07
175372,10.16
205201,14.64
220135,9.195
215418,7.02
193904,22.81
204327,2.494
159807,35.22
285226,4.16
280477,20.64
152339,23.66
185267,11.84
72312,19.61
272358,9.65
275271,8.734
211583,64.06
166453,16.22
233320,5.902
255307,8.695
69605,8.266
236696,2.633
168547,19.44
95796,6.652
292357,7.57
244110,4.84
286757,19.25
241980,21.84
178926,10.85
132949,19.36
21956,13.27
275173,22.12
259580,21.28
69452,13.695
207409,48.4
178387,11.89
195398,46.25
264584,8.62
3284,2.602
119650,1.928
75170,9.5
118842,17.25
77211,12.46
135113,19.08
27110,5.477
65766,3.16
239244,16.8
235252,27.66
223618,17.33
47282,22.34
42350,8.25
188171,8.29
88018,3.71
87114,4.723
9032,24.23
272170,53.5
177192,15.46
103332,4.918
132675,24.64
226356,9.3
194918,11.87
274858,14.83
93839,4.633
132584,11.13
90408,40.53
186459,18.2
157845,16.97
13341,17.11
58577,14.64
48331,10.65
37425,8.83
281268,9.56
147401,92.25
242189,30.17
20730,27.89
200582,7.656
150319,51.2
155192,10.12
154276,5.434
148664,23.8
101093,14.31
256425,1.9795
7827,3.623
296206,8.07
37976,6.773
34690,12.805
254287,7.035
72976,9.195
279962,9.26
270629,15.52
280787,9.32
258819,8.66
280526,42.97
35314,5.21
285819,25.56
208225,9.28
22009,20.64
101402,6.066
53765,2.62
219050,12.75
21152,15.52
182114,7.273
205154,17.88
134835,10.83
272695,12.46
82761,14.43
181807,9.86
168498,32.84
207068,13.836
180118,7.723
173128,19.84
248693,17.39
32194,10.4
244248,27.66
279238,19.97
88874,2.373
208365,24.44
135524,11.33
214517,21.5
279241,12.305
29808,27.27
192893,37.34
279646,7.31
185791,22.08
153348,23.38
158465,17.69
170147,17.39
244154,4.48
108020,15.52
55876,23.56
238994,16.69
89126,14.25
292245,11.97
174607,65.1
58113,11.52
261785,27.89
111192,21.45
45213,6.684
41064,10.445
263822,3.584
54865,14.43
123735,24.73
1175,14.984
148813,98.25
288237,9.945
230491,11.99
191361,49.6
259306,8.07
174473,5.766
239236,9.42
242875,33.72
209797,14.67
126180,25.4
101193,21.36
110746,17.83
130589,35.44
133589,3.938
222205,25.88
150629,12.86
109300,2.44
45981,10.555
230741,21.62
195663,70.2
128022,15.234
260538,6.14
243794,51.4
59252,11.79
286902,20.77
224194,2.266
65694,13.984
52940,10.76
166140,115.94
297746,8.96
100061,33.62
206795,15.98
8614,14.4
259903,36.66
296048,18.42
266126,10.74
133670,12.75
135677,78.44
192290,13.1
143740,38.2
283483,7.64
207533,7.723
197251,9.77
67169,16.52
12874,1.849
246486,6.79
292092,40.88
64528,5.57
17294,7.914
66098,29.98
83969,2.254
238823,16.62
209887,25.2
160990,4.367
167331,36.66
211276,15.914
141875,5.2
284068,4.598
206923,26.83
131444,63.84
213079,15.016
214506,30.53
16736,14.49
129782,3.547
104261,20.64
23144,21.94
123365,30.36
6942,8.45
6325,15.08
131696,23.61
160569,11.64
34504,21.89
148343,5.668
228838,47.28
23948,18.89
119272,44.2
147638,44.44
192757,8.6
8410,3.205
292760,9.14
3300,26.4
144733,7.86
17630,25.66
78472,17.11
258384,20.8
74984,8.18
107170,5.76
197394,12.305
215720,51.4
272509,9.9
269743,8.75
135549,25.05
274403,50.2
110816,5.133
20315,78.75
106175,18.02
34874,17.08
201031,17.19
243886,20.34
171476,31.61
122458,18.92
145267,34.94
90625,18.92
10686,16.42
9205,21.89
220953,44.53
298964,9.96
45325,27.38
49903,10.31
44366,8.21
161186,32.44
132577,57.12
289183,8.25
230950,10.336
65213,15.11
91652,8.79
3270,85.56
91438,41.34
216343,8.16
80358,13.555
252418,4.79
179402,6.168
273186,8.87
51098,11.82
191431,26.83
73139,62.6
123888,50.9
187936,21.5
69792,70.5
160522,10.4
162042,11.664
100644,15.266
133135,21.31
87694,4.863
37389,2.723
105760,6.652
166467,30.6
156829,3.598
34063,11.23
137830,9.55
159389,9.38
291955,6.324
27126,8.32
199702,2.225
32679,13.555
225556,8.58
286373,5.02
121261,18.23
29365,16.25
117567,48.8
270708,8.11
253773,58.28
235434,30.72
85909,16.77
48922,14.19
170531,7.965
207218,38.72
112676,6.82
298065,6.73
19345,26.83
224455,12.97
50138,31.61
210858,33.78
223591,8.375
149540,49.3
147632,52.44
229955,14.05
52234,8.0
279135,6.637
104489,11.945
292929,12.97
144012,68.56
251108,5.586
142950,84.25
83420,5.95
56622,13.695
39526,27.44
241046,6.492
275143,69.1
215313,7.258
189640,5.06
74293,12.695
101986,6.08
59982,4.266
281287,23.8
14301,21.94
165419,2.756
83972,7.742
43713,14.37
161879,144.0
196234,58.28
211421,64.4
20636,10.24
249608,6.273
161264,84.9
122798,34.75
189493,44.8
72504,19.84
6978,32.78
26796,16.55
158006,20.97
136315,12.38
5162,56.22
187570,17.11
297789,21.77
66844,92.6
62535,11.445
56636,19.48
18093,61.34
273985,13.1
27916,2.463
192943,8.4
202589,10.2
272616,8.34
46771,7.227
8918,17.39
288387,6.24
131773,9.3
234323,31.28
194044,3.152
275603,28.75
222685,12.05
117173,61.84
128668,39.25
290891,36.97
103177,22.12
11950,17.39
128097,17.39
152032,36.53
183508,4.723
262519,15.2
226753,36.22
32937,7.984
249079,4.617
151362,22.72
118659,10.07
79407,9.22
263300,112.4
65309,27.38
57660,7.81
8202,8.16
225979,27.11
212723,13.93
264185,14.46
145380,45.06
164397,18.58
126115,13.16
116263,12.07
123748,21.94
23927,18.02
220053,105.5
121450,21.53
82463,10.24
279453,27.48
114174,11.64
285825,6.957
230344,6.594
103486,11.33
166946,8.016
163736,22.44
2535,68.56
128472,89.4
183584,15.016
237376,10.76
184726,5.266
95840,18.73
66336,17.9
226078,19.84
275837,4.598
242743,8.0
280231,11.11
47794,6.91
1573,41.28
191701,15.75
121037,19.25
49075,12.88
61910,15.81
260835,11.4
281223,7.453
60877,14.89
219174,23.19
134701,16.22
120859,8.45
260546,12.23
219715,16.6
61557,9.5
188122,17.05
209217,39.97
22910,3.951
150302,4.9
247987,3.729
267054,16.86
42427,13.27
291864,27.77
43686,3.31
70373,10.805
273195,19.36
22935,35.3
118414,10.42
84003,11.945
272906,2.033
277495,24.05
32017,6.79
224608,30.42
65673,15.78
296156,22.77
110451,21.14
101275,8.67
58437,13.44
70379,15.945
49707,14.05
51128,16.08
70166,21.58
277247,9.28
109632,5.793
129108,42.2
219398,6.133
269519,14.19
262412,13.555
184882,11.18
273204,4.04
121696,24.8
194942,24.44
222208,2.863
225636,12.35
166012,25.66
154040,3.729
218176,33.56
229934,1.928
112391,18.97
41215,2.176
180640,17.0
90696,32.2
163161,9.46
101972,37.2
152188,22.86
176864,24.6
126716,40.62
178235,11.4
238951,18.02
167507,29.1
36377,2.256
106231,40.28
71995,11.99
251281,6.625
152590,12.64
86454,13.664
182485,3.336
82116,14.92
220447,22.16
105802,14.016
234514,39.56
281674,2.254
24541,26.67
127844,25.77
7332,109.3
269639,22.86
109237,6.21
149024,9.28
17920,27.0
68883,30.05
137076,6.445
175274,19.12
247245,22.03
140540,5.098
239705,12.51
252495,15.266
20328,16.14
77199,3.348
211136,17.69
145745,71.6
10269,1.894
5412,54.9
135383,8.695
88034,25.0
20432,11.664
58089,29.69
30289,10.42
13367,9.44
32714,6.21
82312,10.78
9369,9.38
40247,4.523
226259,12.59
61764,18.42
11679,12.67
73910,28.8
81868,8.36
167073,14.49
132292,12.25
119620,5.96
220548,38.2
182812,2.848
21753,14.86
4401,8.945
216539,17.44
18962,2.225
269245,63.34
209325,20.84
231684,95.56
2121,35.44
177015,6.477
197573,7.242
294902,3.78
31215,13.52
122854,13.93
191943,12.05
99595,52.75
207873,6.086
118900,11.06
133454,12.484
211756,24.8
296542,15.05
16872,28.22
28419,4.582
40683,3.705
276301,3.037
29095,11.04
208717,11.84
108015,6.625
39417,7.34
47479,9.75
54751,4.65
251325,9.44
52495,16.48
128555,129.0
177151,9.65
95262,5.78
161411,21.89
154316,52.12
9407,21.02
290865,16.52
234486,3.846
122487,36.22
283341,2.213
103667,19.77
148209,5.78
8992,3.117
57085,5.008
138127,14.43
290681,2.092
52958,22.44
248440,13.02
291725,12.305
119493,12.33
120562,6.26
5278,91.1
68949,4.23
186039,20.47
130543,5.598
271169,27.83
275379,10.13
249248,22.08
31908,5.297
8650,13.3
118188,15.69
212492,9.625
209715,10.555
174627,11.23
141036,12.17
35413,13.05
10138,9.55
28485,64.06
208605,16.72
255343,13.64
201213,23.42
83679,11.49
81708,43.12
178334,85.56
113369,18.23
102292,68.56
41602,4.51
12188,1.808
144075,55.56
273202,5.344
179315,15.52
205556,11.62
59983,6.156
209466,9.836
233478,20.55
105115,18.42
247179,28.28
78224,9.22
25309,13.38
210137,9.8
83344,22.77
19206,83.56
153808,8.88
291519,48.9
164902,5.35
229705,18.31
249683,5.258
298152,19.69
120408,3.922
265607,7.758
232239,4.74
277974,11.35
33856,12.99
46095,5.58
188828,10.875
268967,1.824
232577,18.28
254975,13.81
86033,10.42
220096,26.34
288773,6.867
5932,64.6
241407,13.35
164613,21.28
34744,3.748
12208,15.39
130434,22.67
185228,15.69
70080,11.445
51617,11.016
35840,14.7
109168,17.39
76967,3.771
208799,22.03
47885,8.71
123629,18.31
88603,13.81
83952,116.4
88863,18.12
32199,14.49
24389,25.77
253497,10.85
78829,10.805
257147,17.11
246624,21.31
215131,32.5
251248,31.47
848,15.39
57154,8.16
58427,12.805
197260,28.86
70502,4.61
291347,5.258
66562,20.22
205272,25.45
67189,16.02
216747,4.21
6814,9.836
84186,15.62
58717,9.73
129026,3.902
221521,16.6
248177,11.945
184977,8.04
295980,15.33
67912,3.611
134615,34.6
249100,8.25
29282,5.598
87224,2.814
222020,8.34
179246,10.83
264292,6.402
191095,5.332
293368,12.695
78142,10.375
43041,17.39
33198,4.367
48293,19.05
32241,6.492
221947,14.89
208399,44.8
8313,10.266
8786,20.17
258218,8.18
274834,3.06
106126,4.566
67601,6.94
50891,7.49
196929,4.76
297700,13.13
21076,60.88
245758,10.31
52902,18.2
140844,23.33
268085,7.05
174502,18.81
2896,44.8
190881,16.9
42100,29.45
159968,4.62
280305,4.918
205844,11.4
90752,11.26
55851,23.23
62606,37.25
146877,24.6
225171,29.16
112408,21.4
250358,105.5
100855,17.28
136237,15.98
42808,4.94
55676,109.75
114530,5.63
21907,29.92
212616,26.03
70158,12.86
298739,12.51
218795,31.34
130966,12.305
156006,50.2
54283,8.88
103886,7.082
5981,8.125
236322,17.08
252245,24.94
265846,5.15
275719,10.97
199809,12.97
48556,19.52
175559,24.89
119575,25.34
265766,9.26
33830,5.914
283777,12.75
39091,7.293
284440,4.875
237771,15.52
164035,8.71
55705,32.84
9005,39.97
215856,12.17
11268,27.05
194677,7.707
293232,5.188
237390,10.24
258447,9.75
36915,4.168
160854,8.29
87255,11.87
34077,11.945
231901,9.52
179843,123.5
24163,13.49
92462,30.53
232894,7.707
152738,13.24
242704,8.04
49452,4.656
88318,2.37
179269,72.5
260254,8.83
70614,19.92
23190,5.246
120119,26.14
146324,12.33
202379,24.3
279900,19.17
79833,4.02
108435,15.75
283401,5.16
204714,10.97
102611,11.97
141316,9.24
286095,7.324
97722,10.07
218806,3.469
228877,22.12
41792,14.31
61308,18.39
256936,13.02
227706,2.29
36626,9.195
222732,27.22
22839,22.12
225967,61.34
265462,8.47
34060,14.8
55442,12.62
139203,25.72
20950,17.22
293579,23.42
298057,28.97
67845,25.45
86683,11.97
254879,8.305
248844,13.61
20253,74.8
104965,27.27
36772,5.76
120227,17.61
266162,5.156
161247,52.34
217737,3.252
75323,5.45
46820,26.67
10754,6.004
229633,6.34
262894,11.23
11386,22.77
180737,2.994
65790,21.11
258468,13.61
192272,12.33
87311,12.38
179696,13.836
251791,8.45
221940,21.77
283278,9.92
252417,13.81
183949,14.4
242953,37.2
183745,15.81
216788,10.13
201794,19.05
106076,8.266
115633,45.53
150506,13.02
99607,59.2
217456,2.447
217043,35.22
208656,12.195
210749,10.555
137222,3.201
158641,11.11
289609,11.59
4996,15.98
70889,16.22
195267,43.8
190346,8.77
270583,32.06
48088,20.6
161268,68.56
99600,25.25
25419,2.527
219782,23.38
253416,2.598
161743,16.69
269532,7.914
256940,23.1
257333,13.9
107479,19.0
72693,38.1
39106,3.785
34191,17.8
57688,9.12
35595,8.125
250832,5.688
68004,51.4
251935,7.707
37348,40.88
240023,5.49
193597,41.7
66612,46.72
38097,9.6
171680,38.56
164107,8.734
76549,10.42
174207,4.94
119046,6.926
152950,15.85
100228,7.723
48352,3.332
171727,29.86
32408,9.6
131844,2.309
142031,23.0
233122,12.07
224453,13.22
271878,10.99
104873,22.34
102453,1.894
44744,9.02
168589,5.88
7436,8.945
92795,28.8
105504,12.94
81224,87.6
298240,23.8
200776,14.43
285102,11.52
84520,15.05
187650,10.47
6920,11.695
10361,26.78
119381,14.95
137399,1.727
242986,1.925
281831,13.836
140875,12.25
4254,5.215
276038,10.35
123522,7.742
85335,22.03
93678,12.195
186066,13.38
122055,6.7
196923,27.27
60983,101.8
276262,9.06
172696,17.69
245936,9.336
129665,27.33
236930,26.3
252010,3.822
77427,6.594
123114,23.84
296686,11.97
223266,30.36
298133,2.94
204853,10.67
37488,12.78
171755,10.31
135169,72.75
74555,25.1
107470,24.73
53020,17.77
52155,33.84
268647,12.33
262021,26.3
292909,8.55
29263,10.35
218161,34.38
146262,31.86
239418,13.58
284724,39.34
67612,11.49
259472,38.3
162093,8.16
51418,9.4
40363,4.152
135208,13.38
20868,27.38
169342,9.92
264988,20.72
261917,9.06
248871,2.912
45458,10.76
105254,17.28
131017,12.09
14445,15.98
190129,9.55
202781,6.016
234580,10.695
186931,8.984
108845,15.586
94404,11.13
4672,15.914
55342,6.105
84108,6.82
282795,8.734
245617,24.0
269044,18.55
72218,6.492
68733,28.17
24402,6.91
195198,81.94
203372,40.22
128613,106.75
63280,40.06
106521,42.97
42134,64.6
77294,13.984
87334,23.8
269564,23.7
84956,3.553
4448,22.62
48857,3.674
140345,8.984
99678,20.38
74903,25.56
167205,2.045
214827,18.31
97070,8.79
122560,32.7
162789,5.645
65637,4.863
218079,7.49
188755,5.395
14614,8.55
71994,18.12
169067,7.21
154009,27.66
237642,13.555
191528,5.637
89137,3.72
265143,3.795
285243,4.855
270394,7.293
28947,6.7
138463,6.05
270568,3.674
141596,25.81
232741,12.75
76725,6.55
260909,33.1
136445,27.55
119895,5.84
17080,3.129
24765,14.07
289969,11.59
165081,11.89
26674,10.23
112753,30.05
118408,13.19
166976,5.715
286876,3.865
183901,5.5
233439,11.79
195524,60.38
178131,26.61
19931,59.66
260315,41.1
183453,15.14
138612,8.6
77057,9.836
73556,11.26
71404,16.42
72414,47.28
105587,14.86
12709,6.535
2644,56.0
180130,6.492
93945,26.23
140676,18.1
106205,17.25
263236,19.61
120589,18.02
241232,53.06
293329,30.3
287341,3.43
272485,10.97
129148,9.56
6658,28.11
104248,19.8
8162,8.07
58032,22.25
270699,5.16
225423,8.87
10938,22.44
227231,13.27
1655,97.5
7873,11.89
85210,17.44
47209,7.164
80913,16.28
261675,12.27
120079,7.54
195059,32.12
284731,7.004
225703,12.97
203465,17.94
229252,17.66
18029,77.8
208681,7.742
143324,11.04
173784,29.2
181138,22.72
37499,1.874
65240,20.6
48383,6.926
159358,17.66
86823,35.94
49233,8.414
261988,10.945
253351,10.51
215700,17.5
74823,15.555
42050,8.4
204429,11.79
81079,16.25
296687,12.99
57473,5.707
118047,17.66
196226,36.22
126426,12.805
177262,2.598
51868,8.21
180854,10.875
171190,17.88
178836,2.059
79476,2.842
180431,7.473
109521,2.021
347,2.41
201395,53.38
120667,21.67
240001,9.71
112643,6.07
23432,5.98
28613,37.88
8884,5.625
264781,2.89
271570,2.256
225288,6.184
144240,9.336
149296,4.11
109210,29.5
242801,13.984
283904,28.8
130491,7.273
289000,13.78
49318,2.736
270579,2.26
79179,27.94
266711,7.438
122891,14.766
90818,17.05
44367,60.16
23919,9.71
223238,21.31
162343,2.078
30884,9.52
130582,14.22
25250,8.484
229859,6.113
246504,16.48
16644,7.88
49077,10.625
284904,2.895
35774,11.33
171135,13.93
92800,14.016
168325,6.58
182468,11.18
274283,3.803
266959,15.42
234749,26.19
54291,8.6
56101,24.55
59923,17.0
50036,9.0
49459,12.86
271195,57.34
7719,12.27
286269,26.3
276037,3.197
298506,8.016
175114,7.93
28695,11.4
150046,4.33
272221,9.195
233637,18.55
125730,8.6
201678,20.1
254377,8.6
214105,11.06
122878,12.12
222914,20.97
146688,60.62
182101,5.914
94053,5.0
295637,20.67
86767,116.4
38694,5.113
20643,82.25
19363,38.47
84486,7.52
22641,10.375
60536,10.24
210836,9.65
250729,9.0
67852,25.92
152203,19.61
144359,78.75
298782,15.266
268702,2.426
2390,103.0
142094,14.734
137042,29.16
115752,36.97
208500,27.55
159296,7.707
153539,15.39
289757,10.09
107431,45.44
46778,15.05
67756,12.695
2524,44.2
254039,8.64
95087,15.49
168031,13.414
266866,12.88
125420,7.895
221307,17.36
20208,39.66
273114,6.035
289564,16.25
169368,13.555
196473,56.9
62031,8.84
192919,19.12
83509,20.02
277179,12.15
94280,11.086
45469,42.62
53969,34.25
128523,25.25
258548,27.89
205258,34.6
197877,19.97
269080,11.35
127040,9.32
183653,13.33
247354,15.3
61861,17.58
277909,6.46
294769,4.137
65542,107.56
68284,24.0
168643,7.066
25571,5.535
81279,29.2
161521,30.11
19879,58.5
284138,7.504
240101,16.48
243383,36.6
31682,7.082
121620,21.58
180339,5.79
180584,27.16
172119,9.02
66754,29.69
118358,9.56
21745,37.78
157961,35.22
249186,97.1
255874,2.607
221491,12.305
189274,30.9
108827,11.695
281931,7.37
273552,12.016
195590,59.9
41995,7.86
248721,17.22
75401,2.416
274933,8.34
104588,25.2
102113,12.805
288404,7.984
222308,34.38
249778,18.62
70703,25.5
118732,20.42
283240,51.0
193234,7.31
100428,29.03
215346,26.23
257809,2.598
133897,18.97
89995,7.895
209688,25.5
78753,3.29
172747,5.61
255694,10.695
150240,28.39
288762,26.34
208195,11.695
70200,15.914
185866,14.89
238531,9.52
219916,12.54
26213,2.607
206283,31.4
290101,22.62
150984,5.516
298304,14.92
13692,6.375
212371,18.7
106377,17.88
4311,14.05
233188,18.05
248881,5.727
96079,15.36
224888,10.4
229956,28.86
108880,23.52
147978,34.88
81890,5.035
250412,16.77
277567,7.49
151255,6.066
137640,9.04
22309,65.9
197232,50.38
225699,43.38
7349,25.4
2063,78.1
53556,20.3
252325,10.875
87701,4.75
137501,11.04
90652,8.36
25329,7.21
260640,12.805
107938,10.35
85171,10.945
144986,43.12
213865,13.22
259165,16.11
138190,6.55
256705,4.492
66904,7.895
21939,7.83
78203,10.51
297381,13.27
48080,17.05
23401,19.77
143315,3.412
299016,2.35
142216,25.66
89258,12.016
1627,70.5
184247,7.86
243227,47.66
231212,14.19
235366,34.53
109671,10.97
140937,99.0
23152,40.47
237899,23.61
295586,9.32
163541,6.445
128016,17.14
234183,28.11
124360,17.61
68740,5.977
216416,48.8
126958,5.137
129053,12.35
198665,5.07
168455,15.555
149153,10.97
42005,17.77
284242,14.43
185357,22.86
125761,19.52
208906,3.71
171585,5.63
118092,139.0
178621,8.43
249724,19.12
214464,29.92
238835,30.9
100559,19.28
238289,6.594
48669,5.875
285002,13.08
127990,10.72
168894,8.88
209159,10.945
258358,137.9
276069,4.297
147917,97.1
145453,15.266
279399,7.844
256106,7.195
66788,14.92
36230,13.984
170439,8.47
45904,4.773
47255,12.195
169701,4.777
203466,14.984
41956,24.3
217292,8.4
232335,32.44
60244,5.1
24123,7.52
123612,15.52
185663,93.7
111332,30.78
6725,5.254
101870,17.66
101708,8.34
115453,11.086
230734,17.33
7376,16.72
244153,13.61
10632,14.016
251863,16.28
130104,15.78
122456,8.45
10743,15.46
157920,10.97
195026,11.13
279602,7.965
91987,38.03
154774,115.94
130004,13.19
165054,5.566
13175,7.18
1760,56.44
9858,15.945
109980,26.14
89879,8.92
62082,10.92
294286,9.9
194972,10.23
288108,6.684
37873,5.88
142694,35.88
255068,21.5
11891,11.55
156361,14.52
56111,9.3
252317,4.13
235591,14.766
280900,18.39
26062,13.555
92743,8.55
231045,36.6
295729,8.52
94413,28.11
189821,21.4
161826,80.94
194037,40.62
206451,17.94
129866,8.84
273791,2.338
246875,18.05
43046,21.36
98420,6.492
184955,3.186
43608,23.1
75428,12.195
94749,6.926
295055,4.887
219379,14.86
84435,9.16
190897,30.66
269747,5.434
199397,9.26
63229,107.2
232424,40.53
263792,21.89
95431,15.88
157985,9.42
160748,25.92
113228,22.12
224183,3.357
96906,10.83
156253,5.355
11726,6.973
138834,16.25
63510,26.67
194017,6.086
75239,25.34
178474,17.05
88000,2.32
182521,18.47
61035,23.8
209226,12.17
36063,5.832
193183,11.79
79379,11.23
283744,5.56
78834,6.46
51616,12.17
91726,15.69
1670,66.7
30392,11.57
274897,11.87
60892,14.52
194165,2.959
35174,7.504
121931,80.94
173177,5.07
294528,20.5
200809,15.2
138583,9.02
142757,62.1
258953,19.52
235208,29.1
60338,11.23
174221,11.55
30505,19.08
244910,31.34
148733,9.28
51956,16.69
166649,9.195
273312,19.92
289959,12.56
51361,14.766
105227,13.24
85578,2.744
73873,13.9
183053,2.434
158869,12.25
85871,55.12
266879,22.77
96987,7.54
273277,17.0
192931,12.56
31610,14.67
99520,63.84
108437,11.89
52741,11.2
158979,26.03
201166,75.1
32363,9.71
174432,12.97
139854,56.9
27304,14.43
101171,22.72
157841,7.914
9104,11.49
174521,4.766
100868,15.72
171109,5.363
295182,18.73
232235,20.17
273196,30.78
78658,8.45
109519,2.64
77126,2.797
75360,1.75
43421,2.314
139695,8.14
171970,16.83
109150,31.22
145346,8.234
234092,14.766
242094,7.656
185766,5.21
136754,7.242
219136,2.059
123553,15.39
142797,58.5
54170,12.75
290634,6.086
266593,21.31
185004,9.24
185158,4.188
116715,4.113
288910,11.06
77922,25.5
260459,4.996
234140,3.352
115376,15.88
259780,25.45
54129,44.1
65750,13.16
239874,12.51
150760,29.27
78146,4.773
32703,7.258
105299,7.57
31674,14.1
170022,5.645
260290,9.86
8976,10.31
292211,16.25
273814,7.555
131383,7.688
201413,60.16
249463,2.215
232363,44.2
178101,3.836
298771,18.36
233641,14.19
270145,6.22
131900,25.5
263587,8.055
121080,13.05
214561,50.1
266577,11.35
10724,73.06
52653,21.14
1339,66.94
197624,47.1
174497,10.74
140150,62.6
134977,12.73
189188,16.31
27481,10.99
99061,16.8
170279,8.04
285239,11.89
162686,8.83
216189,15.39
82154,35.8
8491,20.3
15269,22.03
210797,16.86
100983,21.67
151737,20.12
100294,7.555
175454,17.44
109587,23.33
295459,15.62
283698,2.281
108515,7.965
110080,3.42
193838,8.234
261992,15.78
195582,75.4
43784,25.66
64708,22.44
103174,6.957
238853,16.52
128212,6.434
101457,5.88
21277,9.28
88481,21.45
118420,15.08
53290,68.3
247237,27.94
109600,26.45
5319,97.9
228350,13.87
37584,10.13
265070,11.89
10533,9.81
144558,5.246
51575,17.88
5856,7.86
207047,20.17
99096,21.84
151913,3.19
155416,6.125
137935,50.38
237076,50.78
268650,16.14
7172,6.594
131521,33.22
210310,9.96
125,12.35
277709,44.2
156488,14.34
184330,7.035
120558,8.0
223144,26.78
129652,18.02
45953,5.81
149307,27.55
186703,12.805
136738,5.33
58861,52.66
249387,11.62
146879,6.12
114528,3.361
230969,48.12
172519,4.555
236530,3.29
274577,10.72
130372,17.39
207494,55.78
255440,6.867
268436,10.35
190193,11.305
188370,15.945
145375,24.55
66143,20.55
142193,62.6
299092,51.5
141836,32.97
87331,8.984
107794,19.97
70851,9.14
298678,3.809
38961,14.4
91917,36.44
189875,11.47
217159,10.49
21873,10.2
39592,22.58
260696,6.21
132507,23.7
247925,6.008
78323,10.72
131138,7.34
261448,9.12
16766,16.48
148832,5.227
121082,11.664
258038,6.99
298686,11.375
281153,14.07
283997,21.06
222098,10.4
141313,2.512
207789,25.72
198840,7.21
77578,18.7
22093,11.086
159615,45.06
75872,7.195
47507,24.64
298338,3.674
29056,23.38
80030,20.38
276672,8.29
210769,19.8
103175,6.066
115958,61.34
239621,6.098
249513,2.883
104386,7.555
248869,4.164
151530,19.05
215553,10.266
154631,8.805
185881,10.266
31284,6.805
95678,7.88
220742,3.11
103934,7.965
251845,19.48
128715,9.484
61019,5.383
203005,5.402
271901,31.61
176920,26.19
132284,25.0
13106,19.12
281806,1.962
204162,27.16
48792,7.21
118303,12.64
209070,23.42
208284,14.34
175250,15.42
134420,17.22
118295,39.8
109856,7.54
47320,8.21
147954,52.03
36425,11.52
106107,10.29
69204,18.12
29928,28.0
135667,19.12
185098,18.84
290965,30.97
77661,6.957
106352,17.72
181586,7.082
144239,56.0
241153,32.38
51359,65.6
139486,30.6
29802,8.25
60596,8.32
162365,21.89
234939,14.34
146211,11.086
53605,22.39
189873,157.0
195105,28.92
22391,27.77
92497,6.836
35594,6.29
277692,35.16
12693,13.08
91361,17.5
13525,5.01
175093,16.34
266894,23.84
269973,18.5
149157,26.23
44703,44.97
294644,8.25
145169,108.44
68255,54.25
263556,15.65
28162,14.7
247807,25.45
211769,21.89
255768,46.25
141574,5.145
241458,2.273
264047,25.05
231273,22.12
144163,4.7
113862,10.72
122782,11.55
141363,6.176
281992,2.86
121582,13.78
32704,14.43
258650,8.55
153406,15.72
297937,6.445
218685,16.45
50995,141.1
246043,38.1
247948,18.02
114830,13.555
245462,16.83
239409,6.266
170964,21.58
256276,5.383
69291,25.45
191492,5.047
76477,17.47
177828,62.1
1431,6.266
87799,11.55
106779,19.52
144372,53.6
195958,58.28
142438,24.69
277836,2.883
95731,3.99
259362,8.16
73321,31.4
52775,24.8
284435,5.605
169273,9.02
21296,23.56
53698,5.695
28129,2.625
221532,47.66
113177,12.25
217658,8.84
145768,71.6
85025,13.33
268122,10.18
282019,13.27
34671,11.57
101812,11.82
67265,46.53
89928,5.625
257837,1.953
269846,13.02
256561,19.72
97303,13.08
136467,16.83
202091,13.35
89962,16.77
129496,16.38
4483,102.6
42442,6.883
32622,11.664
141049,19.64
143757,36.44
135077,3.19
51995,13.64
24219,20.6
76249,15.62
152895,9.24
158442,7.95
103051,13.47
148139,2.74
18645,5.375
251918,2.31
200379,5.023
258949,7.62
123454,30.53
277459,7.324
128182,41.6
229424,34.38
184593,6.12
202171,19.89
107352,58.03
80243,29.75
255839,14.7
156517,7.52
58197,19.0
112555,15.33
190813,22.16
235012,30.84
88495,27.33
215380,21.02
188292,59.9
247307,115.5
239590,71.06
208155,16.8
43564,12.305
5927,10.625
124775,9.02
293532,8.51
272739,21.98
224206,3.34
11930,3.832
65568,11.57
148471,16.22
287757,10.375
44938,13.75
93111,15.65
231790,36.66
165055,15.69
61618,31.4
138685,9.65
44353,3.98
212657,17.22
114935,12.88
109363,25.5
163498,13.33
204291,10.695
56933,7.984
255159,141.1
240242,42.53
255951,12.805
219680,29.62
226618,28.86
115242,20.5
68415,19.72
188707,12.33
297475,2.719
39778,5.168
157436,153.9
63389,26.67
242484,18.47
291212,8.52
294275,11.33
63241,41.7
258617,5.598
172287,3.182
86833,24.19
45793,9.5
283570,7.42
298128,6.492
155658,9.836
229821,30.11
191448,13.33
122842,7.504
104504,2.86
213936,17.36
42630,10.625
218575,8.25
20531,13.695
172770,18.42
151707,8.71
131082,3.633
254433,28.17
190439,10.29
103164,2.145
291280,4.664
17705,24.14
44669,14.1
28454,4.28
61678,30.78
213848,60.16
87152,1.849
171412,32.25
96308,8.0
63926,16.86
269304,4.953
161280,146.9
191441,18.5
186413,11.64
76564,25.5
52614,25.2
219585,2.576
17059,27.05
98648,15.75
103891,38.62
32406,7.555
225098,11.89
57601,28.28
148876,36.97
157380,132.5
188083,6.03
94156,12.09
121514,7.86
33605,11.97
205231,14.49
219221,7.57
3380,8.87
192526,5.516
59161,9.44
179023,17.9
112914,19.33
42026,5.707
109360,23.19
216712,31.67
93285,12.15
97905,14.34
118956,11.97
244900,27.48
38119,9.96
68401,9.945
262625,13.05
168459,11.766
29349,7.555
176917,8.234
104021,10.625
214500,18.7
275211,8.14
44121,14.22
38507,5.434
11330,19.0
94118,14.49
121406,6.836
222184,19.33
240508,39.8
166941,2.752
219336,3.129
157884,12.75
39272,18.47
166648,5.242
29846,14.984
227390,20.84
164003,10.2
83352,44.53
17150,13.61
250063,28.0
207519,13.35
171293,7.195
224027,21.28
260472,12.41
248778,10.945
275926,6.73
143486,40.22
96871,3.494
9706,12.97
185349,98.25
251607,13.3
159854,10.58
297086,18.97
179853,10.375
198144,14.7
94315,23.52
243324,15.234
138734,35.72
258332,22.58
97503,16.94
274592,11.47
20695,17.11
39777,19.72
171671,19.52
14132,18.47
79405,5.227
182026,6.094
171428,36.9
155281,17.22
32925,15.36
200836,16.45
150645,18.73
242980,28.0
214329,31.47
116703,19.44
118365,9.56
9892,10.24
19136,13.87
72196,24.0
90782,8.64
220198,22.48
166098,8.04
49894,10.05
223071,6.24
86888,15.49
91156,29.39
151211,8.016
28054,5.258
24212,14.07
147436,76.9
54759,30.11
43870,6.008
14885,19.61
181180,4.44
128127,28.69
287212,8.6
158072,11.23
201133,13.555
95277,5.09
20533,12.51
209907,23.42
235170,49.2
15776,23.38
211699,19.8
273156,1.843
49968,7.93
157705,124.44
29941,5.86
105600,21.89
60154,5.63
133093,18.36
242604,7.258
158014,13.27
134025,8.734
134414,15.75
255609,12.75
176657,14.61
47124,36.97
195419,64.6
108658,5.496
58747,13.44
187825,1.91
74587,51.2
110521,20.47
211982,10.97
79922,9.836
112085,35.16
184881,10.9
105121,9.8
78400,5.09
272306,13.24
6327,46.34
271483,3.465
11482,42.03
29382,5.535
146943,50.28
174842,29.39
167726,14.49
10404,8.47
226837,8.84
20523,116.9
283928,23.66
236253,4.45
47888,6.61
186789,11.35
15833,11.62
278124,12.35
148295,47.0
297692,6.625
236332,4.426
111131,4.523
49539,12.73
98072,4.566
208637,10.16
262526,17.72
162264,11.375
52766,12.305
193367,62.34
259637,21.72
68314,38.03
135603,17.28
228605,21.8
38566,29.62
132748,27.22
154752,9.42
16880,24.84
198123,9.24
16136,14.13
173230,8.88
256068,22.53
30067,10.01
173118,4.254
271117,9.22
215949,19.89
23580,135.2
282960,9.28
151507,10.35
232781,14.984
284342,2.367
55118,13.664
198082,57.56
128079,83.56
117344,45.44
281060,12.33
52038,13.73
251438,10.695
136470,13.19
214951,11.305
150662,12.09
136404,18.92
5160,41.94
268735,5.363
182610,29.86
84569,6.133
20935,55.78
180491,4.83
92996,12.46
117203,33.38
132360,17.98
188778,9.984
79884,60.88
102977,2.016
23714,11.99
211384,6.52
273933,11.11
73160,59.66
47975,40.12
175310,33.44
25565,10.24
139472,30.78
191336,10.53
1477,56.9
119877,7.86
120154,21.02
259588,6.715
173122,10.58
156208,6.957
154866,11.52
199675,5.285
154216,24.6
292133,6.668
161159,115.5
37810,19.77
269774,14.8
129336,29.2
162577,3.068
60619,11.55
176942,155.1
55571,30.97
254336,6.758
67334,31.22
273719,20.42
197897,7.164
37058,4.41
132635,8.77
264634,29.81
294503,14.13
229478,22.12
54396,14.92
114977,10.65
178550,8.29
125589,8.234
178973,10.805
171839,9.18
84908,2.986
175705,4.95
34932,8.87
64318,16.62
223455,14.984
233544,41.34
101176,31.34
21929,11.97
71529,24.05
204294,9.875
17051,14.766
252544,28.34
278839,16.02
92962,67.2
150558,14.19
1616,57.12
201900,3.518
287803,13.555
180920,5.625
290282,61.84
140582,6.035
246756,7.688
288601,36.97
228966,9.08
213334,22.48
219749,21.84
297161,8.55
73922,41.84
252504,7.605
234488,10.51
16841,10.555
51488,70.75
254275,12.73
95637,22.25
88675,36.44
2536,29.69
20254,56.9
211494,5.098
261813,15.17
189226,8.96
75501,4.742
156598,34.75
179652,11.2
150920,13.16
171289,7.895
260247,13.52
287409,7.793
79804,18.36
123565,36.75
187976,4.723
234720,5.246
281338,73.3
227229,22.62
129441,13.61
151449,13.24
4783,7.914
252635,5.61
230590,17.5
74342,28.75
95070,16.38
138688,22.62
171479,11.11
267326,11.086
11197,16.31
88218,14.05
87278,10.16
9091,11.4
96998,4.96
211409,58.28
102843,14.22
10758,5.56
19597,12.56
62788,8.195
191664,16.22
213980,41.34
217933,25.3
132847,15.914
267893,33.9
112967,12.46
65832,29.98
13500,10.99
13991,24.6
21512,6.06
165323,5.98
5967,18.17
260728,7.67
142136,36.97
265473,18.81
299366,14.67
48041,10.23
268342,2.26
142110,125.44
243701,27.94
270301,12.54
190900,10.47
86307,27.89
247030,14.1
136552,22.25
207881,48.53
253614,6.004
9211,19.05
265443,6.14
287655,2.102
199186,40.94
232985,24.69
226907,10.445
140714,24.48
121435,5.715
88050,7.406
85228,18.39
160538,3.17
35592,3.5
116920,59.44
242361,13.24
64809,14.89
276517,17.19
19909,28.62
284469,7.67
65122,6.99
161790,138.4
206449,46.8
282604,6.684
282640,11.695
297368,12.38
190641,36.75
128051,6.85
256298,8.75
3497,103.44
173502,2.559
56224,28.0
82686,24.05
231425,35.22
7541,32.7
228563,7.05
41666,11.26
217843,20.25
144757,5.78
54978,24.94
128971,8.14
196317,54.03
62376,15.17
210266,9.195
28937,46.06
227989,42.78
180018,21.14
223217,2.518
133739,18.2
226160,46.34
262790,8.88
161308,42.28
244435,18.39
51652,8.79
50923,11.42
163644,16.34
64092,13.47
225008,10.92
256056,19.64
36111,7.18
40335,54.7
49712,9.06
186190,15.36
64996,18.73
90132,7.656
248409,28.11
55854,22.81
256547,12.35
187327,11.28
25615,4.625
249055,11.42
69494,7.31
66656,23.95
232018,7.965
223903,3.297
246527,16.77
208393,10.9
43807,7.34
57741,8.56
153681,13.44
195384,47.47
9729,14.4
163188,15.555
294838,2.406
151236,20.42
152091,28.52
146147,54.25
117063,13.02
204937,34.8
129143,15.78
34469,57.56
274673,7.293
154907,6.418
240154,18.58
230375,22.03
65631,16.72
295628,46.62
43792,8.87
126019,20.5
266895,25.5
269643,22.08
28914,4.277
6430,11.87
240782,14.52
288944,17.14
6461,22.77
62499,22.3
130441,23.28
175750,3.227
167559,32.38
107025,10.695
295440,1.777
147552,9.18
200261,7.93
10965,11.55
95592,3.65
228843,29.92
128775,14.22
191565,3.898
268954,4.5
69653,10.555
7029,12.43
283674,4.363
50759,38.2
208991,15.75
881,7.242
101912,16.86
180409,10.13
251034,12.56
216756,33.44
296836,15.234
149281,78.44
244687,25.61
221650,12.305
160467,33.22
271071,17.05
13454,73.94
19436,15.586
214687,5.02
274984,5.547
54128,9.06
176049,24.73
262477,4.047
85839,7.93
170461,15.016
74848,12.62
203881,6.58
140878,5.414
139198,6.742
18835,27.89
154440,11.84
10387,8.58
170634,7.984
149162,4.16
275913,5.402
48765,16.28
269979,10.695
100621,3.72
28471,48.53
127784,4.754
6807,6.52
104173,50.7
1217,4.008
40927,18.36
118147,5.664
162319,15.46
269881,8.055
276410,2.139
28861,6.504
212871,7.758
35444,20.22
297154,5.527
238907,20.84
43217,9.945
173399,19.61
60327,15.75
179599,72.75
82866,24.64
298986,45.88
21124,78.1
10266,10.76
103648,31.16
128626,89.75
217300,3.113
51899,130.5
23930,65.6
219358,8.016
194070,8.484
176159,6.105
199201,10.445
282882,1.857
34236,3.148
132725,24.6
133683,5.86
244186,66.7
175865,8.96
104088,7.81
160619,2.152
3223,5.496
265595,8.51
58832,10.99
8782,10.375
272822,5.97
180234,27.27
124855,19.89
209786,15.17
141258,2.822
131801,10.99
19090,28.22
143851,17.19
194801,4.016
35704,10.336
148061,143.4
296194,6.16
25629,9.77
17812,9.8
10100,22.58
169124,10.695
134097,2.521
117194,21.8
201598,2.176
248036,42.7
21288,17.9
253312,19.36
67497,17.58
68014,45.88
140555,12.54
222366,40.62
219990,7.81
105368,24.55
299120,11.57
21333,11.62
11538,25.4
117989,8.67
64841,41.44
2219,25.61
221535,43.03
65349,26.4
37620,8.04
86288,2.2
45802,2.908
120908,19.97
286851,30.66
19292,59.66
99229,21.77
228684,24.48
49006,10.67
203244,31.98
285098,10.49
101390,31.47
21866,16.38
218990,10.6
17910,78.44
252124,9.24
91806,4.938
206875,31.03
88912,17.94
213240,12.54
41790,13.33
287115,14.46
46682,27.16
218715,17.98
46817,8.56
127505,56.22
247558,10.23
59640,8.47
289737,9.16
262798,9.65
173626,22.48
290302,5.086
282433,1.753
273580,10.92
244586,21.94
18785,77.2
123974,18.05
276801,29.5
226783,8.52
69484,15.62
149804,22.12
83668,14.49
8087,13.414
173487,28.0
31911,3.227
211918,7.81
76014,2.898
47519,9.52
8905,6.926
31996,4.0
35363,4.59
249286,7.05
220314,105.9
150567,11.57
202727,52.44
184602,5.06
292158,12.64
69400,2.895
204620,52.53
48776,7.39
182137,29.81
186564,9.9
74175,7.688
193672,19.08
252863,28.45
67530,13.555
201194,34.3
255147,5.953
184057,32.12
14070,23.56
194385,18.58
265533,16.45
283772,18.78
128666,6.492
98700,11.16
113293,9.69
198031,16.48
227776,22.2
185581,7.605
65705,28.11
268885,3.99
26482,20.38
285108,27.11
184464,6.35
268502,15.49
49621,9.55
210002,49.3
12337,35.5
107112,18.12
76929,37.34
289611,19.05
129855,27.48
271481,10.16
136804,12.016
265991,11.04
256947,6.668
130128,30.3
20380,42.97
107671,27.66
162788,3.518
32667,11.04
52321,44.44
73125,8.984
269716,4.996
155038,18.7
272220,1.821
94643,60.16
119955,9.836
87440,9.4
192253,20.89
199806,6.367
158149,14.7
288396,15.81
111841,17.69
25153,28.0
41644,102.2
253219,10.83
51135,14.016
181040,17.5
297570,18.84
158304,8.0
168634,33.72
38359,3.684
123360,6.926
112345,11.11
85506,103.8
37029,5.65
233765,44.97
245058,13.93
230972,24.73
47279,25.56
177364,131.0
292012,8.43
146560,15.08
127222,8.32
9973,21.11
182448,27.0
90905,7.62
296486,15.3
285374,3.357
238334,11.97
145992,104.6
287033,4.844
58785,27.0
99664,17.22
267120,17.11
82228,9.81
265634,2.645
263348,7.64
267947,13.61
237216,10.555
232417,9.6
244156,14.92
173351,10.53
209904,50.9
152300,28.8
90165,2.504
248136,17.69
17062,61.34
10277,14.05
58599,31.53
110838,8.305
45542,13.78
255007,10.67
161631,66.44
20879,86.25
298765,7.93
129083,9.28
193017,24.69
60680,47.75
178679,5.895
207034,6.418
106195,16.52
81594,2.498
17717,28.11
179004,154.5
31101,5.58
80049,22.34
37992,19.69
177165,9.24
172605,2.096
199566,12.62
141397,19.05
8879,22.53
50707,27.94
67130,2.822
261142,8.71
277962,8.945
54449,19.48
278373,6.594
240198,12.94
25132,4.402
219622,5.19
101150,7.93
186230,6.973
187670,8.18
69659,17.36
211855,63.34
4793,65.1
219568,26.94
267239,39.56
18810,40.7
214547,11.766
118806,14.58
272921,3.846
154234,14.34
155216,24.19
215748,17.33
271868,24.19
183471,2.602
55229,8.375
2066,25.61
265397,8.83
201879,6.113
188658,10.97
85037,5.727
216178,16.19
275677,12.97
183483,23.0
187621,8.36
67914,14.07
239399,9.28
15335,23.0
253289,10.6
2686,15.81
247095,10.29
149529,15.72
147389,64.06
109316,22.77
156331,2.975
95624,27.94
287679,18.28
214502,36.53
248172,25.72
53217,8.55
186774,4.79
213935,18.92
89151,2.363
16329,42.53
74370,23.95
172580,6.58
205279,7.49
41621,13.05
224912,10.49
244043,49.5
166506,13.19
42861,29.1
35119,6.03
296226,41.44
250265,7.117
71740,17.94
157021,149.1
93191,6.562
270897,16.02
297015,67.2
144395,25.97
257737,10.24
269739,6.03
280336,16.38
81660,7.59
129634,8.695
144027,52.53
237713,17.0
266301,9.92
239684,9.12
113764,15.46
129875,13.58
32871,35.6
105649,17.66
137448,7.723
265023,4.984
282539,7.438
266588,42.97
146896,15.945
58978,19.52
206345,9.9
241675,10.92
250524,5.78
265937,15.11
245457,25.3
37379,23.19
17993,29.86
59392,7.758
95634,7.59
153588,7.93
230548,5.1
98286,24.34
268685,9.875
105680,12.73
65848,3.98
69145,21.58
231180,6.867
242638,3.508
103478,5.707
177680,31.86
94422,3.129
65017,31.4
43972,11.13
9243,6.684
286897,8.29
49935,9.22
71100,25.5
70065,11.04
177311,3.322
94606,9.336
218732,13.33
127056,21.84
206951,14.164
272407,3.307
158361,3.438
31553,8.0
59044,46.44
177841,60.88
256865,3.697
17290,7.57
18445,58.03
102758,27.48
67596,13.64
247974,59.9
222248,14.8
137058,11.445
102323,43.12
190042,8.66
249696,8.36
59226,20.02
237527,7.59
217017,17.66
193924,9.586
155798,4.953
47385,2.273
5267,35.1
153044,7.258
262324,17.11
139027,9.836
218821,40.28
8929,30.9
44434,7.67
91016,12.41
215024,36.1
146419,27.48
124780,9.56
206780,63.1
234479,6.035
70869,20.64
220401,28.17
42169,30.84
287305,2.197
22971,8.55
197477,5.066
8767,5.168
112871,25.88
262083,3.818
87489,22.62
165784,39.2
273711,17.39
146074,78.1
207090,17.08
128583,140.1
167712,23.0
256525,31.98
77341,6.324
221212,87.25
269593,7.965
55360,24.14
97586,4.793
163725,24.64
36201,7.773
226510,46.8
204494,38.1
178455,8.11
173380,14.984
285069,8.305
171726,24.0
42386,10.53
264017,7.37
57970,19.2
274323,33.97
235131,49.3
53691,6.535
292474,19.8
296727,27.94
39811,11.82
272095,14.05
291297,13.05
141608,12.805
223109,30.47
130067,11.74
73796,9.625
40400,2.244
159313,9.56
85047,7.984
22464,2.047
154510,26.03
294497,6.477
183981,2.107
128959,14.7
281168,7.082
47288,29.2
64447,25.2
223160,10.92
105270,4.688
200407,11.99
8225,6.46
179730,40.38
285640,2.299
165561,8.55
98584,5.688
297868,34.53
197825,16.52
251690,5.617
241193,10.24
236292,38.47
243139,20.3
106200,11.35
297485,22.72
101117,5.92
95528,150.9
82650,10.6
125756,10.76
12117,2.79
87556,24.1
50577,24.6
2474,51.6
66803,35.94
212180,51.3
98306,10.09
80822,18.12
173542,2.508
57690,4.164
143702,15.65
141522,16.48
151296,25.88
62843,54.25
148697,59.44
128758,8.92
26812,11.016
54819,8.805
92792,33.03
42484,2.58
108068,14.64
9428,5.297
112026,14.95
176983,8.14
86655,12.17
95620,16.72
33543,13.64
117504,11.87
182797,2.344
68129,17.36
274302,3.701
295269,9.42
139893,33.16
289588,13.05
71666,14.984
24026,6.652
155700,20.97
9116,7.656
137607,8.84
55213,11.016
175267,5.21
213544,7.67
43622,23.14
40153,21.5
224742,21.11
242632,6.957
169216,2.426
148736,27.0
43635,23.61
21573,10.47
35346,17.19
154320,12.67
90552,11.2
41136,8.66
18252,15.88
45261,5.54
149432,30.47
233449,12.305
275679,25.77
142364,53.2
78995,6.15
257643,21.19
102751,9.6
137824,14.766
194191,13.24
231446,20.25
188518,8.945
110955,5.02
50040,8.29
205008,14.86
220124,22.34
284137,12.12
281181,13.93
49076,12.805
165849,4.418
146237,9.9
914,86.25
283771,23.28
29211,11.84
263396,4.297
22941,4.117
168929,16.08
207391,13.08
22159,17.9
154390,14.43
26605,12.914
103730,10.4
113551,12.97
59536,25.34
45942,30.72
72393,4.492
34898,63.34
58839,25.1
288705,9.664
283536,5.47
64055,44.44
201836,27.11
203155,21.45
229448,20.38
135935,8.266
276810,31.61
12333,30.05
26013,16.22
56742,20.6
181250,38.2
206478,4.152
128139,24.19
89161,3.812
5576,15.945
82849,5.168
172380,2.176
203256,9.625
165538,8.016
252073,11.16
274655,2.166
8445,53.2
212484,9.664
171639,11.2
136449,16.19
19041,36.8
274662,15.49
93281,14.58
143550,19.64
296193,6.31
31490,7.453
120835,13.9
165231,12.09
235974,19.52
95394,11.97
224974,9.75
265333,13.52
289837,19.97
50579,18.78
189848,20.72
133829,7.355
125945,2.328
15578,13.81
100632,4.28
66099,73.3
95702,15.72
163683,4.332
70916,15.08
109663,16.94
86479,1.885
205895,6.715
10610,8.64
176951,61.6
246573,12.88
243369,9.22
142683,34.3
188090,10.266
15474,16.19
31431,5.95
229822,79.4
160116,8.805
30710,24.34
36260,4.78
182704,10.875
251873,9.8
34582,30.3
158565,12.78
18436,44.1
153634,3.912
30498,20.72
183511,34.6
16413,5.0
12166,24.73
53293,45.16
58973,18.62
138852,10.13
287708,3.592
107002,5.996
207556,40.7
176922,7.355
49040,5.098
132299,5.58
167914,10.266
151187,3.584
205052,26.67
195243,86.25
6357,8.64
173097,17.69
148676,102.6
267974,9.52
260091,19.61
219948,12.12
224606,6.758
236016,27.55
154864,8.34
220037,13.61
253643,18.58
19525,55.34
77983,56.22
74419,8.58
235526,15.52
57205,13.08
120122,24.23
228362,16.02
270538,14.49
62486,21.4
249290,11.23
270260,29.92
172583,16.69
247544,8.75
74748,16.48
65597,21.28
269464,17.83
42689,6.06
126697,8.79
117783,7.133
46911,8.32
110058,1.882
116471,14.22
198364,8.195
32985,10.92
261350,8.414
32457,42.62
278766,17.14
5183,7.83
220125,19.8
233858,2.764
245423,14.61
99994,8.34
236510,30.78
13388,45.88
243680,11.11
288695,15.2
146139,16.11
155616,16.86
193067,11.84
56245,11.33
156952,83.56
41768,13.81
197868,48.12
49814,14.07
179857,8.96
214846,24.14
184876,4.387
225010,15.72
241481,16.66
54448,9.69
208677,11.62
18811,79.7
248257,6.758
186221,36.1
119547,16.8
266485,12.17
94445,12.56
181468,11.914
221927,31.1
259292,18.92
240809,2.459
75476,3.293
7006,3.715
255289,8.984
10391,12.38
148098,16.8
258048,15.555
261180,5.332
133995,6.867
290911,19.17
168854,7.164
273113,49.9
150667,10.24
42688,21.8
219669,18.28
169303,10.16
41561,4.676
155857,8.71
203741,13.61
15607,8.51
236084,36.75
92896,11.42
56894,10.31
181587,10.72
142017,38.94
281465,31.03
38168,5.684
208975,37.5
79362,7.473
265560,28.0
23120,17.11
236013,20.05
40017,4.625
246358,28.17
124899,13.58
229674,25.97
105767,7.05
181474,80.6
281530,7.117
75688,22.16
239634,6.477
63344,10.445
102681,15.266
87727,17.0
7050,8.414
271113,19.36
264790,4.85
80097,4.008
223805,8.695
214564,12.99
206908,34.47
92746,48.22
26110,29.5
291883,15.39
34480,16.48
23859,5.406
217417,5.754
73559,26.08
206203,22.48
36450,9.02
234279,10.51
111177,6.836
245686,36.1
62342,7.273
194947,6.85
223053,21.72
62229,23.7
191972,2.443
78493,23.0
259956,11.766
71884,8.34
233079,23.33
250576,23.14
254354,35.6
19234,150.4
78297,19.17
107488,26.5
174416,9.195
91012,7.984
145982,16.38
273330,10.99
4319,6.445
97287,3.588
240157,8.07
210221,14.28
103930,17.88
120258,16.86
237107,17.61
70829,4.434
149527,40.38
10809,157.6
63228,11.04
129806,26.4
1639,52.12
244473,13.44
225505,7.88
215211,53.8
268357,13.35
24825,8.04
227220,12.09
147007,76.6
182339,10.05
187198,17.66
211787,23.95
4586,15.016
274036,19.4
162417,23.05
68168,37.34
105488,10.65
231634,2.97
67564,14.83
155042,5.96
258717,30.53
264607,9.75
254661,8.58
259330,11.305
111415,25.92
285577,4.406
134425,17.94
231953,21.23
17745,10.03
93714,10.23
291631,19.77
152713,30.84
35896,2.379
247372,17.19
105881,22.58
187110,19.97
279913,7.18
81942,9.836
64514,14.766
165000,6.418
176619,37.78
163425,30.9
170919,2.531
103331,30.97
106040,3.041
108897,31.53
42461,15.17
175238,8.4
184560,8.52
265737,2.459
201647,12.914
163584,5.65
248590,8.484
127655,26.23
201190,11.23
277391,27.44
277399,6.23
104799,14.86
284798,8.75
207006,4.703
128393,6.742
156106,34.53
265335,26.23
206607,20.12
197842,28.97
120204,7.59
200884,7.83
189584,6.91
28873,21.11
54689,9.6
252522,119.2
173019,5.188
125422,14.86
170867,4.69
132843,56.22
143892,56.9
99744,12.94
176906,6.31
102831,39.1
264382,102.2
218716,9.02
176755,32.44
64901,17.0
81699,8.71
126258,13.52
38804,63.84
248162,25.3
287602,3.133
207250,17.36
144060,14.734
154319,7.273
114315,11.766
163158,5.57
93798,9.18
74026,18.92
229880,26.3
73957,25.5
187853,17.14
195942,93.0
167029,58.28
176015,37.5
187482,14.25
53239,6.14
210664,8.43
178306,93.3
83606,14.89
32604,5.484
172346,4.46
246315,3.832
84173,8.71
76780,6.504
42371,3.984
196632,48.22
143730,55.12
67496,35.3
261801,5.547
59522,5.727
119196,15.81
74584,15.52
39543,17.28
196477,54.47
98541,25.61
67150,7.64
196299,105.06
193061,93.0
254082,22.95
21696,10.12
285925,2.139
46776,9.195
128795,12.83
255190,64.9
230091,8.77
216758,5.684
253575,19.12
209730,23.42
171185,3.102
160305,13.61
245087,19.69
214261,47.47
220433,24.0
70753,21.67
197728,8.945
56275,21.8
41015,15.11
23385,33.97
96263,8.29
245991,19.64
214122,9.875
272782,28.28
234664,37.5
147962,49.0
41245,10.4
156449,11.35
140373,10.4
202183,13.13
168504,13.33
240253,20.47
198996,6.26
246895,13.27
227962,9.92
118536,30.47
213355,12.695
63892,25.5
55565,4.54
84316,29.16
134275,44.1
31353,19.33
216359,12.56
77067,24.6
276458,2.152
132429,23.28
159864,1.891
161341,29.39
187980,11.97
248701,23.14
242892,9.77
203882,18.66
105297,10.42
83378,8.47
198596,13.08
247107,15.945
225133,14.58
276942,35.72
208580,38.88
205001,23.42
66514,7.164
216357,15.17
97288,2.521
238565,6.15
47998,14.89
37342,6.492
30995,7.21
244731,10.6
194790,1.682
110575,2.748
265315,13.38
264338,19.8
34689,10.805
146902,16.69
51597,9.18
200308,11.695
208090,55.34
145400,19.89
170260,20.22
265330,13.984
92344,90.44
169418,5.137
142786,25.3
209856,15.33
116148,16.69
91117,28.05
189611,31.8
64986,21.84
114762,14.766
260120,13.35
293963,8.11
228193,5.742
93535,9.86
251870,8.51
113519,13.664
270559,7.15
102415,52.75
119749,20.3
204332,25.14
160118,12.805
105221,12.54
134930,16.02
182962,6.668
267557,5.508
296348,10.555
7720,6.91
170324,10.05
263618,33.9
138182,31.28
15787,7.88
54184,15.2
208968,9.0
42946,10.09
27526,8.87
207562,7.164
256232,7.984
13910,4.3
297397,3.902
294345,5.527
240980,20.22
132977,10.97
207812,46.16
56744,12.88
83131,8.984
220607,15.234
75174,5.79
283143,26.4
213462,8.66
95174,4.42
253853,22.48
267146,4.51
193051,8.56
172798,8.16
16953,11.97
188384,18.97
51366,19.61
101465,4.918
239152,16.38
236611,78.44
276731,7.49
101625,1.899
80401,6.99
220476,14.92
58801,14.555
152761,4.617
225234,10.805
62154,13.13
126205,9.86
79994,8.25
175592,14.25
197489,7.195
142724,27.77
108704,8.695
143829,117.3
290286,71.9
153589,4.277
259149,8.734
170864,4.793
74880,16.34
112147,27.55
240537,17.72
134199,42.88
160532,11.87
267887,5.65
173725,7.164
145039,54.47
72098,37.78
71807,5.99
507,9.945
138903,63.6
56803,15.88
4837,12.75
247894,15.17
59218,22.16
245849,8.414
91312,22.3
23961,27.61
283992,8.375
73717,7.605
197901,24.64
179787,32.5
20076,17.33
131219,20.5
87276,8.695
214994,33.16
116988,12.016
225729,44.8
148835,10.945
80177,32.25
220568,4.08
198196,73.94
75100,5.125
209396,42.28
993,7.21
30393,38.78
290234,31.67
64203,11.445
212702,2.264
216862,10.65
178698,7.42
88924,3.623
260629,3.951
98737,1.959
223726,2.68
74100,19.56
78920,4.918
220215,22.72
122338,9.38
37141,7.02
171384,4.914
298649,27.77
215401,28.52
265445,7.227
236422,12.23
217499,48.72
106337,29.69
260823,8.36
26573,75.4
295275,12.99
237832,48.9
135988,35.3
284241,20.47
208831,12.64
16876,8.4
288589,8.07
222749,18.36
12480,36.9
24757,27.16
212733,12.484
281997,9.73
67287,15.11
114137,38.3
197017,8.67
172439,11.04
256611,10.945
162154,20.02
66789,9.1
290353,16.14
62794,13.95
125270,10.625
250371,4.484
263836,17.25
74392,17.05
1691,42.53
151516,32.7
212609,3.945
128080,4.645
180287,11.72
203931,4.78
298921,8.14
61411,44.2
258259,8.195
276066,9.71
126862,18.42
63029,29.81
158174,3.822
238405,12.15
48553,7.31
235671,37.12
291419,12.25
99897,44.25
290631,6.094
100230,3.438
82398,2.81
237255,16.6
38582,6.156
267520,32.97
199976,5.59
81839,4.688
171706,4.69
276683,8.04
38447,4.492
214512,15.016
112115,27.33
292897,37.2
291241,5.02
99971,2.83
25588,27.05
52572,22.67
65225,8.414
160490,5.605
102701,9.75
3259,7.62
232158,3.875
206346,37.88
297833,34.6
92204,15.266
59305,13.27
74847,29.39
249315,27.38
235042,71.9
187356,9.18
266420,20.1
143914,107.2
20043,80.0
274009,21.67
66100,32.06
160004,17.55
111344,19.33
151012,4.887
184340,20.89
291081,11.49
214125,7.844
186556,15.05
176718,40.38
199509,60.62
285876,31.67
281506,15.39
244254,14.49
103299,19.48
14711,6.22
10917,2.078
195465,54.25
119099,19.69
154526,6.504
80495,16.45
276978,12.41
212922,9.586
169396,15.33
225929,55.56
55200,6.176
256334,20.02
242501,17.88
295419,35.72
247866,30.47
157081,130.5
281208,15.36
46068,23.66
266360,12.83
25238,22.12
283447,4.344
127381,9.1
161223,40.47
234502,38.3
280059,7.18
290045,11.766
127354,37.94
263002,22.12
133682,30.84
162587,3.443
215067,3.785
182326,15.49
253653,27.16
55641,8.34
102637,14.31
148338,6.008
214444,19.52
184481,9.73
88258,12.46
264439,14.8
269014,5.867
265044,10.74
96828,5.234
117091,15.11
233600,52.97
256850,17.88
235724,17.08
249074,22.34
169282,14.49
24732,10.72
40361,3.922
276521,7.62
91877,14.19
120954,24.55
81898,7.133
245949,26.45
202073,4.703
271594,8.45
210796,9.24
192234,28.45
233317,19.0
245745,50.28
285655,4.684
295545,19.25
143457,19.69
248108,5.617
14688,43.12
223033,11.64
239562,2.62
68484,9.984
123619,3.447
143640,25.88
68991,17.44
206631,10.29
217448,11.47
109897,33.1
245921,7.57
85659,12.38
157819,9.75
203642,36.1
188043,4.07
139796,15.914
130685,34.3
124759,26.5
72942,3.922
147609,42.2
56510,8.55
287445,13.05
184644,13.16
288840,8.52
251532,21.72
277365,13.24
233476,4.625
62013,14.52
269181,59.2
73196,35.16
21968,21.45
220359,15.88
187736,20.6
36141,10.4
81893,9.86
285455,3.79
44553,9.8
196977,14.555
20388,15.05
18840,60.38
256987,11.59
188400,22.25
190325,4.016
115914,16.28
140891,28.97
237709,25.56
219933,7.914
146313,19.84
63512,5.895
273236,15.08
102275,26.67
158468,32.56
113392,10.31
284755,9.38
60996,16.97
152905,12.99
149354,52.12
214642,15.2
208932,12.33
235272,33.3
150778,25.97
258911,11.914
531,13.13
167459,6.08
126751,1.791
247758,16.72
112946,17.58
225456,12.54
283621,3.387
108974,21.72
202965,20.34
150841,13.08
122056,13.05
204169,32.7
62632,13.9
101907,33.62
249606,5.383
254356,30.42
31663,12.17
125598,7.605
154540,7.773
242585,3.256
259089,16.48
74499,21.67
253308,9.77
27375,21.14
190383,11.74
173369,3.105
120685,17.8
170269,3.729
47468,20.8
87971,17.69
69465,2.623
239082,22.58
140268,51.72
94683,3.615
250443,21.53
176804,30.05
130762,27.55
174003,3.96
220382,15.72
204712,15.05
202888,58.97
80508,3.297
174360,5.242
233133,13.22
132804,14.64
178357,2.41
237855,13.05
173055,8.14
176164,5.35
35695,16.62
226768,19.48
162744,9.08
81894,7.18
170812,5.773
13329,10.2
111990,8.96
11352,18.97
263462,18.58
70460,21.28
255247,44.2
112553,21.98
46356,19.97
23755,13.836
23076,6.957
16650,27.48
281032,24.73
190530,12.17
125000,135.8
231497,37.72
38603,4.1
188146,28.34
29476,9.3
51298,26.3
54405,12.78
85259,18.17
202710,58.97
76114,9.9
9015,12.59
44530,5.516
271345,8.695
155098,7.86
279832,14.25
270136,4.914
227495,24.19
20812,24.69
14730,24.55
98823,33.1
13559,2.152
178368,24.8
251609,20.42
258301,31.67
291629,7.438
28583,26.61
210523,15.016
22924,13.05
29806,13.9
70665,26.67
254774,6.156
35075,9.46
173150,7.86
70002,9.28
265497,7.67
276841,8.51
130222,112.4
97410,18.78
296007,22.2
158110,10.875
183020,6.46
64067,10.31
220257,3.785
204040,31.4
95035,11.57
165203,3.846
171931,7.227
154813,37.78
149308,16.97
175271,24.0
158841,3.812
256874,3.729
38691,5.754
146351,29.62
239183,20.22
183054,1.832
180081,105.9
108011,14.49
209529,22.86
99026,10.67
107831,15.52
41490,3.543
191663,28.97
105252,21.84
186763,5.668
197439,34.66
284335,2.42
39141,5.996
222476,9.22
199038,28.22
191915,6.973
248149,27.66
57810,6.19
232986,21.8
255136,9.73
108953,22.58
57398,34.66
116120,27.55
261132,7.688
161813,19.2
282920,3.994
232550,10.695
10595,13.87
95053,5.996
5441,59.9
73665,7.117
66003,7.914
270470,8.51
246091,40.7
297647,28.28
85322,16.77
248972,19.17
214476,18.02
156956,71.3
143595,22.72
124719,4.66
297047,6.05
33007,9.73
72331,13.75
165566,14.016
63087,7.656
44747,12.41
110483,14.46
241328,22.12
74003,3.879
257988,15.69
65887,20.6
293005,3.398
164610,17.36
287039,6.184
283468,7.164
231069,9.836
34055,11.945
135000,14.64
37685,5.723
116679,13.35
144845,5.227
140110,13.93
110440,48.03
182089,14.19
216071,3.598
119255,140.6
98811,13.1
187331,8.64
206306,17.11
52664,34.03
164441,51.72
205337,22.86
18876,39.8
10952,8.125
267611,8.71
228051,15.49
264148,20.3
257703,11.26
190182,10.31
186319,24.84
265097,7.21
227558,20.6
74778,38.1
290629,4.0
62917,23.9
274464,8.6
7587,25.88
224984,10.74
178180,23.28
33799,2.766
78992,12.09
107670,37.56
209993,4.16
181964,24.05
16296,11.74
167301,16.08
128650,78.75
286507,13.9
270785,9.984
163259,6.836
256623,14.37
12045,4.387
163986,8.32
283613,2.625
270411,15.234
247031,31.61
43022,13.695
60238,33.1
83828,15.586
242561,68.56
23422,14.22
198922,3.975
276488,7.555
252782,9.04
285482,2.43
139626,4.688
226240,14.07
67121,22.48
103469,12.43
135982,39.1
188070,2.645
139311,4.375
222636,11.2
181515,24.6
46713,12.56
56325,9.1
35278,20.84
129696,26.94
245449,22.12
117354,7.164
204017,11.42
226922,29.69
99713,22.39
11754,10.03
33592,8.96
179786,9.0
88395,19.61
279744,5.977
189938,139.0
208698,23.8
94498,14.52
2808,130.0
201435,8.83
266,14.95
175616,44.25
263420,10.9
283612,7.242
15099,47.28
68770,6.99
20154,83.9
99453,73.06
102985,14.46
37073,23.7
145574,78.44
163823,16.45
24222,13.81
50978,17.66
184525,5.56
171584,52.03
241012,21.28
186632,6.562
216820,25.45
138745,14.46
133159,5.434
93309,17.88
211208,9.24
262626,11.664
51502,7.05
199743,12.484
163668,15.98
226988,12.15
224242,4.438
101468,12.695
22245,10.266
18233,90.44
201187,21.84
255651,12.25
18927,13.13
116729,9.42
7896,19.69
275594,7.37
114285,9.625
233783,50.6
70208,14.31
73740,2.486
179486,7.05
191561,3.795
241066,8.11
113517,12.016
4097,119.2
165545,15.36
78130,17.08
207067,17.11
20600,11.55
130121,17.94
254068,22.2
191139,2.764
249496,5.457
180267,2.756
258927,11.33
30156,6.46
98808,13.49
195029,7.42
263083,147.4
80655,2.64
91669,4.832
164572,12.15
193099,7.742
79911,4.305
30606,8.45
4356,53.28
48033,8.6
287634,3.535
61186,22.95
83075,11.42
180483,14.52
222325,11.72
138072,8.25
213045,10.42
175023,6.19
50087,23.0
238388,11.74
35549,22.77
131110,16.8
215708,20.84
294956,17.0
99475,22.77
196847,3.62
20729,60.38
285763,30.53
272722,28.8
238420,13.24
93086,21.8
205028,37.88
174797,21.94
236224,6.684
206853,43.75
57653,9.1
264796,8.87
47865,14.43
41380,5.688
206520,30.97
30338,8.734
177238,4.004
172244,7.984
288005,19.28
170056,53.2
109412,18.55
134015,6.805
248628,14.25
140888,11.74
248888,21.98
253141,10.625
263840,6.06
188406,13.44
172451,4.36
9698,32.12
229738,5.875
16821,69.4
137921,8.6
157322,130.5
284879,5.03
282767,2.176
6269,43.8
68022,37.94
212304,27.05
192002,15.62
186270,11.97
268270,7.21
117132,6.758
186610,5.61
45766,13.61
170529,25.56
52991,7.473
259919,18.23
85404,18.97
248923,8.14
46366,6.418
181888,46.16
18416,28.75
114036,33.3
62410,19.25
149568,9.81
195766,55.56
36145,33.44
125256,29.98
47805,11.4
48511,5.457
246748,13.02
49319,2.912
250025,15.42
189895,117.3
87739,10.695
137969,15.85
232873,25.61
95250,18.39
24115,8.55
154058,27.38
287086,3.715
116617,17.88
275645,10.6
164368,31.4
79165,115.5
202861,26.61
48863,10.92
50908,77.5
195672,68.8
224746,17.98
160257,29.69
10517,9.625
257466,32.2
21019,56.66
165370,15.016
60918,21.89
83198,20.8
244299,25.56
90018,16.05
74269,25.05
92260,40.12
24743,10.23
149552,116.4
222695,10.445
140036,80.94
29708,7.844
176546,3.395
237769,40.47
248948,17.11
24228,30.23
80787,8.6
73333,23.66
130056,15.49
232118,22.72
222627,7.984
187,3.281
143340,27.66
93251,11.04
145636,106.3
149245,11.11
61962,13.78
85817,8.4
296995,18.81
255720,29.75
58050,16.34
220481,2.512
48042,7.67
62783,5.76
23600,22.3
288557,22.12
274988,7.324
181801,18.17
24890,9.875
44282,5.914
220622,15.65
124839,24.89
266812,25.34
128854,6.113
104531,58.97
115549,20.5
166356,8.75
254375,5.234
261434,12.33
113011,16.14
44803,33.03
119525,5.63
28033,7.86
88281,2.27
247682,53.6
23992,20.64
164276,6.805
62625,7.15
280074,16.05
75233,11.84
6963,14.86
17951,20.89
179784,13.58
92531,38.3
66847,15.36
289985,11.55
102417,25.77
10622,11.11
126319,8.984
142319,23.84
273957,37.5
196609,59.9
298333,18.31
248126,57.12
192282,12.23
20743,56.66
42892,17.05
270009,8.56
159430,13.49
78701,57.56
56024,9.14
94869,16.14
92339,84.9
111097,4.805
275710,13.05
165223,2.5
191044,23.19
247132,16.86
109125,7.355
9601,14.1
211944,19.17
185056,11.445
140889,87.94
146787,44.62
183890,3.348
183165,6.28
139528,11.18
62000,9.92
26557,27.89
42768,7.656
172247,13.58
163565,15.266
136477,16.05
213588,27.22
51270,11.445
56867,18.84
35454,27.48
180770,19.69
190492,3.738
279539,4.293
39620,15.98
84669,12.484
144279,31.4
50778,20.5
180527,25.88
250862,14.89
4780,6.52
292109,9.836
222903,7.473
296771,4.24
36204,17.66
165327,11.11
62741,21.45
32707,5.97
251776,9.586
46654,12.94
293299,56.9
94394,5.406
139588,9.0
138776,11.06
165726,13.555
27586,18.92
28284,2.266
203835,46.8
78980,18.1
294554,16.28
36135,8.4
70214,16.42
259788,18.5
163496,12.016
278660,24.84
208748,2.697
57611,8.0
229170,44.8
122422,10.78
90588,2.062
46017,12.67
216793,11.62
70549,22.39
26458,12.07
251384,18.78
125984,9.32
159189,24.6
184666,15.586
227480,36.22
232935,3.447
5880,9.625
95227,39.1
166696,2.168
84454,30.47
233952,45.53
11327,23.84
168580,19.48
150001,42.7
254429,11.16
13330,16.66
125714,5.86
155679,4.7
264696,10.445
265520,19.92
293761,21.14
269512,2.77
44458,32.44
212732,20.05
79186,16.62
245323,22.2
211988,9.92
182188,4.312
40528,19.77
90114,5.387
104095,7.773
292763,6.05
57286,5.88
113893,7.844
183095,46.8
94408,29.33
256512,88.3
138367,54.03
47365,15.11
103980,26.61
31205,3.205
199943,10.65
189430,65.6
199147,11.13
7652,20.94
229851,7.258
112757,10.53
229444,4.51
150229,6.402
70258,5.54
65164,7.984
183291,3.898
201214,18.05
142485,102.2
84741,16.55
3446,35.16
64833,6.94
49600,10.805
219135,29.1
205382,30.84
194040,9.4
147628,9.12
265240,18.58
201437,15.05
257619,50.1
24670,14.64
5188,21.84
14396,17.9
159653,12.78
40171,5.625
128964,6.668
104225,13.9
172477,4.562
192304,82.9
255593,14.734
175501,9.26
146516,57.34
84948,9.836
284053,15.49
239867,14.52
45659,26.14
60385,17.0
55942,10.29
74849,25.81
286244,19.84
186724,8.21
65611,4.855
76446,7.18
5377,78.44
112809,20.34
45872,2.49
168187,6.957
258856,28.92
88840,4.926
35838,14.67
60177,29.81
1916,77.2
254492,22.08
99736,3.076
181024,6.504
74937,16.72
123578,26.03
177448,4.832
90206,3.742
174151,144.0
19978,59.66
287930,15.81
214755,16.42
273340,18.66
105871,23.61
52969,26.3
4692,34.66
134602,7.37
194,17.55
90668,22.3
85225,4.918
174072,12.78
218875,28.62
32258,4.3
257712,14.89
105194,20.02
46590,8.21
34656,1.737
72061,45.06
166278,7.273
198269,26.61
284232,6.79
60628,27.0
167555,16.6
96960,17.61
281876,8.83
145930,15.46
16942,10.445
158199,6.023
199375,5.1
117960,20.42
49274,22.12
115651,81.3
135581,14.31
34717,28.22
195535,103.8
215499,19.33
36949,9.42
92265,2.059
33446,18.2
236423,12.33
232638,27.0
187744,6.91
295245,12.38
200193,19.69
242623,6.08
112476,28.05
104388,7.914
247528,18.31
66373,29.92
8697,155.8
97691,8.6
229098,13.64
193700,5.715
125338,15.08
74651,34.94
148394,109.75
23890,14.07
76819,3.908
86499,12.67
250711,43.75
149784,17.5
95541,25.3
29053,3.984
10035,6.008
121476,8.66
143062,23.7
32793,6.742
185994,2.86
102614,26.56
292715,4.285
260029,20.02
21248,19.44
259597,11.2
292180,9.86
140552,4.902
49173,8.945
227222,20.72
133137,24.94
167895,10.9
276369,6.434
201673,31.92
171043,5.277
204730,22.77
156301,36.97
199916,7.39
769,6.652
174347,4.926
1811,30.36
100471,5.047
211877,21.94
132363,13.81
286398,8.88
198037,10.58
56218,12.016
220287,15.08
227347,23.9
292580,7.195
103098,14.8
185761,20.67
50892,7.39
94785,2.453
268055,13.58
7175,7.242
131045,5.773
136160,13.75
108976,9.46
293625,5.19
9331,10.83
224639,8.58
88200,9.875
178985,2.734
91147,38.25
56422,9.875
153751,14.61
219976,25.72
79299,17.8
57176,22.25
31795,18.2
209148,24.89
149334,30.9
143319,14.89
286908,12.75
56800,4.637
168456,14.34
257734,51.0
48325,12.38
172883,8.195
136886,36.22
177592,16.19
224204,2.062
94981,5.168
200093,14.28
807,38.2
89024,3.014
203071,29.69
142816,25.77
167260,1.95
261259,10.18
164392,11.42
116345,25.56
146556,103.8
116574,10.53
259981,19.36
71096,93.0
272463,8.55
166344,2.28
163351,4.875
150959,34.25
291246,7.02
197787,36.53
86627,36.8
100925,17.66
58813,5.32
142523,45.06
6568,44.0
13276,20.1
205866,11.4
243806,25.14
210028,22.58
9216,11.79
240850,13.08
37077,9.625
181486,5.45
289861,8.695
55389,27.22
21306,36.0
278808,11.64
129506,154.5
81101,7.62
209540,24.94
45945,7.88
170079,8.016
245044,4.41
289790,20.55
247686,53.6
200213,2.367
258317,11.89
42358,4.57
164629,14.555
253598,2.107
222401,25.56
148359,25.5
77050,3.57
53320,35.16
191780,4.16
140277,8.14
65148,7.758
158582,8.67
22532,7.895
39614,25.34
115115,33.84
255309,36.9
183885,5.355
72870,10.9
296265,11.64
222162,28.86
235799,8.4
193760,15.81
245438,10.97
209140,57.34
251959,8.07
210600,25.81
87898,10.92
104960,20.38
67393,18.28
260591,6.668
219690,17.9
11928,9.336
278216,7.86
187420,17.25
288749,11.74
241331,37.34
95817,18.31
125081,8.92
266039,10.2
236168,103.0
201945,13.05
273991,24.05
118178,5.848
154428,7.52
289919,15.3
56242,14.984
95241,27.38
152917,2.24
7022,22.81
73697,59.2
61503,25.3
209244,5.387
78223,8.055
6087,27.61
74354,38.3
82334,9.44
116451,26.72
107855,17.55
114949,7.324
80645,17.05
241550,59.44
195935,45.88
248464,5.258
77615,5.727
193847,13.87
273171,8.14
279756,42.28
246685,54.9
282657,7.164
279766,12.12
275588,12.17
6390,29.5
213571,23.0
97801,4.773
246107,86.56
204870,5.332
195789,64.4
46206,12.15
71514,25.34
30727,14.4
50968,14.52
248993,31.4
89111,6.836
160046,17.47
93932,4.977
19501,16.11
201911,12.12
106699,9.69
74638,56.0
169289,60.62
11172,6.203
30378,8.66
162844,9.0
206379,16.9
243555,19.92
85948,48.03
210196,24.23
10759,10.49
237052,30.23
284393,4.57
44877,9.77
268199,9.71
182270,8.43
283947,14.19
184437,5.895
117166,40.78
210712,11.57
178052,22.67
210610,6.594
131751,14.37
109703,19.69
254393,29.27
1342,59.44
237167,8.77
5453,50.2
255663,7.965
282560,29.62
63609,22.34
26274,5.098
108370,15.42
159967,3.248
189013,23.84
205731,2.225
243198,59.44
66802,13.19
272805,19.92
252629,20.42
201609,15.65
95009,10.35
178524,6.973
155395,8.6
221831,11.82
45825,3.264
184066,21.67
276325,4.055
106516,11.26
148536,19.64
42995,3.469
115352,24.05
260252,12.305
101793,18.17
213027,35.44
127746,27.16
265772,1.974
125419,5.54
105002,21.31
229139,12.73
84020,2.527
44899,10.74
226645,10.29
27305,6.156
145634,26.5
204802,11.52
28166,2.709
156302,13.08
288000,5.45
57738,14.4
33595,17.88
14456,5.707
119356,32.06
274668,8.36
12945,25.88
109565,20.94
132861,9.81
95758,14.07
207308,14.25
122009,19.64
113907,6.156
128158,29.03
251631,22.25
131943,26.03
211131,13.38
184603,13.02
152983,22.2
38723,11.79
88548,16.77
277163,2.852
287338,6.246
16792,6.266
99868,7.95
158084,8.07
181630,11.016
204852,5.82
208498,22.48
117737,47.84
109614,59.66
270597,9.9
155193,16.9
22165,13.9
259413,6.016
150243,11.914
268843,9.02
173336,6.94
201208,19.36
206209,23.47
254772,4.777
84794,25.61
14926,7.504
153906,7.39
58333,19.69
72560,16.66
66527,21.06
219875,48.03
26884,3.941
49549,24.8
173637,19.69
176591,6.434
28023,3.244
25561,4.418
106578,16.28
68946,10.16
260110,11.23
93972,11.13
274793,15.266
185615,11.87
285975,22.44
34581,15.75
167285,3.945
106599,9.984
84465,7.688
97909,16.11
18727,75.1
75857,21.28
58019,7.67
61034,34.47
90525,94.44
31753,19.97
23483,17.83
197710,6.58
283972,29.86
208566,34.25
56320,4.62
5607,53.28
293045,23.47
20622,18.7
19473,29.45
227982,31.34
79411,7.02
142392,89.0
51093,27.66
263815,9.4
219722,38.3
92716,24.3
271714,17.05
235737,19.89
242768,17.22
264576,11.13
298942,9.5
215874,7.355
92673,31.61
9483,15.85
49557,16.8
201536,13.664
195592,52.22
33412,27.94
122658,13.81
100860,12.805
174624,6.926
17603,28.22
9564,4.184
219628,72.75
203662,13.52
181922,1.655
235492,82.56
161105,12.016
10897,34.25
101299,22.81
18485,12.97
78565,19.0
128374,18.58
253556,13.47
293711,14.49
97322,10.445
172755,9.92
142490,14.92
277428,5.145
184003,15.62
40512,8.14
227696,18.73
91770,6.773
133223,34.25
146736,112.8
137536,3.053
258248,14.8
77659,7.18
136497,10.42
59427,13.95
34860,73.94
297348,12.07
137833,10.97
175041,1.808
168548,12.12
120280,7.86
107837,2.098
168137,16.94
275229,13.9
160876,17.25
271524,9.75
125480,13.75
208926,14.37
89817,7.62
148025,47.66
59723,61.6
202445,29.45
279447,10.805
60328,4.664
228233,36.22
59565,10.72
285510,12.73
8349,8.43
183649,2.541
31220,6.562
86921,12.09
139603,11.28
212171,58.03
236095,13.81
234062,14.555
262193,6.29
258547,20.64
97948,11.74
149907,23.23
283276,8.18
32268,24.8
54651,12.99
270099,6.35
130390,9.69
82905,2.256
233815,80.3
219595,1.737
17325,15.75
114026,9.664
202641,14.92
275158,12.17
298919,2.16
256693,24.39
215015,18.02
169518,17.19
243500,5.895
142303,23.84
126871,25.56
106443,7.656
8120,15.11
50401,14.734
246185,10.49
8385,38.62
256908,14.52
26461,16.55
135303,7.656
94277,1.737
185707,9.06
48732,7.406
186788,7.555
20442,8.16
186402,14.22
260268,22.34
278749,22.2
50541,11.26
21155,76.0
274610,10.2
175297,9.73
270209,8.34
43944,9.69
189958,16.22
126584,9.8
120244,25.45
9713,30.11
53788,2.246
259799,33.84
74020,23.33
143660,63.34
13184,25.34
34371,13.27
172324,29.45
282980,3.771
37655,6.895
9772,3.219
232634,4.715
299243,13.47
114338,17.11
271247,32.3
233391,10.2
44640,4.625
29633,17.14
135241,10.74
142704,49.5
223257,28.34
197387,13.61
106939,53.5
268979,8.414
267815,25.97
197974,23.19
76098,7.504
279888,60.16
149512,9.484
218059,5.484
130563,9.6
151018,4.703
9266,36.53
284244,7.31
218139,5.17
275248,18.92
70786,6.402
275408,12.914
251807,5.395
40242,21.36
86854,5.18
100232,13.9
195206,52.75
164048,2.074
81584,6.715
132557,22.08
103816,27.27
8973,16.94
90226,2.902
204067,28.39
158073,10.07
91091,22.67
160176,3.79
238438,49.6
164490,24.73
84512,19.4
281689,3.637
41647,7.707
216909,26.08
241622,45.06
147859,52.75
173941,10.24
276730,2.76
132068,16.97
33017,9.28
251893,11.33
165305,5.82
280202,16.83
53606,12.12
3928,42.7
126090,9.52
282308,2.562
161158,12.78
34550,71.06
186837,6.31
183644,13.08
16871,6.066
116769,47.66
24837,67.5
190973,9.3
247003,16.69
225534,9.875
169895,9.04
30052,18.62
174922,11.445
256134,24.69
135006,4.656
179883,29.1
26904,5.344
258347,29.27
107880,23.52
85827,12.75
202011,5.387
270510,42.1
173947,10.92
228633,25.0
154705,8.58
199191,16.34
12830,37.25
292563,3.19
98647,17.33
120930,18.31
291839,7.742
231544,6.266
121201,10.266
243568,18.02
15659,3.473
155222,24.0
188801,4.453
105603,14.28
157227,115.94
73409,26.08
156836,138.4
200957,41.78
207639,13.19
208091,7.965
17711,20.8
59386,9.86
49126,9.38
202368,17.28
36047,4.02
159652,20.5
150493,11.97
33681,14.83
221455,30.23
175869,16.52
194815,4.75
40850,11.64
287165,11.28
25516,26.14
98753,9.55
247759,12.64
117678,11.914
103186,77.8
66035,6.773
209537,12.05
228474,27.48
158124,11.04
109540,12.99
5172,89.0
86399,6.973
269619,12.64
222647,45.34
256107,6.637
16748,16.38
24178,10.99
113630,26.4
164715,64.06
174254,14.34
182046,5.598
150938,7.723
133815,18.84
91478,4.0
119853,9.52
289781,14.07
221089,18.92
63993,13.64
172397,10.18
15813,13.64
298224,23.05
116444,35.38
252475,14.37
104464,4.27
31727,3.285
69953,64.6
94442,7.605
267697,13.87
77584,129.0
101580,16.66
188142,12.59
98128,21.62
44268,6.957
226282,18.62
192596,15.78
90255,59.66
86872,20.55
276140,9.73
286421,5.88
76951,7.02
122097,21.31
267909,6.434
157676,145.6
57135,11.84
18525,9.38
267679,9.06
233947,36.0
128822,13.95
156793,74.8
250532,7.49
33014,12.05
235004,19.2
232233,8.14
16776,10.31
282057,14.52
24264,19.25
220064,24.05
20417,8.484
3105,8.29
225739,13.93
189363,2.357
62582,34.75
1734,42.44
288590,21.31
154417,24.39
202828,10.625
28760,5.754
225326,13.52
244133,8.83
44116,13.984
253692,11.26
260794,7.59
22147,14.95
260522,21.67
115688,17.25
33627,3.11
207662,11.086
85142,9.28
124146,17.66
203780,11.59
74976,21.36
171294,2.863
247700,3.928
125918,22.44
257236,12.23
143761,61.6
157737,12.97
53598,12.64
134756,56.9
120463,15.234
249457,3.598
2301,98.6
32522,14.43
101056,12.05
179985,31.92
46437,5.363
61699,27.55
182328,10.92
20181,55.34
3680,3.365
50379,15.05
175072,21.36
3741,57.56
54934,20.67
266033,11.945
195603,69.4
256801,2.129
61553,9.22
271922,25.34
207846,20.72
155427,9.586
188830,36.8
203840,32.25
19896,58.5
60867,6.156
96639,3.588
248213,12.88
201257,22.67
280984,7.39
104858,12.88
58165,6.29
264535,7.688
88411,7.62
210074,5.055
146521,23.33
116364,35.22
231216,10.67
157251,140.6
76651,5.727
167600,11.42
66069,35.22
84508,11.16
267737,10.76
199601,21.36
79499,22.48
86535,5.31
78769,2.12
956,10.23
125204,10.42
234809,2.26
247826,9.9
151482,24.84
128862,15.78
218352,27.33
119690,20.05
280714,3.092
38539,35.5
85764,4.047
81937,11.89
113686,25.34
287866,3.26
163141,4.375
244098,33.56
44394,20.42
85428,5.125
240109,105.06
244724,11.945
110106,26.14
30876,24.55
14088,6.637
272698,9.18
119130,5.88
185055,14.4
107994,8.16
219005,24.89
136368,6.883
135952,18.28
110506,74.8
194383,16.77
30507,3.508
198912,29.03
271866,24.6
26268,4.234
127835,17.22
170121,6.39
226882,16.6
287063,10.23
280415,12.07
166847,4.566
78337,20.42
6445,24.1
297176,2.24
84819,25.1
46957,18.5
123197,14.64
190361,16.28
191408,24.55
131428,5.12
207795,33.97
120229,114.1
202064,16.48
170727,27.16
140192,11.13
16539,8.086
188074,22.2
186070,9.38
63061,16.05
192217,42.7
233277,10.29
69962,149.8
246534,11.99
197601,15.3
76905,4.27
294162,2.611
209016,30.23
122486,21.77
132700,17.69
190133,14.95
6481,6.758
85852,15.266
197805,16.14
173320,4.598
144424,29.56
247675,59.66
89993,12.35
181491,7.473
87983,3.938
213510,10.336
174253,14.34
146443,23.38
220485,14.95
209130,15.11
40938,8.6
92745,28.39
270287,6.562
228623,14.92
223513,11.06
202338,10.555
56915,18.97
44166,3.465
3450,15.78
131192,48.03
19689,26.83
109148,54.9
37597,10.72
172253,16.8
138924,8.984
230833,2.012
86110,5.5
77902,10.97
238273,18.36
169779,8.18
92522,30.97
84999,2.947
215453,25.92
22412,8.055
183116,8.734
241061,9.71
26311,24.19
61580,18.42
15428,17.5
40268,4.9
2935,7.688
68782,8.58
3920,10.805
239144,6.035
241945,30.05
288298,12.17
136306,11.33
234837,11.57
82062,4.664
98907,6.043
192174,6.82
37848,41.34
202935,12.695
101562,48.53
187757,5.01
108676,7.293
81083,37.78
154639,9.71
144320,38.56
25628,18.17
96022,29.03
49293,7.83
246559,28.17
221756,2.734
170184,19.89
124566,23.56
267454,27.33
116993,17.44
213753,12.94
190517,5.93
279759,6.445
99722,38.25
281379,12.38
111912,15.65
263995,22.34
145199,56.9
227838,2.166
193703,13.695
70750,4.62
273903,38.25
179921,5.2
166592,23.61
76134,2.168
101497,7.258
222963,4.633
37542,7.844
123521,17.19
189571,2.908
263978,8.055
231645,36.1
156724,70.75
109976,37.88
91864,14.46
42719,11.664
276781,44.1
162653,28.8
187684,7.02
220388,13.81
115833,27.61
162648,8.16
298640,7.242
35655,11.28
31571,10.74
36985,6.133
65251,19.92
157156,133.1
282323,10.07
262745,9.12
236269,14.31
53370,26.23
106930,8.84
170770,4.043
203571,32.5
120514,5.56
193988,7.59
219446,23.0
410,16.8
115463,76.3
234034,31.53
117589,34.75
118663,4.016
106990,2.256
78876,10.78
139576,23.47
292759,16.69
42284,7.035
160197,13.02
103984,16.83
228793,39.66
96401,15.75
41477,10.2
6366,13.05
84822,16.62
273718,5.32
195722,56.22
153296,7.31
89603,4.28
17449,24.05
107176,12.484
109090,22.95
237869,32.06
222668,9.81
143984,51.72
188693,20.55
200769,16.45
26318,24.48
193733,11.55
71987,7.707
26826,5.906
213106,12.15
259065,10.945
33575,6.535
169053,2.97
128503,15.2
265019,13.24
200461,23.19
183087,32.78
123097,14.734
5296,71.3
1610,123.5
3597,135.2
186366,2.28
52311,17.19
174794,27.38
160947,60.38
155469,3.494
7549,33.44
163119,8.34
295019,4.676
172353,15.11
277942,7.31
75537,9.65
184713,5.434
43709,35.3
53468,26.83
48659,11.89
142025,23.05
219444,25.14
140185,6.402
163990,18.39
149507,31.28
51477,47.1
179398,42.03
1437,15.08
217164,9.96
293813,10.555
162963,6.85
266822,19.61
250617,5.86
13023,22.08
251082,20.94
83818,1.965
45028,4.3
22592,22.48
88756,2.43
153225,10.85
57359,24.89
264190,90.06
265942,96.7
73091,26.03
71649,10.85
264335,69.94
256798,11.4
87161,5.477
192708,18.58
90031,33.72
281961,8.0
121162,17.9
18434,4.074
178162,15.42
100601,3.611
232299,3.584
2236,74.2
107382,8.945
123877,9.86
149377,4.938
280284,9.92
55518,22.16
123423,4.36
103539,13.414
14204,17.19
206959,21.28
141560,12.56
97448,15.65
19847,5.363
162981,28.0
48217,9.75
232805,13.95
43141,4.867
155248,6.895
193910,4.715
149928,19.0
215706,2.486
69682,10.35
48268,7.355
136349,9.4
291654,21.58
51184,36.16
13498,20.3
217530,37.78
23499,118.25
94900,4.48
225741,27.11
112798,6.36
124430,13.27
211971,18.7
19748,52.53
148923,5.95
44204,9.984
116308,9.92
159942,39.2
37447,11.74
17958,58.03
278345,10.23
241566,11.89
247486,13.33
128936,22.62
54998,4.312
253394,11.23
271500,14.92
82638,8.016
42529,30.05
125009,101.8
24628,11.2
21007,27.83
268609,9.6
32040,24.64
278607,5.15
147823,56.66
209525,15.46
233052,9.52
264556,29.39
290322,6.73
51079,18.55
267518,46.72
221822,27.27
51023,2.363
202457,8.91
12529,21.62
240930,108.44
18750,82.9
293597,7.195
142550,51.4
102722,11.18
117148,21.23
200930,9.04
166080,8.266
234821,2.084
113095,88.7
249207,5.434
264384,134.1
130800,3.336
159619,16.83
255885,2.299
129550,9.04
95928,1.759
119538,4.008
176971,9.336
127187,7.723
280192,8.125
30149,11.016
220291,11.766
17128,7.64
290806,17.94
18310,27.77
206992,7.15
87814,13.61
277598,8.64
254500,4.555
4977,26.34
292218,4.777
296886,19.36
20736,27.27
240343,6.254
153173,3.615
230567,47.66
111891,18.5
112700,24.6
18466,43.3
145620,52.97
13862,47.1
171198,23.66
113578,7.605
93040,5.902
27819,37.2
260266,25.0
125133,24.44
116482,23.19
257228,13.44
28258,14.58
196071,103.8
29500,54.9
23411,12.73
154177,5.78
740,6.79
248597,5.418
175904,9.81
20804,38.4
35463,26.23
291388,8.25
219901,8.234
192434,21.89
285478,7.195
27284,6.504
147228,40.88
294235,12.484
88543,14.19
46043,6.477
71773,35.6
95489,22.39
28859,10.85
179903,16.05
79212,40.06
109778,20.6
92597,18.02
93237,10.2
264322,11.2
18369,16.34
191390,8.125
199068,25.45
287778,13.38
96150,22.58
25746,11.664
101595,19.52
227294,23.47
133550,7.793
287662,15.88
73542,123.5
268728,4.805
64540,8.77
245531,3.875
123338,17.14
215266,16.31
290075,6.79
76641,8.484
236885,12.17
91390,10.74
269065,2.453
265037,12.23
72808,36.9
260087,19.64
134720,4.387
179690,10.31
14717,19.33
35812,3.494
185985,6.492
79629,6.46
110757,22.16
6619,4.32
156512,8.18
130876,34.25
231221,17.14
114522,8.45
229239,30.47
69067,20.42
87495,18.78
12852,15.945
16392,27.55
286311,6.383
26436,2.898
280057,3.611
190238,14.734
99627,16.34
273190,10.31
6358,7.88
282326,5.96
257832,2.807
224161,6.668
271489,26.23
167942,23.05
118490,25.14
76791,9.08
278927,19.97
27599,4.008
39532,3.803
92619,16.19
21932,4.285
281555,4.688
247897,10.875
8278,12.83
296327,7.793
121310,14.95
86782,32.38
244234,27.33
267475,23.38
284439,4.39
44509,11.72
161658,118.75
237226,21.23
140549,7.52
145191,25.72
122528,17.0
261468,39.5
277879,2.951
3276,30.36
199371,10.65
192158,5.902
259036,13.9
16660,22.77
76117,1.731
174745,8.34
156539,4.125
124842,25.25
141543,14.1
41481,2.688
93546,21.84
203376,10.85
57215,23.42
209123,65.4
167267,124.0
287450,4.18
191069,8.016
1200,14.67
134296,134.6
47476,13.33
54659,28.69
266438,21.98
141391,9.16
286149,2.83
292117,14.19
241865,54.25
255255,16.31
199326,7.39
119170,11.23
77189,7.793
260395,3.525
263987,20.05
125396,9.38
207827,33.03
179317,7.098
40548,11.375
19921,73.3
287745,6.79
87303,6.684
110365,7.54
65940,9.36
97262,116.4
151985,19.2
298109,5.09
182304,11.2
114215,11.55
186004,20.05
208801,71.06
176232,17.88
227450,70.2
135483,6.637
216939,12.484
142391,33.56
54925,7.984
27701,10.9
162241,2.32
18680,8.04
192390,18.97
148470,30.11
164062,2.629
263948,10.97
252591,15.555
241451,5.617
42040,4.926
87400,12.59
281416,24.14
162204,2.36
46674,11.99
205571,64.6
22921,19.72
279647,16.69
293782,14.164
43131,21.31
80910,22.48
30469,19.97
139794,9.55
120780,20.02
94002,13.35
16936,4.633
112111,13.05
182746,18.89
251431,48.22
179079,3.902
84728,4.625
220779,5.363
53372,33.16
76578,8.47
77929,32.25
55993,10.375
198688,5.047
166071,6.58
76736,28.34
84215,16.72
159956,4.348
200348,2.855
26064,3.643
19571,54.47
51580,15.11
28548,3.803
197598,10.58
5889,16.31
100635,4.625
84030,4.67
114662,5.96
77029,61.84
168132,19.64
29955,18.28
275302,8.45
83177,21.28
212630,11.18
247125,16.34
295772,5.59
85034,9.73
268828,8.234
256791,2.23
203812,16.9
289019,14.86
299038,3.31
280587,18.92
13344,65.1
202591,29.16
245886,22.25
54956,16.45
147940,49.3
71181,5.875
50704,35.6
86088,7.758
175932,10.16
130460,26.94
138507,18.81
1614,79.7
197545,22.3
235664,22.9
174369,11.97
208548,27.77
124042,14.58
144146,5.11
279865,73.06
87466,62.84
50585,10.09
22197,26.23
180325,25.72
233479,31.61
1902,53.8
115403,16.14
33155,7.723
251220,14.22
21570,14.43
232690,26.94
10307,34.88
84862,11.2
276339,6.895
53679,12.62
69175,23.38
235721,17.14
181285,9.984
132213,35.03
183399,25.14
223697,10.945
195488,52.66
236944,10.65
47461,8.266
200161,19.97
106697,14.734
204690,16.42
195371,63.6
62789,18.28
246518,16.31
289771,16.08
195191,55.34
26249,7.844
178302,27.48
222111,21.11
15420,20.34
147889,69.6
82085,8.71
36055,18.5
170392,8.47
154450,22.67
214108,9.836
41296,9.5
228509,52.12
290884,10.875
152176,9.65
41546,3.252
185051,9.56
88865,24.39
250131,12.016
278741,15.3
259954,20.02
257024,116.9
258751,24.19
143339,15.914
166781,2.16
96784,3.592
96074,30.36
8900,18.23
96595,25.77
252106,9.55
70855,3.057
212177,62.6
235740,25.0
74819,9.24
249129,9.08
162346,6.73
126891,7.95
126824,11.4
45858,5.355
115330,20.6
24737,10.51
234128,4.46
262348,26.94
130601,9.55
146791,73.3
278592,9.69
79395,7.293
3269,29.81
31896,7.195
142749,56.66
189385,27.44
41658,7.164
61812,30.42
296432,14.05
36710,5.977
221197,40.53
174333,4.625
288048,27.33
44730,7.227
25143,7.15
26408,7.39
36177,7.066
274405,17.58
168858,7.793
59347,7.18
90094,7.67
220605,108.0
68900,19.28
184749,19.12
299430,15.62
74631,16.05
97089,10.445
278804,28.34
39403,13.75
254129,2.697
215409,2.281
4458,6.625
125226,10.74
103317,19.44
241951,20.25
287738,7.504
21167,45.34
222583,19.64
238458,6.883
145932,24.73
21070,59.2
79648,8.266
26329,10.78
55485,10.6
89295,10.65
18923,4.7
121196,18.84
92657,4.055
229914,2.023
203516,14.984
274039,13.24
115263,7.49
116270,29.2
264435,5.254
25693,5.953
98229,6.22
32684,9.71
74404,27.22
36193,10.16
166966,7.895
246853,11.49
72232,6.043
230947,9.195
187645,10.29
13598,4.508
216448,33.16
289473,3.578
5511,126.44
111593,12.17
74403,17.39
46089,12.25
127581,30.84
261800,18.05
218832,42.44
9257,8.266
210742,9.92
63930,33.22
163791,26.78
238192,6.12
28837,6.316
11437,24.64
172709,4.305
104542,13.78
74316,29.1
35434,2.266
264305,8.88
199786,14.31
106706,17.94
24601,16.72
256314,11.59
40553,26.19
41632,18.58
213993,38.62
62183,108.9
255231,46.25
240972,24.05
136850,12.12
244611,12.62
4566,56.44
286353,10.2
237584,2.467
12335,36.97
137708,8.88
185501,5.773
67613,2.113
297589,10.47
37625,2.197
41728,25.05
6247,13.49
234233,3.072
2326,50.6
161964,76.6
55847,35.5
60917,4.46
204973,9.875
100113,46.72
150285,2.092
41577,8.16
206734,18.66
152098,20.3
66457,30.6
269541,42.62
255079,11.2
52087,22.58
216250,4.645
162964,5.54
285820,14.555
45472,15.42
224451,33.03
237561,41.7
267457,9.32
96822,12.64
98619,2.719
188503,10.49
259212,26.61
23087,4.57
185754,13.836
18100,58.28
226093,16.52
38748,33.03
244832,12.43
105274,17.36
250535,18.2
121036,11.89
1544,57.34
204184,16.25
273262,1.865
232937,12.05
183231,17.83
97056,6.805
248254,16.62
16623,20.05
244295,18.92
54619,16.6
185405,5.766
110072,3.67
282209,3.365
225179,23.66
230750,14.49
25185,4.973
79518,13.1
12892,11.47
254549,19.84
109142,13.75
125682,17.55
225061,14.49
32439,8.51
191382,6.836
293945,26.3
50246,14.22
122535,13.64
163321,6.35
205487,9.71
213449,25.2
158462,63.1
18502,31.1
239491,6.22
135099,10.875
157738,26.34
206569,10.9
167808,8.32
180263,3.133
75487,1.712
195505,53.8
174736,5.766
252817,21.62
271168,27.89
284669,5.312
185920,56.22
263573,15.586
145792,61.6
40446,16.48
263250,17.08
191636,23.47
195405,59.44
98114,19.61
6831,13.73
156243,8.6
248300,45.97
287584,2.902
154335,8.83
123743,7.164
87714,29.92
264256,11.086
124192,8.14
271354,9.12
270239,4.676
37602,25.92
69442,18.36
113935,12.016
57983,12.27
270711,6.52
273947,8.29
90754,13.44
26823,11.62
194951,13.81
169081,24.6
44805,5.54
218461,14.19
21474,6.023
169863,91.1
109291,5.08
175371,73.6
15869,5.86
54892,17.9
63764,62.84
72892,21.98
131479,25.05
37528,12.54
63260,12.56
118530,9.71
80209,13.08
275377,12.17
271777,13.3
275916,9.875
12083,14.07
275773,5.434
25,9.336
283951,42.28
47930,30.53
210018,22.44
164600,5.137
267255,8.36
186436,19.44
157913,25.25
265995,24.39
165748,12.695
130742,10.07
211511,14.83
297653,23.95
292142,7.066
50372,5.58
207244,4.875
30110,2.48
292821,12.38
231681,26.67
155783,8.734
60839,15.62
242151,9.336
44108,8.67
140742,8.34
258465,14.37
184217,21.72
192557,4.766
244341,15.234
175035,17.98
249211,4.69
19695,8.71
273483,9.586
41942,2.807
183568,10.29
246870,8.56
215122,16.22
208882,16.66
284415,9.24
165940,30.66
279727,13.19
140877,6.402
277458,10.6
92747,22.48
177214,12.27
157532,111.44
297219,11.04
184241,8.75
22383,11.445
183606,11.84
279827,12.195
25068,3.71
138833,9.52
226050,8.195
187060,7.93
170880,31.34
113575,119.2
33000,7.555
233189,21.5
109505,23.47
163679,3.615
82553,8.484
49364,7.18
176785,12.695
40515,6.348
256092,34.94
116317,5.953
100010,2.314
211491,11.87
139015,15.81
126647,6.46
50128,16.72
55475,16.86
136067,24.34
296248,2.525
123632,145.6
292539,29.62
25230,4.26
87451,4.918
11423,6.29
159676,15.72
172745,8.375
275893,6.273
192388,11.57
278168,1.683
215231,8.234
213292,11.4
57044,19.05
178494,26.08
297959,13.414
10584,10.97
141399,4.914
80074,14.64
243281,16.14
161127,10.23
94599,16.8
8846,16.08
76716,16.6
44830,15.2
51756,18.81
292777,31.28
239228,10.42
240474,27.66
157371,28.17
211217,22.86
268319,23.66
42325,6.742
145658,93.7
138788,26.61
115955,10.945
38677,5.527
74636,9.5
36803,61.6
270602,8.055
94911,44.8
152057,19.92
44213,20.38
97967,3.97
76116,4.582
227084,34.66
72926,4.07
121458,5.832
44525,19.69
57685,7.965
67917,11.26
5878,40.06
266869,9.73
257269,27.16
229703,28.86
125233,39.8
47575,6.637
237026,7.984
80128,2.033
157168,153.9
255680,14.05
1733,105.06
259705,28.22
92181,6.402
43375,10.58
170926,8.91
224066,2.205
231951,12.484
74883,12.86
154273,12.25
247435,58.97
6710,27.44
64571,14.05
193505,15.914
58252,16.52
223119,7.88
199750,11.28
3692,1.994
33498,9.75
287608,2.314
188940,31.61
5186,5.895
116736,13.27
192927,24.64
55790,8.6
241702,31.16
70988,31.67
127263,9.875
43144,3.014
86944,7.117
71961,13.61
62137,26.89
128187,11.16
291341,5.402
217826,18.05
31428,6.227
161880,149.8
15030,21.5
116730,29.2
161887,158.2
240935,114.56
141143,11.84
144902,37.94
285476,6.03
61671,11.42
105012,7.42
97563,2.998
205018,20.55
268280,20.72
177314,19.64
244677,12.695
289055,14.4
40329,11.79
260565,18.7
230560,19.97
140700,23.47
73681,16.08
59497,34.6
158136,2.736
78800,9.945
128732,6.79
240123,13.02
32814,9.3
253756,17.94
167020,14.61
245968,17.58
87397,41.34
271188,7.242
4882,8.0
227875,12.88
239242,17.58
119695,14.016
233055,11.914
217442,20.64
18433,6.316
124362,30.9
173576,7.54
15497,19.12
280698,11.33
289955,15.62
170547,7.773
31967,7.88
107007,17.05
272759,12.23
194073,9.16
55944,15.39
102892,30.66
38701,14.13
284320,3.219
217422,3.395
248411,13.47
90146,59.9
296151,11.13
94548,19.52
251464,31.8
98477,2.521
91678,56.22
204452,9.73
146096,101.4
167641,7.504
47694,8.305
754,8.92
47336,9.73
29578,11.57
201129,15.65
48053,8.75
261760,7.21
168568,15.234
53116,5.773
53197,22.16
104016,15.555
252232,22.95
6346,8.21
90701,32.3
125893,41.6
133998,30.42
166554,23.9
222887,11.11
195922,55.34
117806,4.594
63468,9.836
254688,17.28
91376,9.81
263886,16.66
287546,9.0
93525,16.6
136726,20.22
205064,31.4
78412,24.48
271289,6.79
94030,14.1
198618,59.66
13751,5.297
224862,20.89
250103,15.72
174259,3.885
114437,18.84
19321,57.12
3298,23.52
127754,10.35
265263,5.03
57525,17.22
805,7.707
33500,8.234
95709,19.84
262588,10.2
18611,10.01
116962,22.44
203453,25.92
269136,14.7
65861,15.14
20360,85.94
204650,3.842
51620,10.24
220542,14.13
21335,8.34
82007,5.793
47625,8.04
269151,12.64
30405,15.62
9952,23.28
165006,9.984
119979,12.25
192579,8.71
119386,4.79
11718,6.29
128641,27.22
227866,13.3
16455,32.12
15446,18.42
224995,69.4
24779,3.105
7678,12.23
178544,9.86
205683,15.914
86646,15.14
113565,6.23
98441,16.52
18171,55.12
257109,6.28
156789,156.4
150116,4.85
75130,27.16
97232,148.0
51354,34.3
190805,18.62
253749,10.05
289719,11.74
140080,6.31
226606,17.83
205930,18.92
42497,9.16
21906,13.08
10868,17.25
5221,62.1
142777,25.05
39624,6.098
14593,6.434
195911,69.1
272858,6.21
31013,14.19
112389,18.17
200638,21.14
60811,3.525
243847,9.75
230588,10.49
15521,10.67
71556,29.2
61617,33.1
139740,26.08
48396,5.555
164192,11.305
50904,8.266
160356,11.59
167418,17.58
281137,9.625
173393,10.58
155613,24.89
176822,17.47
147672,48.8
178245,8.75
195132,75.4
209118,19.56
165156,5.688
161576,84.25
91305,4.44
114186,8.4
293118,12.484
63705,31.67
78007,29.98
129602,43.56
208925,14.555
32570,4.684
180631,10.49
157915,10.05
36893,9.08
225868,21.98
85505,87.94
239495,12.07
134654,25.1
225508,13.13
142276,54.47
95272,6.973
80740,2.895
187525,4.133
133309,15.65
73902,27.72
45871,5.113
261378,15.016
29779,9.65
105268,13.24
287527,9.836
116164,15.555
59568,8.47
210815,14.25
32653,4.617
239927,6.73
151039,7.83
279601,9.42
265211,26.08
115640,2.947
64187,31.67
45697,8.92
68496,27.48
268645,7.453
28791,7.555
48581,2.71
287393,4.57
17022,11.74
240730,5.977
289995,4.23
70262,14.58
93775,5.98
77821,10.72
207128,17.25
272102,10.85
57878,11.945
221729,5.934
156669,4.664
25542,19.44
148009,73.06
276905,12.07
22996,20.38
291601,20.64
211365,12.38
185160,9.44
176551,18.2
141806,29.62
289107,25.05
261804,19.28
127529,5.875
264132,9.06
289871,19.0
174464,2.045
123641,38.03
114155,5.547
29837,51.6
85642,6.28
140362,5.812
59223,12.64
186847,4.246
63800,53.28
283823,4.434
292710,132.5
126662,16.94
234143,3.264
138540,24.94
92546,13.44
216953,1.748
149957,15.81
125092,34.12
139736,14.13
285231,3.725
175516,4.766
105957,16.11
183830,4.715
295686,8.04
240667,15.75
205066,36.53
90128,4.867
233899,29.98
298570,14.1
240082,36.3
6285,36.53
130892,47.2
178200,4.766
69301,13.93
297045,8.055
45149,8.805
9066,26.5
55636,58.28
131486,6.836
227852,11.086
227752,17.44
158166,8.67
138991,12.41
158135,17.77
224619,26.83
150265,10.24
121715,9.52
44086,31.1
205498,25.25
147473,10.18
190416,23.33
177684,6.016
50932,150.9
274888,11.49
70331,18.81
115869,11.2
284953,13.81
242029,3.156
152551,26.56
169721,18.73
76770,20.38
192042,17.47
51071,13.95
38717,7.895
28867,7.453
71193,20.1
252940,18.73
245712,9.5
223074,5.457
194235,15.62
251720,11.89
108343,17.05
177686,9.75
93054,18.97
76797,4.664
191367,64.06
53090,7.773
221349,20.55
101761,8.91
87563,2.611
97668,8.79
134336,34.6
209490,28.86
103557,11.945
121249,12.305
88570,26.72
51439,98.6
101969,3.86
226546,3.771
278114,20.97
147981,23.7
33479,16.55
24878,10.67
228359,20.02
158777,2.594
245140,30.17
52835,38.2
7311,4.57
110356,6.836
240076,9.32
85899,3.336
230312,7.742
205099,5.625
103176,6.16
254998,8.79
270255,31.98
57758,9.71
128317,11.97
286105,10.09
132196,9.38
47722,17.72
127110,14.31
214685,12.305
80037,23.19
46780,26.67
61769,6.684
167926,17.0
157774,27.83
244912,24.19
109417,15.914
179278,23.23
195064,47.38
35450,17.5
19162,10.83
249593,6.637
12084,11.79
157657,119.7
138249,10.875
277174,5.18
72432,11.445
40547,15.234
112821,38.3
286379,7.34
73583,12.67
14966,7.62
244998,13.695
92130,15.914
123695,37.12
126363,6.184
87873,26.14
229712,12.75
191925,4.42
28080,20.34
295976,24.0
254873,21.84
51015,4.58
39013,37.25
295288,7.504
139594,9.0
180501,8.195
113397,17.36
61951,22.3
181375,10.336
138175,5.02
118042,12.73
116771,16.55
29591,12.805
126084,27.11
107066,16.42
122079,34.12
146945,26.45
260595,9.86
143020,15.266
157372,142.2
64376,11.52
171866,5.008
218647,70.2
279434,10.945
78588,9.55
35687,25.1
4424,31.73
151383,23.75
263436,3.5
297534,21.58
24457,11.72
112384,31.4
231649,5.29
94383,16.02
242419,4.527
214012,13.05
163871,83.9
51466,31.4
122226,24.19
18642,6.957
73514,9.836
183149,43.47
59168,40.28
290387,14.22
93934,16.83
39524,17.28
66559,9.1
97776,10.99
18273,35.03
138687,11.695
194359,34.03
276131,6.52
224396,37.72
102889,11.23
81508,3.785
112330,22.81
288518,19.08
286452,18.1
99029,11.79
176018,35.16
111773,15.586
210451,9.65
168230,26.89
12319,22.39
190324,4.76
160902,19.92
228039,3.615
39072,7.406
221556,13.58
103209,28.45
226920,7.81
111161,21.19
106506,21.53
179892,1.905
103873,8.58
253459,18.12
36825,38.2
172185,18.2
32992,13.87
117913,5.37
147450,124.0
226750,78.1
29942,6.684
268460,5.223
126730,15.266
15331,36.9
149221,6.73
86086,8.375
12771,13.61
248566,25.14
124929,13.9
244253,18.02
181694,10.805
119172,23.9
89491,9.984
19210,58.5
160529,5.37
239964,16.69
145839,8.16
129293,50.9
266242,9.26
285422,6.168
49857,17.36
240530,42.28
81466,25.61
56678,24.89
211577,88.3
183376,35.16
120570,8.52
98531,25.34
134554,12.25
77183,5.1
20331,60.38
158762,19.28
228574,23.7
50070,29.69
85701,6.28
268089,15.05
150869,9.92
196203,68.56
38900,12.94
140808,14.37
83790,19.89
291773,144.0
84924,6.82
109832,18.66
110053,10.2
50157,11.62
261835,4.965
157388,124.94
42993,6.973
71894,15.69
205688,30.72
71733,9.1
15636,3.908
237349,12.38
127448,5.914
237404,69.1
215878,11.13
147952,37.56
230759,14.92
41923,7.86
299119,6.758
173451,32.62
261168,32.38
134422,10.92
228874,21.89
234992,31.47
60239,9.24
30243,53.5
72705,35.72
4705,17.36
176963,22.62
77878,17.83
116572,3.252
22627,49.78
151196,5.703
86292,2.04
125543,15.14
7062,16.19
3895,7.004
30269,4.016
25438,10.695
87998,5.586
60708,68.3
176448,12.51
203497,19.36
198881,45.97
176514,12.05
19001,40.94
135528,14.07
46453,12.64
202927,21.31
103853,19.92
59068,11.89
154047,1.674
98633,3.66
51906,34.53
166184,12.27
23561,145.6
218006,13.695
176024,28.22
23096,5.793
109151,12.94
70591,26.83
56773,13.27
147488,2.898
269867,30.3
280247,14.83
133253,9.73
281473,17.77
33383,2.633
254987,14.7
161108,61.12
7406,15.266
84393,6.06
192837,15.05
262428,70.2
25039,21.4
33162,6.637
280280,2.494
91686,12.94
25863,11.55
118427,8.87
210215,2.309
243831,30.66
92454,5.215
297456,16.14
141352,24.94
156768,155.8
242111,20.12
239408,14.766
165606,2.826
60990,6.94
80764,19.52
74183,3.771
7566,66.7
276986,12.38
42189,5.355
183375,10.09
77167,3.01
94395,8.51
18825,59.9
249349,24.84
76451,8.25
125530,8.88
205251,26.94
218874,35.5
52794,24.0
233110,24.19
161065,44.2
288084,5.137
117066,12.27
11798,4.71
248006,14.22
243254,25.4
18256,43.3
72553,50.1
1514,44.53
159698,24.0
205854,6.125
199698,2.963
13764,18.39
274969,14.46
92600,5.8
190415,24.48
235307,73.3
21843,20.89
283944,3.865
101509,17.5
70766,32.97
118990,5.754
125129,8.0
190658,3.049
277304,8.266
80878,10.92
277434,6.668
92699,6.625
298707,9.0
278728,13.44
170735,10.99
24404,22.53
245240,35.3
107205,11.766
195060,42.28
17236,24.1
287235,10.83
251718,22.39
257363,6.99
6466,9.22
112382,25.45
206316,16.97
257051,4.477
5547,81.94
49020,9.77
197628,21.31
272591,4.26
248822,14.8
279139,7.164
255900,14.164
84453,43.8
48920,12.97
104030,24.34
238132,12.56
147341,35.1
208905,51.0
83036,6.184
32875,19.05
28535,18.5
68305,7.93
78291,7.965
6076,29.39
58109,29.45
98159,35.66
51160,13.44
231248,7.67
223910,17.66
54015,12.305
44428,10.58
268907,11.28
6994,21.36
292304,6.715
276333,2.193
165378,76.9
294247,5.227
72002,11.445
210918,22.08
42383,9.38
292802,4.727
98826,5.227
82801,26.19
229308,16.05
294364,18.05
140371,2.766
285133,13.64
149956,98.25
297223,15.65
274682,6.668
227658,12.25
70875,5.754
124843,3.219
126175,11.26
111652,7.54
164178,8.96
157086,128.5
200865,31.47
54949,20.94
19925,39.9
226908,11.23
226689,24.69
44281,11.16
197042,3.227
196637,74.5
17483,18.36
36186,11.82
82811,3.352
27037,9.36
257610,19.28
81728,7.293
290429,8.0
144295,37.34
34330,30.3
239474,4.973
157143,102.6
62349,40.53
18219,6.094
260827,11.766
268833,8.305
21668,87.25
86780,17.33
262362,2.89
232600,29.33
21607,2.963
163468,8.45
188990,20.67
220018,106.3
19545,37.88
6206,19.52
73731,8.36
274041,7.49
165288,11.664
234420,9.26
36617,7.324
9421,16.77
276857,23.42
119632,6.004
212447,4.016
63057,23.84
124522,12.016
52310,20.17
269414,5.76
184047,6.24
169893,31.1
137694,22.12
231922,65.1
80226,7.066
272091,5.406
218568,11.64
254187,2.33
148479,8.484
184837,17.39
219668,21.62
43280,9.77
12589,20.67
199431,14.25
236669,7.64
53918,28.05
207761,49.5
232097,17.61
5269,74.2
12441,9.14
189725,25.97
185490,7.895
196958,7.133
67723,28.62
224424,38.03
19426,61.6
258556,11.42
160663,45.7
274138,16.02
80192,20.34
7147,13.87
133621,14.37
143633,35.66
256364,17.88
242406,15.016
175351,23.0
139670,6.79
3152,9.69
264231,10.625
285446,11.87
60586,12.78
237336,27.83
295836,16.25
229371,13.836
234712,5.29
132818,71.6
272290,20.5
17931,11.4
255463,23.23
291935,7.86
84772,37.88
194062,9.73
132252,39.34
94983,23.61
219419,11.13
292908,5.254
88040,16.55
236644,22.67
93100,6.125
72689,40.22
262990,2.951
50552,43.66
126744,1.8125
99551,86.56
23654,9.195
193001,7.54
15221,15.49
3081,4.875
56996,7.473
70346,39.5
185567,19.56
217114,5.76
292875,8.47
16024,13.9
263999,6.61
256678,5.734
27817,22.81
137021,13.52
73759,20.67
29704,6.434
195012,15.05
244141,5.137
124117,20.6
112341,23.52
46834,12.99
204315,11.18
59425,5.31
25420,5.727
58624,3.43
257136,5.203
156422,11.42
13802,9.06
207283,13.02
298497,13.695
161325,11.26
206536,26.3
275523,25.14
104612,16.22
15623,10.16
126414,22.3
56477,21.98
181840,11.23
149206,12.484
172529,10.99
212370,10.805
92126,2.07
291177,8.6
275401,51.8
148505,24.23
174648,134.1
268016,18.36
208553,24.05
290821,7.914
8012,19.33
184568,2.959
103520,17.14
43776,9.5
278893,4.055
274380,13.44
172579,5.01
233370,26.83
38236,8.11
90646,11.4
289868,13.16
177159,11.33
5345,3.29
60063,16.69
95594,5.11
272975,5.98
44227,5.406
18925,23.61
39409,14.984
57911,4.91
150903,18.7
203921,52.97
92491,38.25
179752,17.88
65317,15.33
51791,3.42
254611,12.56
30056,13.44
15255,22.58
150375,36.6
248323,37.2
138304,3.23
132105,15.78
70145,41.03
294057,13.555
24062,9.4
74235,6.22
39596,11.89
274850,61.34
78650,7.42
146283,18.39
203987,24.19
217229,26.67
286499,20.8
256827,11.57
193601,16.62
96838,9.42
207829,27.38
129356,52.75
129972,16.72
45936,17.08
97813,8.71
145426,7.656
67685,16.42
100552,13.24
217208,4.074
199955,18.1
251375,4.234
288217,4.055
200436,48.12
109383,37.62
168044,3.615
239191,27.0
9153,13.93
145530,15.39
142101,79.06
227641,14.016
158374,12.99
251624,16.11
249347,61.34
167343,70.5
116573,11.18
102105,4.59
241696,16.94
187917,9.75
217549,40.28
212038,75.4
10552,14.83
192162,17.25
194906,10.13
151725,19.44
141281,2.176
189082,11.664
29335,16.52
8904,2.328
193388,14.4
103037,10.09
142133,16.86
226261,9.5
235517,15.65
84502,12.016
107674,13.47
191543,14.43
226000,14.22
272609,5.098
267340,6.758
266147,35.66
191478,13.61
168121,7.605
217137,49.0
286407,13.16
246854,9.12
84923,4.46
230738,56.66
83445,4.3
152600,2.549
208424,26.94
180043,17.14
142968,39.25
10479,24.34
3734,10.85
199381,12.805
252226,23.52
77940,4.973
278437,7.117
186981,24.34
67279,9.06
121142,6.52
216118,3.297
60095,2.68
261795,10.445
286227,16.28
29607,51.5
24638,7.86
279873,10.13
126235,11.13
60339,23.33
110427,8.62
81406,8.945
103835,54.25
266432,5.668
165714,13.05
107677,6.176
193215,7.273
48414,6.254
13406,35.03
219603,1.868
244565,8.18
167373,13.58
44925,51.9
293110,6.773
92671,2.541
104939,20.5
129016,34.75
19948,77.8
164659,7.227
129867,8.04
133325,14.984
8489,28.69
53204,13.414
193593,7.844
100225,8.64
71413,3.096
282382,5.99
252549,18.36
7181,12.38
69319,3.79
145211,16.22
204810,6.254
165236,4.89
151431,8.18
257542,27.38
48493,7.88
194550,18.42
285193,5.465
4612,21.31
82611,6.383
46802,6.402
173640,20.8
172923,3.438
209432,38.72
120828,13.3
3184,16.14
40317,10.31
224545,23.47
175841,10.336
126601,17.44
221021,28.05
19747,61.6
13942,9.1
49260,25.66
269170,10.47
287624,2.723
22491,102.2
34177,4.41
244260,18.17
202815,25.25
10833,35.1
205624,7.555
110311,3.277
155760,12.56
79676,15.2
183531,15.555
171878,18.2
213562,21.84
107179,10.4
97081,12.56
253310,12.94
291107,4.5
36017,28.92
4092,114.56
256896,46.06
65383,13.52
127649,17.55
259873,29.39
14307,6.46
268124,3.197
195950,62.6
137459,7.723
36946,10.35
238857,25.5
255323,16.94
266098,9.1
70444,7.88
222620,18.84
52201,6.273
1723,51.9
247842,24.6
254746,50.9
230597,13.19
218521,4.07
198738,8.51
291002,9.71
39698,18.28
102135,15.46
18787,60.38
116713,10.65
281206,13.984
195872,71.3
65857,5.156
205145,13.984
55737,16.22
154297,25.34
13081,20.5
21969,32.62
284770,7.273
80761,8.305
258433,17.47
182471,5.3
184755,136.8
295432,5.484
250620,48.22
288425,8.11
219870,5.723
22972,8.29
182245,9.664
23212,16.45
252155,26.4
293239,14.13
183070,18.66
44334,7.81
261722,3.775
12665,12.78
234391,9.6
282742,1.868
26668,4.45
99334,21.98
29850,8.58
281726,20.1
152436,20.5
268969,20.5
37282,2.387
173284,27.83
113592,7.555
234678,17.19
126799,8.88
159010,16.62
46964,22.48
49051,11.664
237707,21.23
243099,10.2
68015,45.97
251575,118.75
79568,44.44
194761,4.3
238677,20.25
176394,16.52
117749,9.6
129534,8.67
52305,28.52
169228,2.197
209941,28.56
75364,8.25
275602,12.43
95046,9.0
28500,2.191
1404,50.38
249712,18.05
115786,14.13
246942,30.23
72555,13.58
185669,7.49
290021,7.67
89175,32.97
147135,9.984
65267,19.56
117583,10.445
284699,7.773
98657,24.48
180809,10.375
287876,17.14
184376,2.629
274856,8.0
113178,19.4
87939,9.22
192513,28.86
233659,3.361
11711,12.78
232407,29.2
99365,21.72
48798,7.895
18806,63.84
36817,12.59
28734,7.64
74114,19.64
176084,15.88
134251,16.6
172779,6.332
263453,13.61
78059,4.73
234739,2.947
68450,22.81
160101,6.016
126098,4.83
244195,12.94
108318,27.05
182038,17.83
267960,13.02
219844,66.7
179409,2.078
258176,69.4
128296,7.83
142045,62.6
154329,15.555
238166,8.66
233469,21.5
132301,2.814
12842,8.266
214936,25.05
296317,6.91
141492,34.53
142870,125.44
27626,4.004
190103,18.31
139749,11.766
17771,17.9
57003,24.8
41225,29.27
187732,9.38
156581,9.71
28453,3.578
210273,10.97
227242,5.01
131274,23.66
258825,11.74
170337,3.78
133039,15.72
19276,60.88
112951,14.734
220772,33.84
70704,19.69
213263,19.84
18087,83.9
62033,25.5
233967,27.66
114715,23.8
162336,6.79
273952,10.53
47692,80.0
218584,9.22
32295,10.05
172996,12.05
169000,15.17
202314,15.14
51344,16.8
284795,4.297
293909,9.36
139525,47.66
7324,28.11
114667,15.234
128723,12.97
63777,11.52
88666,8.66
70407,34.2
248727,22.95
36599,7.88
148298,7.195
77682,7.605
278317,13.38
80557,9.625
855,17.05
154219,11.47
128354,5.055
246574,18.89
167002,5.773
102273,45.16
98021,3.332
241655,11.04
40717,7.984
107693,10.53
139693,4.715
121602,10.01
53145,22.95
2626,91.5
78599,2.184
181416,60.16
50800,15.586
127760,6.58
239100,23.84
285048,5.113
255000,2.062
40556,26.3
35492,29.75
258023,35.5
122753,10.18
153746,4.844
174751,7.965
7228,13.19
183801,4.914
172180,21.84
289415,22.3
106090,5.812
161185,32.7
169609,9.6
34859,77.8
100843,23.14
32058,28.39
244513,7.227
8692,7.355
292526,19.48
142859,15.49
84973,7.355
211010,17.88
183204,29.86
5360,7.453
256640,9.875
11813,25.34
86414,9.56
276739,7.258
73201,30.84
196998,21.5
294482,2.48
179337,8.086
51123,12.35
278899,11.47
166124,8.66
179286,6.305
30553,12.25
48764,11.35
121730,11.2
63322,27.72
216748,5.5
234476,11.62
24532,9.42
41168,47.2
296817,18.36
5075,48.8
52263,17.69
33448,15.234
221440,33.56
298932,10.29
289446,18.02
91363,24.3
265444,3.578
279220,8.84
52527,10.74
180563,28.56
32885,3.018
159535,11.47
226652,10.78
98561,10.695
123740,19.56
130076,18.42
139166,12.33
282994,4.918
161225,102.6
145145,54.7
104952,9.4
268376,3.96
177138,24.34
122362,8.88
85420,17.33
275058,18.97
127483,38.25
118048,124.0
147054,43.9
19269,6.836
145943,52.66
56342,14.1
170143,5.355
149768,4.832
279606,4.85
53300,24.19
227358,3.033
266994,2.697
279835,20.38
107457,23.66
129254,43.12
102336,13.47
237272,25.88
160935,44.53
44599,18.28
163047,2.982
254573,10.97
22756,14.734
211878,41.53
107070,20.12
249332,11.695
131941,6.266
286959,16.52
9324,10.65
136666,12.99
80254,14.52
115595,44.53
185558,18.39
232827,38.1
47964,7.34
146964,54.25
154482,9.02
209799,7.49
116782,5.906
138713,14.86
5414,29.1
203407,40.88
95184,16.28
165774,9.04
189346,14.92
132182,13.52
278948,33.22
239880,13.13
235053,13.555
19327,59.66
82847,6.34
247655,15.62
198709,12.97
11772,15.98
190102,21.06
152365,29.5
196546,65.4
103042,26.14
279542,13.13
197447,13.08
172466,7.965
56770,59.9
42593,17.22
273331,2.43
188266,5.95
86042,11.89
164038,6.973
282931,11.18
172570,14.4
203401,18.2
234447,17.14
203483,18.2
113349,14.46
80056,22.67
33915,5.16
108329,11.35
262471,5.426
68346,17.11
120073,11.664
260405,12.33
124976,31.34
204344,17.28
20493,10.83
888,8.56
153556,6.004
81703,7.605
70483,21.58
199089,23.75
260776,9.6
133958,29.69
166988,16.66
42696,7.688
145687,55.78
145744,80.94
259437,39.5
221300,20.84
33711,24.34
177222,12.86
154140,7.473
283214,26.67
294413,10.555
89441,28.0
83479,8.88
148439,50.7
20185,58.28
29193,7.242
79800,14.37
143065,20.47
202386,35.3
259627,22.86
255472,13.664
240852,7.52
88487,8.64
99829,2.518
225156,26.61
89633,18.5
99893,22.08
229976,13.05
109798,31.8
229985,9.56
213105,19.89
155638,9.81
223012,30.6
295519,17.55
279972,20.12
194311,12.38
212822,25.25
58076,34.88
223721,6.094
275406,30.17
33501,14.19
92720,8.945
114846,13.16
187894,22.44
23704,6.367
145958,69.6
259081,11.28
231837,20.34
231589,8.125
202006,16.31
282348,5.414
161439,11.086
75975,6.957
244685,4.375
211059,31.4
180919,7.258
203895,14.555
170724,8.14
209659,11.87
46262,21.36
264449,4.99
111117,1.877
66131,17.05
77378,8.0
120440,15.36
150818,7.793
134367,9.71
85256,48.4
35597,21.94
26517,10.13
277040,5.953
231385,2.004
255338,5.29
294778,2.785
189803,25.4
218405,25.14
141808,15.65
132130,17.25
135323,16.83
48499,12.25
248823,15.08
220234,42.62
75893,14.86
151880,2.65
172527,8.16
213556,11.4
14891,6.105
268861,4.094
166913,2.256
141708,16.25
286260,22.34
278242,40.06
152387,23.95
77153,4.395
211744,90.06
117381,26.34
254396,7.57
170734,3.205
209973,12.805
243405,4.438
274905,8.92
245171,11.35
193416,8.11
236476,33.97
14216,7.758
218265,17.61
104635,51.0
108259,30.9
18286,58.28
2065,49.9
157053,116.4
69911,19.33
18714,9.5
57104,2.64
174493,11.82
201038,22.48
266645,13.24
9767,3.984
255666,2.416
92514,47.1
161510,16.45
25787,2.486
180457,35.38
124609,4.69
270558,14.984
58700,12.54
130881,23.23
82517,10.13
110615,111.44
255757,12.88
57168,14.28
259394,4.277
258723,11.55
237842,12.305
162341,15.46
184338,6.562
266864,8.266
41094,15.49
189383,25.14
153068,10.29
182236,36.53
292597,12.46
20003,38.62
261981,2.904
38003,16.19
168150,19.44
281458,13.08
40143,5.97
298287,20.67
263508,12.56
10336,20.22
87021,2.959
173227,31.1
293826,5.867
285233,5.707
4152,95.2
162271,6.7
19867,19.12
29565,57.12
212069,16.69
289584,12.78
45543,20.47
156701,143.4
254380,15.266
54520,17.44
174478,6.434
113737,21.4
75567,2.295
21331,8.25
12050,3.547
13855,5.45
207738,8.414
106804,20.05
4611,14.52
94500,55.12
242605,8.0
191606,5.848
111070,3.21
167741,19.61
211823,7.004
201097,39.2
115208,16.19
171417,8.29
110232,11.74
274859,5.875
77770,55.78
145909,65.1
159157,9.945
256471,2.32
61286,13.08
218414,26.67
153737,60.16
128947,13.33
233676,21.53
119784,17.33
242803,11.4
220415,25.14
161752,29.56
116626,20.34
19740,64.6
145580,55.34
278234,3.945
75063,4.902
263891,24.05
207401,34.75
211653,63.84
130130,11.23
14356,25.3
177752,10.6
299272,20.05
176621,19.61
145568,24.1
199599,7.844
241988,31.16
59533,21.36
223008,17.11
212750,7.242
30017,4.52
105129,21.02
7267,14.734
148713,58.28
146397,54.25
295907,18.2
258015,9.875
151751,15.11
143104,6.684
260748,6.094
1000,6.19
168603,35.6
97685,7.67
118389,35.5
222876,5.37
178015,81.6
113657,12.38
101449,26.19
292262,15.39
167899,12.195
212363,15.17
261663,38.3
262384,10.65
215898,14.25
259426,5.445
86787,30.9
41945,5.82
130527,18.31
39122,63.84
11005,20.38
64349,9.56
293966,10.47
228949,14.984
72121,19.84
184804,22.16
123834,20.22
96363,9.02
250033,9.24
23786,22.25
63192,11.79
289735,7.656
129779,81.3
19372,26.67
182866,10.72
298399,10.78
203763,12.12
12553,10.6
205990,4.99
29659,4.727
125787,11.99
71160,29.75
58176,10.01
203314,10.9
146307,52.34
164410,14.83
288993,47.75
191466,18.05
59370,21.67
93727,26.34
131345,9.836
180675,14.734
6097,30.53
115879,14.555
152070,22.62
3535,64.06
139243,29.03
239761,7.438
133103,27.16
4320,118.25
169790,14.13
295141,5.11
90399,5.457
127569,18.5
29403,3.322
102639,6.61
221441,67.2
33726,4.96
81810,3.826
273787,5.344
283148,27.38
170736,19.84
179918,15.39
120579,8.96
273606,14.1
113495,15.2
38069,28.52
119909,11.11
17937,35.72
52901,4.94
249250,12.46
139430,8.58
248675,14.31
258115,6.867
173095,16.19
243162,8.21
284875,37.25
86094,19.2
208447,24.05
154411,29.86
201336,17.9
36153,8.484
122987,10.05
244105,106.75
146291,26.03
122407,24.8
102083,9.75
69905,33.16
87996,2.318
246840,19.36
195229,53.06
289221,8.18
246001,3.318
36349,31.92
269942,23.38
85029,6.535
264260,13.24
72415,35.8
249610,4.633
89378,15.46
14155,12.805
64132,32.25
224352,13.984
134853,9.836
33715,22.72
241564,12.59
65082,4.723
221196,86.94
154921,7.984
164104,3.912
168995,18.31
206230,9.08
91545,14.28
82622,5.3
83647,5.547
10711,13.64
242695,22.39
245047,33.78
151929,12.56
190365,7.438
260126,12.016
113238,11.89
225625,10.23
127517,10.23
100352,9.984
84816,25.25
138827,14.58
213248,12.51
180133,10.03
54072,13.35
289432,27.55
73052,2.436
157582,3.803
282832,3.084
296139,9.75
217203,5.145
136698,3.133
43892,15.914
287397,15.72
16692,19.92
8670,13.44
184480,8.11
160785,5.99
47059,6.52
274155,5.3
227918,17.22
265506,67.5
120662,26.56
227168,21.45
181525,54.47
29677,2.715
221730,10.01
118121,35.72
297822,20.25
240020,11.72
256646,14.37
146334,13.3
14233,35.72
173397,22.72
175887,12.914
280936,10.51
21858,17.83
170614,11.42
106934,18.1
36787,21.53
118497,45.97
200590,18.73
225761,55.78
271283,8.64
237722,28.05
51328,8.62
79031,3.842
223837,2.57
91237,8.414
6958,6.24
213551,10.01
245344,31.8
293475,17.39
287075,4.082
73157,4.152
164791,35.94
230181,25.66
83089,18.42
111917,6.535
234019,8.66
243657,2.256
256560,15.39
25233,14.52
183825,5.156
241035,6.562
79862,8.805
146503,50.1
39533,27.94
34163,61.34
4008,13.52
202610,9.6
32281,6.254
259106,3.174
251465,40.22
114445,3.57
15268,9.3
254376,11.086
153755,12.695
173382,23.14
144420,15.72
295209,9.69
183048,15.11
291951,9.08
163348,25.34
173301,23.7
202586,30.23
34308,5.727
164810,16.77
41841,2.535
206801,5.168
235262,17.14
183182,27.0
243604,4.95
79771,11.695
171506,5.457
209622,24.6
147449,15.2
281357,5.8
189386,14.58
109506,20.38
169989,2.338
294241,8.414
91460,9.77
238135,9.5
270891,13.64
76121,3.072
232808,45.97
101917,6.61
231576,5.254
121849,18.28
145962,50.7
153874,24.0
59025,16.42
138335,12.86
295854,1.643
274878,12.97
177155,4.527
72412,19.44
110343,9.484
272600,15.3
129324,4.633
60109,6.55
6260,10.35
296275,8.56
200363,4.7
134312,10.16
101723,8.14
76511,21.28
51109,73.06
250267,10.29
79934,8.47
171780,11.086
70182,27.38
140664,57.12
20510,15.81
251747,6.133
40588,25.25
272292,16.34
176021,10.47
287968,24.8
216498,13.9
1894,40.53
276714,4.977
25086,1.645
15222,5.895
188864,8.43
269543,9.46
261952,11.42
252946,4.9
238191,15.42
74435,12.805
4875,23.38
285987,7.54
33832,101.8
106348,18.28
229540,43.66
148538,27.38
88938,14.25
11042,1.832
212375,5.906
243692,19.28
37121,1.832
171216,4.45
80947,5.29
248584,12.07
282890,2.871
159454,6.26
60276,18.31
173262,3.928
15005,33.72
3671,2.74
8645,8.91
21387,7.773
73990,14.164
69475,4.676
206399,34.8
158482,20.6
211461,74.5
41017,11.33
169332,8.086
183509,3.19
119240,12.914
217648,5.406
220573,10.07
217000,27.94
47001,69.1
281300,5.0
150684,14.46
260818,7.035
189731,17.39
121063,30.17
57928,33.1
149371,11.47
212772,49.7
81105,10.16
242155,11.59
138257,3.39
179002,64.6
140764,15.88
74451,48.3
87761,7.59
135941,16.45
272706,6.35
195321,82.9
207315,6.625
223220,5.312
17034,12.67
222201,17.14
20416,25.3
4530,39.97
193092,36.3
154398,3.352
81184,11.52
124497,55.34
204953,18.42
81405,2.756
165980,3.43
200059,14.43
221627,11.26
260678,4.453
51485,124.94
73635,11.62
206688,33.72
154891,36.6
272893,25.34
121550,8.77
8238,6.94
117124,19.56
214627,33.84
66877,17.61
233823,28.28
102348,38.62
290565,21.58
220173,17.55
100534,115.06
286266,18.31
290097,3.885
108056,10.695
26931,19.52
79291,18.05
286893,9.875
164241,2.244
265804,101.0
64964,35.1
153593,10.47
115628,32.12
274180,23.56
170423,2.879
63102,17.0
126654,19.52
249397,10.92
221400,5.94
90823,7.57
60713,48.03
259622,30.36
25630,15.75
51143,11.35
197141,11.445
187334,11.99
180979,6.004
208829,14.555
24636,11.99
123929,2.098
126318,35.94
265100,5.848
167178,10.2
218420,21.84
46679,12.35
65866,15.98
42911,34.25
281613,5.11
41308,22.86
290406,9.86
222290,14.734
292202,3.875
67339,24.34
95875,11.47
25200,6.52
252690,20.5
12906,46.34
63719,13.27
76612,5.242
290420,6.445
137361,10.99
98670,7.688
209920,8.55
275297,22.95
266470,44.8
137803,25.72
80351,11.2
124111,16.69
193571,23.19
111524,30.3
229699,24.23
215023,26.3
133634,7.355
234988,33.16
250985,8.21
288870,17.44
296966,39.8
132782,20.3
45732,25.56
47782,26.83
130971,45.34
61010,20.64
282029,8.125
93919,17.19
205647,9.71
258981,10.85
134403,31.16
164204,23.19
25102,4.496
21994,9.04
184958,3.068
222382,25.25
103255,12.83
11354,10.266
202099,12.51
276733,2.367
24886,10.375
211271,110.2
37444,16.48
144773,7.793
57845,11.945
166058,4.043
266657,11.57
59148,19.8
220046,9.625
83829,37.62
245424,18.7
196195,54.03
154481,13.1
44894,25.2
95207,15.75
173324,19.69
288337,14.28
196884,5.547
115780,21.02
152460,21.94
281130,12.54
277294,11.016
68045,18.31
252806,18.84
156569,112.8
228752,67.75
187808,8.125
125201,10.12
219043,25.61
209280,6.375
43376,18.73
283123,32.62
2249,43.8
132755,22.12
231587,11.62
57792,7.258
218192,31.73
296345,16.48
100236,21.67
144974,28.34
29510,3.293
272845,7.64
205358,17.69
227844,34.2
221848,7.49
132494,7.164
4533,40.62
112520,50.78
196014,52.12
196484,58.5
218189,47.66
256177,11.26
248860,2.701
152643,12.484
137643,14.67
133724,20.72
240482,33.03
258227,33.56
70217,29.03
103219,17.94
270578,2.182
9183,6.973
103077,14.28
288301,16.22
59664,78.1
219581,1.636
88163,4.098
918,26.56
228994,19.89
167768,14.43
148071,59.9
117239,11.4
287220,124.94
79900,18.02
292112,18.12
217479,20.72
147029,24.48
253824,12.38
32023,11.914
144303,34.66
20544,13.05
268764,9.71
261569,12.41
256059,44.34
21880,9.625
136214,15.72
263033,17.98
258423,9.92
75966,12.484
122731,16.25
44903,8.945
212394,38.78
191072,42.1
230135,7.05
213580,18.36
229007,4.168
276227,3.17
294012,19.12
9691,13.13
94201,25.97
228022,12.35
180859,28.75
124150,11.49
203024,19.12
98524,27.22
176495,32.25
296110,11.04
68439,27.16
43507,27.55
3874,95.2
290580,9.92
21450,14.25
280902,11.945
10174,35.44
24416,6.668
86200,21.98
104495,5.5
84402,16.9
10323,16.02
29017,9.12
296218,9.46
110717,20.77
40720,23.7
198578,16.28
37613,5.766
121771,60.88
181666,27.0
16221,94.06
17452,21.8
275662,16.19
277321,7.39
57410,23.23
58114,10.78
171220,3.912
199435,5.99
93854,3.656
211599,44.1
254667,10.445
120498,17.08
98509,9.56
109830,8.51
17950,23.61
279292,3.842
12137,41.94
157712,19.72
13591,8.62
155374,3.826
198565,24.39
248624,8.04
201458,17.0
281115,6.504
247514,19.72
292631,2.309
68218,5.383
45975,8.87
214364,18.78
282221,6.477
57954,6.7
78802,14.34
247235,27.05
167818,26.89
260127,28.52
87446,20.72
187465,4.65
2241,16.11
210486,33.9
218213,11.375
128809,36.3
191040,7.21
282046,11.914
145260,76.3
137312,13.52
126056,13.47
56551,15.46
82957,4.277
103117,26.23
103611,16.19
21472,19.48
134567,16.19
231994,7.39
142097,19.92
260654,5.81
36157,19.84
154507,6.55
288957,5.8
83382,34.53
211366,12.83
91482,13.75
100849,11.72
298719,30.36
163165,10.99
43161,49.6
47834,6.113
2858,31.1
181039,23.19
132195,7.742
86986,8.47
290581,7.37
149685,120.1
173125,16.94
10685,14.52
151867,3.842
267795,7.688
276718,9.6
67367,13.24
39582,19.89
235464,30.17
11262,7.64
54855,6.926
229612,28.22
229928,9.18
35650,9.984
289499,9.5
183275,13.38
15111,22.95
256660,20.5
104637,56.66
180221,22.08
251884,3.105
218555,13.9
141818,32.7
28682,7.035
285653,10.31
33982,24.73
288994,24.69
70530,10.07
287481,8.984
137397,1.756
45523,14.43
291763,127.44
77820,56.9
182652,19.72
77432,8.11
104123,5.78
277612,18.28
257511,29.56
57252,11.06
175755,10.266
257685,20.05
155969,10.51
185955,8.484
202173,13.61
78001,11.664
225204,30.9
265024,4.215
235891,32.12
178509,101.8
292371,9.96
125843,14.46
33882,11.375
290617,12.97
4359,3.602
27729,8.84
192046,9.06
52631,25.2
40036,1.9795
252955,12.64
123312,17.9
224692,10.6
43785,12.78
180728,35.44
112385,28.45
160276,5.137
202702,21.14
173442,6.36
207354,18.2
277770,2.814
70659,20.67
74198,5.555
182533,17.66
279848,9.4
6449,5.29
149142,22.48
35381,2.156
204158,3.133
35337,18.55
261321,36.9
271166,15.69
122784,13.02
154351,13.984
85093,10.375
255507,11.305
151855,6.715
121695,10.24
166292,19.61
59740,10.65
167572,26.45
176731,11.23
271816,31.1
166451,13.414
57470,50.2
57538,32.06
267588,2.182
279027,8.47
204825,3.938
184781,7.355
126695,8.92
283043,34.53
170840,8.91
89064,8.79
134775,15.42
78580,17.25
10710,27.66
72425,18.73
93532,14.8
63983,28.56
18196,56.9
145409,28.75
258656,14.25
41352,3.54
83023,4.656
257797,2.04
138543,7.93
13449,6.52
227181,23.28
297145,13.73
173864,69.6
9744,11.62
181126,9.8
38948,2.83
255082,12.64
37864,5.06
122632,25.81
34025,10.24
259451,5.566
229439,12.23
155364,16.19
190084,6.477
241468,18.58
16333,17.08
262565,6.35
282941,19.56
293428,31.22
195439,57.34
42687,4.24
17124,11.42
177501,14.52
200395,7.39
295605,4.69
35740,9.44
92051,2.25
259305,10.03
43402,29.81
252383,84.9
274408,4.79
112201,8.83
63629,24.44
52367,20.97
296862,14.016
12242,37.03
118314,12.56
99,17.94
111560,82.25
191400,11.52
190910,43.3
142882,33.56
38430,17.55
219552,40.53
200150,13.75
94627,16.02
97614,3.646
197342,24.3
11219,28.8
271526,2.629
161544,70.2
219837,3.932
22930,30.17
286665,6.492
68614,30.97
83894,151.5
295539,20.17
173401,17.9
235669,7.54
91151,34.25
212254,24.44
278639,17.05
199285,6.28
33637,9.984
158161,7.133
234490,4.89
87673,5.547
245228,21.94
37323,10.336
55978,18.7
149771,9.5
271211,16.62
135907,16.77
16390,33.5
230059,5.383
39266,3.955
283176,30.23
118804,27.22
160978,45.78
16805,13.16
224185,1.905
212193,54.9
81433,12.99
12961,23.9
80222,20.3
101648,34.94
200361,5.457
275230,21.36
194007,28.17
260892,8.45
13459,6.34
89864,36.0
66940,23.84
3225,10.67
6200,129.5
101314,35.16
131583,5.215
166710,1.962
254283,10.12
221683,17.77
91938,23.47
202347,16.31
88011,6.61
255271,4.0
233591,6.895
113220,41.7
267306,5.258
124985,23.7
148412,10.99
273699,2.35
194773,3.473
219112,6.492
70134,6.246
16497,10.945
84305,4.438
107950,1.974
232653,25.25
195098,44.8
181665,24.48
227304,24.23
21178,24.19
14676,13.3
270426,6.926
196010,40.88
293458,5.363
53472,35.72
286832,18.66
117551,9.195
106359,17.05
130097,32.12
79744,11.42
51091,13.22
164128,7.066
286462,13.47
256650,30.23
236263,123.0
23836,16.02
181175,13.02
296487,11.62
46979,11.59
57332,1.977
132889,50.38
4030,7.95
216388,5.434
32305,4.742
276117,2.064
68863,37.34
56927,4.152
298643,5.086
275222,20.12
172203,17.94
182422,6.895
25921,16.48
227284,4.32
247019,10.49
192039,3.98
125874,8.484
162690,7.965
80998,41.2
284245,21.19
86777,10.16
32053,22.25
104884,12.86
206152,8.125
72917,19.28
122163,20.25
157696,150.4
149006,6.023
270893,16.69
130805,26.67
95838,16.22
125744,7.707
193177,21.98
41822,17.88
179104,6.85
138512,17.8
74803,16.11
57801,15.05
87460,41.94
276142,3.033
118951,4.438
94822,53.5
162545,55.34
100897,43.9
265867,9.42
146253,14.89
80076,20.6
65821,14.49
288074,7.88
241152,15.65
99633,56.22
22015,22.9
136408,3.037
76324,7.81
245373,21.28
171643,6.348
259731,9.42
141420,17.39
61987,13.33
41283,5.16
87162,5.418
24206,19.8
193351,6.03
11646,9.38
269911,22.3
233796,14.95
6690,6.402
124883,11.47
224014,17.98
722,25.3
256613,15.62
33796,12.305
222893,9.3
287470,5.52
223138,17.05
175628,5.848
200302,28.56
57393,17.25
203848,8.16
39308,6.652
1188,18.39
91702,16.02
130389,17.39
212497,6.043
134139,11.375
289672,16.62
143160,55.12
81422,6.34
14099,11.23
245452,27.72
97678,10.16
247124,21.89
113428,14.734
190888,19.08
16109,9.8
268895,3.898
155426,12.25
251905,2.193
144276,73.6
215753,33.62
265052,11.99
66978,24.69
90185,17.98
214935,18.02
117657,25.14
37836,15.586
42260,10.875
43820,21.98
53791,12.05
275960,2.057
274179,24.19
281703,11.305
248032,8.62
190045,16.66
207022,6.773
8538,20.17
33837,58.03
68308,25.14
7161,42.97
121799,26.78
218376,25.97
15285,11.82
175523,1.75
31745,3.633
173145,15.586
211242,63.1
226864,26.67
245319,31.8
41461,6.926
7501,31.92
39055,3.97
110119,43.56
47338,6.29
123098,16.19
141329,23.95
137701,10.49
50428,45.44
249003,19.92
277678,19.92
65906,7.914
117725,11.64
8416,23.56
204771,11.945
294813,7.293
63724,4.582
178356,29.45
82148,4.22
201684,26.5
7920,11.74
27395,22.48
61677,10.07
85982,11.04
280454,18.7
994,43.47
157477,97.1
123062,7.02
78350,42.44
209345,14.05
101200,11.47
34162,7.195
70781,28.56
196428,54.03
41924,18.31
9678,12.07
293751,19.36
2350,35.66
98102,7.81
54379,9.44
166424,3.121
177166,22.03
139666,6.31
50048,8.52
29200,4.26
203822,12.99
284370,6.73
241617,9.12
11455,94.06
195819,32.84
6222,5.29
47571,18.89
120749,9.984
107601,30.05
33547,12.23
31976,16.97
13517,21.89
118503,16.8
150110,6.52
267427,9.0
178823,9.625
143549,10.875
180481,21.45
67218,10.18
104328,5.54
18463,89.75
48279,8.88
91061,28.92
116615,15.33
108487,46.9
239280,24.69
69190,21.14
124705,20.97
225330,31.16
230861,19.05
11929,14.46
295480,53.38
163435,19.89
192171,7.242
37145,7.355
84093,5.86
28163,9.69
201760,22.67
44040,8.414
114031,14.46
264276,16.28
171386,23.38
283497,2.602
161842,63.34
232684,35.6
192903,15.72
1016,18.97
19810,16.42
135610,22.67
251781,7.066
20908,59.66
135556,4.344
86617,7.742
275491,2.49
110696,22.86
63086,8.125
67190,18.05
52440,7.62
110225,44.53
125655,21.53
39661,24.64
297010,6.36
259940,20.12
37167,2.225
143869,52.66
50308,33.78
40299,7.02
240936,6.55
293636,18.84
239587,68.56
134923,8.87
51020,16.9
207512,28.97
95079,7.844
200035,12.56
47392,13.95
153094,3.281
241454,4.47
101460,7.453
28092,8.234
291014,23.1
233342,4.496
134104,18.12
533,13.33
97181,26.4
278262,10.9
133280,29.98
32912,23.05
116963,13.24
118266,12.97
294229,3.748
35627,7.42
10911,15.72
261269,21.8
244693,16.8
14537,11.57
154488,7.52
286548,9.3
37093,5.65
150883,25.0
212590,36.0
202106,13.95
220440,9.38
29444,6.03
68477,11.766
276089,4.79
275770,1.91
211228,10.78
266190,38.1
296384,14.89
56944,7.227
218361,24.05
65276,19.48
95685,13.47
218814,14.95
49561,2.334
92223,8.195
228859,21.4
101024,17.39
4591,28.52
9097,11.086
113129,21.89
96149,13.38
104544,43.47
277035,8.32
66178,22.16
198035,11.305
80033,7.293
34260,19.48
92810,30.11
261342,6.24
291722,13.44
237119,15.72
58814,20.72
91194,5.79
13357,17.08
253420,5.65
127231,20.77
196202,46.44
149276,81.6
268229,3.684
204099,46.16
74185,25.2
57002,24.84
16060,12.05
293987,29.81
34415,33.97
171075,40.06
21166,10.72
167992,4.062
234055,17.5
235271,29.56
27944,4.94
252442,5.203
129410,4.137
61706,14.37
81211,3.447
126564,18.78
284259,4.61
31160,13.984
150966,17.83
222607,18.73
139003,13.73
99526,18.2
219363,20.22
278094,2.979
127562,43.3
61695,36.97
290994,23.75
185211,10.49
221780,4.375
247983,8.375
92668,7.21
143637,52.84
191821,11.42
62962,42.97
202344,16.69
202805,21.84
247155,24.64
111940,63.84
170192,4.664
693,16.94
15670,19.25
150227,3.762
32527,9.26
280964,8.375
34266,58.28
197802,20.12
279958,5.31
30533,3.205
203294,12.94
284535,6.477
267351,8.55
184878,20.5
109557,24.44
267116,33.56
84432,30.97
252815,6.82
199541,3.518
212873,29.45
79430,24.89
1587,79.4
284942,4.285
146137,35.22
27046,19.97
196029,98.6
77009,16.22
140647,13.47
85155,8.695
77657,9.36
267886,10.29
202196,15.555
153718,5.94
119864,6.094
184555,12.09
168266,10.05
88440,74.2
142448,14.31
118671,6.99
229998,25.97
131368,29.16
26150,11.89
134744,5.97
299409,9.586
126392,9.77
125518,5.066
200347,36.8
28539,3.984
166784,14.984
193216,28.45
287821,7.258
86513,20.84
73278,7.93
212,2.273
43579,12.73
108620,4.41
210931,6.12
241364,48.4
118343,2.904
40007,9.04
50301,23.38
24399,59.44
241254,11.62
60623,13.27
237317,17.94
118827,13.27
38651,7.164
97154,2.59
263770,19.36
220589,3.271
183414,16.9
204016,35.66
971,7.67
209163,9.26
268804,4.508
24063,20.89
62260,111.0
274923,58.28
249239,18.62
47149,34.88
3622,142.9
292810,20.72
108933,23.75
240093,3.148
139918,8.67
278721,22.95
15955,3.855
9859,27.77
225920,10.16
212798,26.19
174631,6.652
156176,2.102
138626,23.52
229437,35.44
164260,8.52
5892,9.18
110676,23.9
152480,31.34
118031,124.0
82715,34.38
74991,17.83
257691,7.164
135142,25.05
232493,20.42
151339,51.72
101722,3.605
135283,5.254
297572,7.965
222738,48.12
259043,15.016
230862,29.56
116197,18.97
228281,7.293
36217,7.793
89243,36.66
240382,2.146
132338,2.508
204932,15.39
189663,25.2
53305,21.67
138254,2.205
9768,22.12
132138,27.05
239882,19.64
137856,6.227
219161,36.9
230840,2.188
265558,23.47
4384,7.18
150827,7.438
264905,25.0
34527,5.043
237663,49.2
15118,18.47
9528,35.5
290694,14.13
231972,10.945
107311,19.05
95090,7.258
9082,37.56
295011,10.03
277437,8.16
109768,10.266
37858,3.734
278681,26.61
184892,2.615
80309,26.56
94923,20.77
194781,4.223
221770,5.934
260397,10.35
162128,6.58
106372,19.4
58677,13.414
105548,10.47
189992,11.35
194615,12.56
198799,4.152
194628,8.56
114474,3.643
29959,118.25
58659,10.29
26396,3.984
88684,6.91
254004,27.22
106907,23.05
265979,5.625
196024,64.06
293011,17.05
249815,6.926
297901,16.66
199116,13.87
239346,7.773
80554,3.412
67534,13.19
208707,11.766
234719,6.26
62765,14.43
236599,13.05
124993,10.85
278578,20.47
223334,25.25
156572,12.43
128385,10.12
99104,6.324
290155,13.08
146544,19.61
45999,5.332
45498,11.72
169372,96.7
92783,43.66
279549,9.8
104869,6.16
245250,3.742
127676,15.65
296958,17.28
86447,21.4
223885,2.902
280588,11.04
253402,4.23
58457,6.367
87840,11.445
68549,30.9
260557,10.85
258794,14.28
165816,73.06
204361,15.08
181358,21.4
276032,6.79
299219,5.566
75161,8.55
156873,116.4
15682,5.445
161959,22.25
179947,28.39
106233,17.9
80155,12.305
222623,23.84
212569,64.4
229889,4.332
197664,12.35
134860,5.438
156852,91.5
180453,19.17
99488,21.06
104062,31.1
130098,19.72
168111,8.75
270074,5.27
116882,67.5
267133,21.5
43637,6.773
235078,39.03
266986,15.85
212959,12.914
272560,47.84
226948,9.14
292456,11.375
150450,2.125
50026,7.258
261649,27.44
254305,19.52
248735,22.95
8829,29.56
68131,18.81
115132,6.867
94241,42.97
244123,3.504
274696,36.6
162600,4.38
216106,10.445
292256,5.88
265639,62.6
61679,22.08
39469,4.293
66575,23.19
11493,30.66
86775,151.5
278233,3.064
287472,5.668
83749,21.19
194468,12.15
83775,10.49
145531,39.66
63334,3.812
252151,6.926
18039,25.88
125224,14.52
53316,7.39
224290,2.688
279269,3.885
11440,40.88
125282,3.248
281966,8.04
142908,60.16
169425,10.13
287700,5.95
76619,7.117
180421,16.28
208186,14.8
201614,17.28
135406,11.04
41885,8.055
211183,82.25
115465,35.66
159971,3.697
108803,96.7
138358,20.97
251493,13.33
140916,17.0
175406,6.184
87283,6.203
69614,13.02
248039,14.7
267276,9.69
291159,4.76
23222,14.37
125954,38.72
247864,34.94
25764,109.75
139957,5.81
245051,2.76
261831,17.61
186253,30.9
44138,9.6
260129,5.19
202453,10.47
53162,9.8
234567,9.3
33170,19.44
125024,16.94
134988,10.42
121471,10.01
263585,22.34
67322,21.89
285492,5.066
292097,16.55
52584,4.426
44339,7.59
189577,10.16
185121,11.49
161945,25.97
293639,44.25
204713,12.27
135877,18.92
72535,23.75
136495,7.133
185254,5.656
184751,7.88
257651,7.117
158797,6.023
168761,19.69
207357,11.89
54881,9.73
3636,69.4
71775,15.46
17321,28.8
124770,7.81
129702,9.75
19414,37.5
290766,9.1
295929,1.667
220546,10.51
244882,13.414
292920,8.51
267555,7.67
287016,17.05
4376,38.88
106549,5.145
56331,7.86
125062,5.93
222114,27.11
224025,15.62
137875,18.42
225457,23.61
99948,17.14
54544,18.81
34459,3.06
239504,20.84
59073,26.67
116965,14.19
54159,11.42
128834,14.49
76119,3.701
102972,1.891
208046,4.99
219924,15.75
162016,115.5
232595,25.14
147654,71.06
6183,22.12
37409,4.48
6303,4.688
130900,22.3
218960,28.28
191035,9.18
146230,16.55
234124,3.018
111577,13.24
45040,3.508
27774,7.86
46443,6.203
46459,5.414
106256,24.48
14944,11.914
235183,30.42
228176,6.36
164386,15.65
131426,7.066
203246,22.08
44429,3.121
181764,5.17
255198,22.16
164504,20.47
57370,52.84
164353,10.31
141638,14.07
54091,14.25
245379,26.03
125880,4.8
234265,8.92
38801,12.99
138420,7.324
84201,15.65
230409,24.48
279465,11.13
269787,26.23
141356,14.13
208658,8.66
37912,5.95
38816,2.959
262587,10.72
70222,19.92
285549,2.107
74016,27.72
133210,29.75
206257,20.1
205742,2.572
215849,25.34
163462,13.695
164932,6.03
206458,37.72
134383,24.8
43410,2.65
257085,9.86
180495,7.57
175877,8.945
101798,15.75
132169,6.07
141731,7.83
48071,8.16
62790,18.5
78913,5.188
268763,13.49
246938,14.25
293018,4.7
35353,2.021
126240,5.066
281099,21.72
296775,2.793
249926,5.867
140081,6.305
205416,17.22
171539,15.69
129837,3.836
69699,7.707
237826,10.51
116957,14.92
193334,39.8
180350,38.72
190476,12.12
181207,6.348
162699,5.676
51724,22.3
52905,3.951
66605,15.266
93910,8.21
285719,5.477
52707,12.99
170937,46.8
38581,8.21
125861,9.86
112509,16.6
149285,11.06
273651,13.02
33835,17.83
37700,44.2
208510,56.66
280670,31.86
147165,5.008
214736,2.744
219187,26.61
53709,20.25
160,9.16
276174,3.65
106513,18.58
159776,9.75
128846,5.418
118985,13.24
104579,15.62
62822,18.84
51508,2.736
141683,13.02
171165,3.729
147145,30.9
208735,24.3
122505,10.85
200562,5.37
293651,13.49
135451,16.97
162322,19.36
177515,7.473
13476,20.3
199535,2.178
26133,7.453
4893,2.723
6338,7.21
999,31.73
158912,6.85
220483,2.57
259908,30.9
195357,58.72
204954,14.34
9143,7.793
266840,7.42
52670,31.03
36034,6.742
240106,13.695
127992,8.695
290441,8.77
145952,37.34
118210,17.22
4240,17.44
202669,8.87
71561,13.22
114262,10.99
291800,91.9
227440,24.1
218476,20.42
227548,24.73
254945,22.67
274985,5.86
17758,42.28
163163,10.695
2399,27.11
294523,6.316
288046,7.133
160723,92.6
160374,8.47
250752,16.66
212893,14.164
201490,17.5
72477,34.94
126517,13.81
66699,18.62
39131,34.75
170197,23.52
63738,18.17
97266,2.494
112933,18.2
100918,20.34
186557,9.586
121009,9.875
52408,4.137
103563,14.28
210379,7.742
262135,9.56
197683,21.4
6629,4.16
92897,2.77
272942,28.39
102765,2.598
217236,12.12
15072,23.19
263512,8.75
65774,5.438
9791,12.78
176334,16.69
251132,7.54
298420,8.734
137050,50.1
26078,5.98
110523,37.2
114722,18.05
246718,11.914
45707,6.15
248809,27.22
270811,11.89
179026,3.307
286286,13.33
196628,54.25
30029,3.521
251055,20.47
105647,19.4
228477,29.39
234380,9.195
114410,17.28
94556,7.984
290436,8.21
58804,2.748
242678,5.035
286821,28.56
114929,11.62
172728,3.62
143816,26.67
292937,4.17
45309,23.66
250839,34.94
214219,15.42
153973,31.03
296213,7.793
51546,39.34
235144,58.72
233555,43.75
46598,11.62
220528,11.766
122688,9.42
111463,38.88
124367,6.637
137804,16.55
230353,26.5
99483,19.44
233592,7.57
16338,25.05
267275,7.39
223669,14.1
79123,10.375
211713,10.72
6590,18.17
225303,13.22
128072,3.678
174471,8.84
201797,2.238
244226,23.28
247187,21.89
177787,16.97
168126,12.12
169852,28.75
56885,27.16
11982,12.41
135648,7.18
266025,25.0
261575,10.23
179019,19.33
241786,22.03
123041,2.145
192401,7.37
125286,6.418
143668,22.77
19044,15.016
156674,8.805
7919,28.69
13499,17.66
198008,5.496
3297,22.53
189676,14.86
123035,12.05
89448,30.42
79285,10.47
122415,3.125
210516,3.879
242883,16.48
162371,20.34
213818,17.11
269588,30.53
105584,14.766
265272,29.81
44754,9.69
155806,8.805
93807,4.566
190317,7.473
127597,23.66
43079,4.918
122862,19.97
72511,24.73
198214,18.36
107100,9.92
198069,14.7
63418,14.7
52051,7.742
215528,31.67
279733,12.695
193301,9.1
210344,16.28
46555,5.82
284109,2.773
212387,38.2
236968,9.06
286946,16.72
6193,25.14
157325,119.7
46388,3.902
36478,4.69
87822,3.701
160801,5.684
170699,6.035
285525,4.363
73111,12.17
121021,13.61
190676,13.81
230016,10.445
223075,4.76
68399,30.97
294045,9.02
242077,12.67
25697,18.92
22699,13.24
215967,13.61
154512,9.14
193496,17.19
74194,7.965
125635,19.25
160217,2.697
121636,12.62
17515,73.94
242461,15.08
111446,16.02
266999,7.742
282078,17.55
290255,26.14
269502,26.3
110541,17.25
149669,24.05
196454,64.9
137101,25.97
237303,5.996
286308,9.9
63875,28.8
14769,20.3
103452,7.688
129792,17.05
38127,11.79
265182,2.234
105102,17.55
65699,16.66
106772,22.03
181667,31.8
160082,18.7
8391,8.32
144103,65.4
29172,10.49
166218,26.23
291209,7.098
287225,12.86
236347,9.6
144427,5.086
247760,7.605
116878,72.75
46965,14.67
147664,30.17
297085,14.4
28118,12.695
165666,6.375
145578,68.8
175604,11.695
58968,5.31
203307,14.05
138330,12.33
42140,34.38
126561,20.67
188802,5.547
248092,14.8
132525,72.75
6769,24.69
77497,6.895
92166,19.28
257233,29.81
272527,28.28
254978,13.16
146341,7.355
240561,14.4
51447,19.8
145386,18.62
164712,26.14
102423,13.44
198856,6.113
39364,9.984
286042,10.74
94034,27.66
88044,9.24
180034,21.77
147848,27.0
256487,5.145
62539,22.3
78760,2.576
41818,9.92
250928,9.02
116051,9.06
120881,4.637
198805,12.17
244236,13.73
114480,19.48
50771,13.38
91468,7.098
298898,3.643
155301,22.72
230222,5.08
223570,39.66
1631,15.914
144588,6.367
118835,22.12
96266,15.266
165852,17.11
45679,6.73
97178,2.463
181724,7.844
270023,4.098
41333,7.773
107235,8.16
282049,8.91
95080,10.12
46748,14.86
76367,16.28
21060,36.97
137584,15.33
252760,16.72
248014,29.2
266858,13.52
129707,12.51
265814,20.5
290485,35.88
111594,4.387
245637,9.12
33859,23.9
211709,15.3
206962,10.92
222955,5.746
171005,8.195
18753,26.83
108426,11.914
292423,19.25
233274,7.164
119960,44.25
3371,11.35
140704,10.24
291200,22.34
278730,17.25
63959,17.25
233247,15.78
68286,11.84
96975,16.9
183523,2.676
161788,58.28
286394,8.32
40187,3.525
61439,8.805
216943,24.3
169266,14.8
131991,8.87
3441,13.38
67181,8.805
96674,22.3
143091,14.05
262259,10.23
104427,18.02
122428,8.92
200529,4.656
184536,6.105
156564,6.895
169226,2.354
189522,13.02
287328,11.52
138696,22.44
171600,10.51
164120,3.912
66933,28.86
203134,12.83
261303,10.42
73879,21.45
51704,20.02
287578,5.227
14611,40.12
290183,8.086
143826,54.25
254335,7.93
279459,5.637
251938,10.6
104809,13.16
145381,36.3
171630,6.19
205978,25.0
50927,11.47
815,1.997
296420,8.07
180937,9.16
26376,3.21
76544,22.48
249437,7.64
149681,53.28
69436,19.72
43423,4.742
106866,16.97
8511,13.3
267417,27.66
204493,15.72
173201,19.84
269781,6.684
244843,24.6
70090,2.473
190494,1.815
167266,24.69
41951,6.203
193286,28.97
61113,4.426
29716,30.66
296207,11.016
185728,5.902
192422,32.56
273959,11.79
125977,24.23
283256,21.77
139833,10.78
298207,18.47
127830,36.38
221332,10.23
261116,69.1
193009,38.56
103542,8.29
176300,6.73
125507,14.64
217703,17.69
201142,56.66
176088,24.39
169930,11.086
146156,47.47
197362,7.844
283630,4.773
68510,40.53
37264,5.65
121740,26.78
129847,10.266
20791,16.14
28569,6.418
14936,5.54
253415,4.637
128743,20.38
97320,21.14
72863,19.44
103632,10.05
145544,27.27
178705,6.867
119430,37.62
125842,11.64
160402,18.47
211609,81.3
54663,14.89
114972,23.23
132757,28.39
192108,80.3
172468,4.418
245833,19.08
258772,6.7
142500,56.9
292491,20.5
155736,4.32
168803,25.3
226623,17.47
124607,15.914
42830,7.844
176869,4.04
293786,48.53
108497,55.12
1433,16.55
214320,33.56
52075,11.33
179249,2.71
230613,20.47
154935,5.363
21466,16.19
269731,8.43
102200,19.92
183081,8.695
38970,6.652
23251,12.54
101484,157.0
11506,42.2
35894,5.707
151509,15.11
237323,17.61
7280,134.1
242560,54.9
171290,11.99
213159,16.02
210243,19.61
156528,16.14
260631,3.21
183961,4.496
8303,10.99
39956,11.59
162207,2.521
272662,3.057
217488,14.89
58059,11.62
79926,2.27
93702,20.8
108111,15.945
272414,11.695
220517,17.72
181478,11.87
210907,18.31
232036,16.34
175447,3.762
2027,26.19
24252,9.73
179536,2.646
63613,21.62
91767,17.08
279825,19.12
216995,13.93
163638,17.5
176608,31.16
173787,44.97
287405,4.42
240171,3.643
244316,11.766
132820,12.305
204841,28.39
144218,19.0
43973,8.195
15625,39.2
1210,6.492
242774,3.447
143716,123.0
5233,39.5
257964,8.234
119943,23.66
165840,137.4
195881,49.2
12052,2.553
231859,41.94
247286,29.98
182719,18.2
135976,17.22
185069,14.8
195878,71.9
5333,76.6
220346,20.89
2224,53.6
262344,4.938
72727,22.03
13115,18.89
141341,16.42
145088,29.1
91304,8.086
174164,14.61
280464,5.57
12719,20.55
264849,12.41
21874,50.2
16501,31.1
151319,50.7
24781,11.28
228457,20.12
14325,6.113
174359,5.035
24046,14.25
47562,3.053
36125,12.88
46982,40.22
85426,14.016
292155,14.46
81489,6.24
105525,9.26
84050,4.24
296451,10.445
269399,7.15
38281,78.44
95191,4.023
207282,28.56
260124,19.48
270537,22.16
165474,6.504
280248,7.965
19091,24.1
164466,12.195
138958,23.1
291881,39.4
101369,7.93
196386,73.3
145385,17.83
280710,3.535
192511,20.77
208456,9.55
188540,63.6
168454,25.3
112706,13.73
194621,8.734
157714,6.867
65874,13.836
109389,14.46
288152,34.25
76994,27.89
604,24.05
17338,12.33
121372,31.03
290132,10.53
74348,28.45
292737,27.11
260824,10.16
44326,5.445
135146,6.668
160299,12.25
123058,9.36
173919,6.22
56755,7.242
290942,10.74
251103,14.555
34099,15.33
294354,16.86
91596,49.7
262856,27.22
189852,7.02
233671,19.92
73547,8.66
209177,8.58
3489,121.06
187397,14.984
108157,26.67
221949,4.832
45409,9.52
184712,9.38
66781,26.67
46906,15.39
290225,23.42
109674,22.53
206107,23.19
213367,33.62
163072,10.805
88359,11.375
31023,31.98
21918,9.81
9178,27.27
60103,15.98
155543,21.36
79341,17.11
171673,17.0
76376,6.58
58551,16.38
93594,9.586
59513,46.9
11454,10.875
167883,8.484
11724,16.94
58234,9.836
250908,86.56
39001,29.56
65850,2.79
234510,39.56
101336,18.66
227190,21.31
244354,17.47
135908,4.39
72360,13.836
222769,10.74
31668,7.453
296873,18.7
186797,6.758
15219,9.484
208038,7.133
166458,6.273
159272,8.67
41434,2.715
48615,22.16
229915,13.93
293741,18.36
252424,1.712
264612,5.156
60637,12.83
246751,26.03
176197,23.28
234650,30.42
57874,5.438
16257,23.95
175223,5.223
182255,8.83
267057,3.543
145259,56.0
52242,28.52
23354,17.98
69765,21.11
29437,12.83
106140,9.6
231501,2.484
100419,5.08
155511,6.03
266066,7.098
23372,34.66
71756,11.47
190954,27.33
143060,4.875
266133,12.27
125219,12.62
17208,8.64
278742,22.44
104524,16.08
49912,9.26
19167,40.7
75266,9.46
299123,8.71
163885,11.33
91212,14.19
55788,36.0
37532,3.525
63579,6.758
288801,5.656
148330,9.71
28617,6.24
275096,8.77
63469,35.16
139550,11.086
203644,54.7
258166,7.914
244869,21.02
170349,10.03
121713,31.92
35295,29.16
55865,25.3
214121,66.44
261592,9.08
27432,3.152
189301,145.1
124416,29.45
55889,45.44
46580,10.12
295239,13.27
63046,16.22
244635,21.19
158854,19.4
159598,5.61
29947,5.57
101303,152.8
289576,14.92
151907,13.47
218788,23.95
4914,17.72
97446,27.05
31563,24.1
294432,6.043
50230,23.61
256213,8.34
138826,10.05
237754,20.64
157791,26.08
282303,6.176
49745,10.945
210320,11.13
103960,24.05
91927,25.72
279112,14.34
102160,30.84
259353,13.61
172947,4.527
34334,5.86
286523,8.29
276618,6.36
60705,11.13
86068,2.77
13663,4.453
127671,17.88
27465,19.92
13335,7.95
292344,5.906
239697,7.31
234040,17.66
90033,7.082
43512,7.082
26981,10.03
79805,18.02
29069,10.67
13617,31.34
287851,6.535
158271,11.04
142450,91.9
16248,14.05
121618,15.65
2126,58.03
152479,18.73
78126,7.758
94372,15.3
85027,12.914
265239,5.96
143168,13.78
233646,65.9
176710,34.53
75129,29.33
170181,6.29
202745,31.53
258378,44.62
83839,6.742
84968,19.08
250313,19.77
132894,33.84
115328,17.19
41677,10.23
30428,8.234
18146,63.6
127702,25.1
15037,9.02
286984,12.695
138151,2.182
195096,26.03
3875,33.78
114473,20.64
45009,8.64
106637,16.94
61154,2.229
48715,14.52
39058,14.46
228655,20.17
154321,5.45
280584,10.49
218379,27.0
25919,14.58
264244,22.72
210037,22.58
169262,6.684
178528,12.25
63326,5.1
7106,16.52
261213,8.14
258195,2.834
286126,9.9
200911,30.3
37199,4.777
47102,70.2
172303,101.4
177969,7.62
64790,52.22
124955,17.69
226723,14.95
206411,25.05
227732,3.434
27664,6.445
37195,12.25
269001,46.44
120232,64.6
197126,28.05
291964,6.086
299212,10.92
199455,94.06
71233,6.867
98825,4.75
285012,2.426
96575,12.305
57152,18.23
106339,40.78
201392,9.836
30064,7.21
120521,23.56
49930,21.36
213728,23.14
158208,32.56
1294,33.84
199319,5.547
197850,8.84
231398,23.42
91962,23.38
223115,24.48
199685,5.695
261245,16.52
12428,29.2
96197,16.8
21593,30.6
295609,3.955
223647,57.12
275124,5.188
250961,18.17
96070,93.0
218789,4.79
35442,14.1
59590,37.5
34677,25.3
233000,34.75
174985,5.637
249520,1.991
41901,18.47
281442,21.89
37734,101.8
293137,4.016
91366,7.098
68523,4.73
50604,21.84
176949,109.75
88008,3.66
121286,9.71
227627,10.72
246196,10.24
182985,17.22
28595,22.81
224285,5.914
65776,9.3
151512,14.984
222301,14.34
95662,3.21
70141,17.58
141959,6.34
288932,6.668
138569,20.84
70038,35.88
11730,10.555
281505,13.3
47841,6.434
106845,19.12
18343,72.2
109274,8.67
128130,9.4
23406,7.52
171593,18.92
224512,36.0
243438,3.748
6023,35.03
130913,20.67
182244,6.758
151489,34.38
273609,10.01
78948,7.18
80849,21.4
7735,15.555
2274,33.5
124480,41.53
299334,9.77
99180,7.082
134330,4.773
292200,8.0
230145,31.34
80931,13.81
221697,10.18
173669,8.6
140228,31.28
82387,5.715
183034,11.06
228902,33.72
66132,16.69
49796,15.016
23576,34.88
99563,16.52
238319,5.113
13360,23.8
90628,8.62
4846,13.58
243212,21.89
127375,12.43
18916,19.05
201480,55.12
77556,4.39
64572,22.16
240759,24.14
208513,132.0
242107,15.88
216668,11.2
135205,2.062
18746,57.34
27,9.52
259341,13.73
266361,5.96
173879,100.6
11115,21.19
133203,8.29
102174,41.84
141598,30.6
238455,13.38
286794,10.6
271908,6.79
178108,37.5
246915,14.52
15889,16.31
96934,11.086
180942,22.58
208474,10.01
295669,12.62
49261,25.97
255806,36.75
55261,22.44
188259,24.48
64308,23.95
142509,93.0
183839,4.312
162941,29.75
129452,7.707
77945,35.38
46454,12.016
86158,22.03
61329,10.31
1234,38.2
95112,12.33
58138,15.46
62290,9.44
114093,7.473
110770,13.93
113954,25.81
231163,19.2
257556,23.56
182584,13.87
142589,57.8
290248,8.43
146775,26.72
218321,20.12
12388,34.25
186698,9.02
171771,2.135
260301,8.32
111562,13.22
43434,10.2
271628,12.09
152630,17.36
76879,16.08
103401,22.12
202687,2.24
224967,10.01
62617,19.05
151608,3.438
178155,5.09
5123,63.1
107475,25.45
46334,19.77
290355,15.39
32300,21.19
137977,15.85
167777,3.557
86539,13.64
251617,6.99
205063,15.52
177762,19.12
91031,3.465
68251,42.97
115395,74.8
133418,152.1
275052,18.78
262998,23.23
159557,4.918
230057,8.14
82677,7.242
213953,16.52
109523,20.64
1084,4.17
48488,10.83
241880,11.13
123353,16.94
20752,19.0
229582,15.14
171832,7.02
84570,2.068
197079,16.31
75024,24.6
76968,3.404
38630,15.3
129086,29.81
32388,17.08
232998,10.24
33385,3.889
95807,11.16
179943,28.28
180973,8.91
66872,8.016
77461,1.849
269287,12.51
19665,24.8
276317,10.31
158981,16.52
133914,9.44
291986,6.004
38028,9.06
160301,12.195
143180,49.1
191421,19.69
205917,7.195
184874,16.77
80765,31.73
105113,7.258
162595,10.07
289472,5.33
27616,8.266
7956,21.4
115084,17.98
48513,9.38
27414,3.43
71188,8.36
265608,6.55
176399,1.716
220459,8.43
258149,2.979
289373,18.5
20484,15.46
289116,24.0
176287,21.28
24050,2.785
241020,16.48
91798,9.75
148631,60.38
126149,6.61
188836,8.36
77418,2.334
255642,12.56
213129,24.55
79753,11.55
73328,30.9
143594,15.65
10421,8.45
256529,9.65
168840,8.945
41844,5.266
27482,7.082
52965,18.05
288715,11.664
116218,36.66
52827,12.88
100971,11.28
210119,14.555
136551,16.48
146948,26.78
70173,42.03
279513,6.297
193454,18.55
185602,7.21
253277,9.52
100713,15.88
255290,14.25
51518,25.25
159024,13.81
298261,73.6
256483,4.633
157480,132.5
269077,11.28
48451,41.28
35773,3.326
14164,12.914
82983,12.83
45447,4.3
93826,5.555
179135,16.94
150514,7.082
105157,51.2
136493,50.38
59667,21.72
173651,4.76
247069,21.94
253867,4.914
293192,5.49
276690,1.684
179282,2.562
195947,76.6
169961,13.984
46212,8.58
114263,4.51
111261,5.406
21080,16.69
214629,25.81
295339,8.18
77329,4.094
221361,3.398
299302,14.67
111827,15.72
262217,49.3
240060,60.38
297861,8.58
72335,6.535
199731,10.05
50018,19.08
68667,17.58
278599,10.49
282362,6.367
177130,28.45
240097,10.07
98620,3.387
279363,2.498
188533,2.318
165456,8.34
20646,36.53
140565,6.273
88066,6.227
120807,24.94
135041,15.05
235651,94.8
218694,23.42
290115,9.73
54985,18.58
73351,25.0
174411,11.79
247780,52.22
149159,20.77
221850,6.715
256069,9.22
73521,10.16
125433,18.84
92043,23.05
34384,3.041
97888,6.652
29326,17.36
163005,18.17
226211,7.57
53531,21.36
62394,16.14
195676,64.6
277061,11.26
68103,9.36
30674,2.33
126845,22.62
260635,5.07
78213,18.73
130623,32.62
279565,18.05
78417,5.793
251358,5.555
179214,3.97
180588,27.0
133784,15.75
145985,16.28
190593,6.926
260070,10.336
186575,12.88
115791,111.0
49558,15.234
295409,6.684
149576,6.348
37064,14.984
34383,1.57
47669,21.28
16193,10.29
144889,21.53
220497,6.684
246022,13.9
217207,18.28
259504,6.504
236163,139.5
100511,9.77
268389,23.66
131036,12.78
40511,66.44
279102,17.19
221907,2.098
156668,13.414
249965,7.438
205469,22.2
216482,21.4
282932,31.1
143426,14.4
44159,14.984
37580,5.99
65880,10.58
226387,21.72
198456,21.02
78443,23.47
242829,10.375
73174,30.47
122609,14.8
262523,31.98
212697,7.035
44551,18.12
61338,12.83
164935,10.78
272174,22.08
11148,35.6
226955,6.73
275676,7.793
44423,25.72
230825,15.62
285085,7.773
138623,27.83
270376,10.09
126046,20.47
183235,24.73
71344,8.36
201430,19.64
59051,11.664
5958,4.285
188153,6.7
209842,12.41
13124,21.06
148136,26.19
128169,36.44
63253,11.664
34031,6.684
147021,26.78
191822,6.035
237067,108.0
105672,15.914
261115,7.773
26089,7.914
243540,18.73
5382,15.88
40454,16.77
27200,9.73
17767,16.45
144806,7.195
250480,63.34
216086,2.074
160114,7.555
110863,11.64
24977,13.05
247324,15.2
79559,35.16
49686,13.9
10983,1.799
228751,14.13
141249,6.176
134457,5.79
168539,15.3
231780,7.57
99637,31.34
10931,13.73
3467,4.11
161688,95.56
42775,10.23
88509,8.266
42352,19.44
233435,30.36
66873,7.57
294427,12.78
127892,69.1
36411,38.3
71892,16.02
244013,22.77
283600,6.03
229839,26.72
196031,43.22
235769,6.715
70449,12.59
24176,14.7
145423,12.88
214718,17.47
288922,10.875
198963,8.805
216991,14.28
150019,17.44
270354,25.97
153668,9.18
169177,13.555
89320,48.8
156425,9.02
94970,21.98
121083,13.44
267190,2.48
292055,29.62
52257,19.61
169916,4.996
86149,21.31
181856,10.67
281178,6.28
81321,5.01
145047,89.75
198306,42.78
122165,24.69
242103,14.05
261533,8.32
75482,4.66
195172,64.06
255707,8.91
38157,13.33
239796,30.05
141517,17.47
42316,43.47
72276,36.0
160172,11.305
71535,6.668
66812,32.97
42694,10.92
243797,12.33
203783,13.44
138642,16.45
196866,8.195
201498,16.11
68739,23.95
294485,3.412
138653,27.44
241295,9.71
134939,10.24
288052,5.906
256403,15.65
154438,10.9
175563,4.55
71527,6.773
149773,2.92
56216,60.62
192771,39.2
84022,2.344
235476,129.0
147850,54.25
295926,3.643
18766,55.12
132961,24.89
21861,20.72
19421,28.52
70039,43.9
273471,3.53
154785,36.97
128202,8.016
3863,34.47
86050,10.336
97461,14.13
165756,9.69
3765,149.8
40698,15.234
45477,29.39
56804,4.27
153664,6.504
254518,2.494
249841,5.168
51362,4.715
214265,4.402
181400,3.885
135116,6.668
252998,36.75
105036,12.73
98313,5.555
228508,15.945
96314,2.521
263944,12.25
98245,23.7
277323,2.58
268232,6.99
39233,4.48
167441,14.52
283346,4.93
60920,42.53
219037,5.895
281220,52.44
145313,11.99
95278,5.566
254050,4.66
164664,13.19
229332,12.78
221986,20.84
281189,16.42
42475,4.47
26114,6.94
265504,7.195
106478,29.69
232142,10.42
271257,14.58
33206,21.36
281716,2.54
13546,20.25
168081,13.695
10831,6.836
221282,22.72
200052,26.78
2916,19.52
158487,5.812
136249,7.37
67830,2.15
286872,14.164
190562,6.035
103314,15.52
214490,29.62
110070,3.875
230752,11.945
272130,7.195
245871,12.73
288521,12.07
42871,9.8
38963,18.92
179367,30.36
181558,11.18
74574,6.973
199793,15.62
56920,16.72
278325,3.256
30955,11.55
52625,15.05
19723,35.44
168374,2.615
14847,21.02
260797,5.246
33818,31.98
97675,16.77
279475,7.914
181091,10.24
198308,34.38
67412,4.21
110577,81.94
41649,23.7
246179,60.88
59374,8.34
222206,3.264
94066,9.945
211198,9.52
251311,2.096
22857,17.94
237097,4.47
105969,43.12
33807,18.02
19120,9.08
58468,52.97
223918,9.3
33157,8.47
38128,6.836
113350,6.637
51306,21.5
228031,4.145
229195,7.164
84309,20.8
3154,22.95
141368,29.98
153999,4.617
269220,17.47
156798,154.5
144133,9.12
7606,28.22
33180,3.084
133012,9.586
296397,11.87
116449,31.1
179071,14.164
159529,20.55
218606,12.51
117544,11.74
175432,13.61
181485,7.31
211720,14.734
163100,7.67
49760,7.793
111379,19.17
86920,12.62
4300,27.16
157578,152.1
25065,4.426
40776,15.08
122433,17.11
212273,28.34
136397,3.809
57825,24.44
122156,23.95
93805,3.535
155505,40.06
220338,26.19
184096,13.58
248268,14.07
257686,14.22
241215,17.98
106634,16.48
290127,15.266
28069,2.27
244633,8.51
243084,22.3
182315,9.69
120547,7.066
65216,18.1
49113,11.97
184406,13.05
139126,12.15
82482,7.656
91694,53.5
5243,20.64
88653,7.742
23380,12.23
121357,37.56
168241,4.76
157949,83.9
274991,6.445
44736,4.73
170395,34.53
181032,14.05
24293,8.45
13729,27.89
20341,58.97
231130,13.27
199226,9.06
97777,70.5
273756,15.85
242186,12.94
170806,41.44
46100,14.64
4826,10.555
148513,54.47
123518,19.92
82081,5.035
252950,31.4
173493,15.2
127458,20.1
46433,7.52
277077,4.113
1439,63.84
76036,17.28
82931,4.938
275325,10.97
218657,24.69
228498,18.12
31926,11.74
198267,25.4
221334,35.6
214455,15.46
263007,32.25
248109,24.3
70518,9.75
269998,2.92
114116,7.95
174062,28.17
256079,6.46
228060,9.96
108521,47.94
149099,37.2
294022,14.19
283666,6.445
262212,62.84
271976,5.902
36820,4.2
73952,29.86
50328,56.22
61778,11.13
14763,11.64
107624,40.38
262282,9.836
91236,9.4
164770,3.525
69526,39.03
294284,16.69
143821,73.3
131629,33.44
209305,22.39
286913,7.504
20312,40.12
83645,8.4
266969,14.67
286878,5.098
99979,5.17
72191,15.85
179769,41.34
112463,20.5
59345,21.5
192353,33.38
40791,20.67
30184,20.8
264956,17.61
59480,13.52
227568,26.67
109263,46.16
171120,10.49
177425,9.26
80802,37.5
111409,19.64
242069,26.3
4769,25.14
83884,2.264
103848,19.28
195445,67.5
49611,13.3
81240,3.78
4010,31.8
264342,7.438
32767,42.28
70143,7.066
94712,10.375
36286,4.164
39310,8.34
277596,14.67
63185,10.83
103028,29.75
185238,4.58
174580,13.44
22656,9.92
29617,14.984
231611,3.486
174045,35.8
18932,2.041
1782,26.03
176970,8.64
227377,12.56
270517,8.64
5421,77.5
121229,15.945
258806,5.746
190314,34.12
217251,2.13
162794,11.664
229763,7.02
219813,16.25
45433,7.42
203936,20.64
198318,10.51
297037,8.07
102396,12.09
237551,2.459
10637,15.42
192772,12.17
95077,14.07
186522,6.46
68557,3.902
248826,9.86
119396,6.836
164946,4.773
223897,3.99
190833,13.9
119777,3.084
45085,12.67
179500,6.094
120836,52.66
164395,7.035
93490,6.562
252311,3.543
294671,24.55
274245,13.555
200699,22.67
173953,2.188
89767,2.064
105355,13.75
74001,5.703
81544,2.748
63765,12.83
120935,41.7
53325,6.24
92969,5.258
37558,15.39
193048,10.83
14160,3.014
227538,20.55
145983,15.69
85879,10.625
167439,5.875
97078,10.83
195539,76.6
4662,18.7
299180,16.66
234525,35.1
191223,3.748
68339,7.293
143552,96.7
170701,25.45
184202,40.94
117964,16.45
254011,4.44
266214,14.05
67910,3.465
148883,34.47
226299,11.99
259154,4.7
18687,4.203
150870,10.375
96469,9.984
33610,7.83
149210,17.36
270927,29.33
257773,4.152
191612,22.2
252294,10.16
14661,9.3
17686,29.16
103410,7.21
72285,22.3
247930,10.58
145044,81.94
237182,11.64
226595,18.2
28888,17.08
218187,17.83
186570,9.984
76767,16.77
211327,35.5
107341,12.64
284356,1.717
4435,20.47
189142,34.47
131614,12.64
17914,17.61
203660,10.555
272661,4.22
98471,10.92
193882,30.42
25205,9.22
147372,24.23
42516,7.773
222822,17.44
162564,4.625
139495,28.05
293015,23.75
34929,2.615
48755,27.89
54968,14.7
112721,12.05
196104,41.34
166096,5.855
120844,4.09
137913,37.12
90421,3.322
3124,28.22
270368,12.51
23510,92.25
64195,23.38
19386,62.6
235444,63.6
198443,10.09
239094,9.6
764,16.22
27959,5.742
189655,10.53
9374,29.1
128504,42.38
287009,6.836
181480,16.69
230735,19.25
174336,2.684
108453,19.8
203744,57.12
87248,31.86
18245,56.9
130725,5.31
146384,16.86
261796,12.09
225329,14.734
139220,32.12
12027,16.42
225564,15.3
222235,4.617
222300,6.895
29436,17.66
181889,26.72
147926,31.92
142464,55.12
195936,75.7
155308,24.05
258678,11.086
268963,1.908
118234,12.305
136441,6.668
207209,29.62
215823,3.3
156397,14.37
283330,7.195
27288,17.28
291914,11.64
165439,99.0
1426,23.38
153963,25.77
254308,10.65
1464,34.38
38123,4.89
72235,4.582
281114,13.22
29329,22.03
54077,24.64
7048,13.33
26242,44.8
21946,11.84
73540,23.1
189947,5.445
86014,2.955
64101,12.86
206433,12.484
143369,21.28
160346,23.28
61689,9.36
579,5.188
61909,24.8
89935,15.36
125031,57.12
288154,12.67
139188,22.16
1098,7.355
13067,7.05
277370,16.69
60010,10.07
51406,13.52
32016,8.484
32781,5.86
128306,16.77
144385,38.4
252198,9.16
120681,11.74
61662,4.547
145086,50.78
219021,21.84
223877,2.756
1660,60.38
220869,9.56
173424,25.25
286282,6.94
46047,2.152
108619,11.59
269847,2.76
237600,9.336
74406,21.19
111067,5.02
257296,32.38
163295,14.61
284545,5.82
288937,26.78
23336,12.75
159842,12.914
54702,8.51
279082,13.52
18769,25.14
179014,7.324
113248,32.06
254474,3.318
24249,25.72
132839,22.53
103493,12.016
124380,40.78
214263,4.38
160333,5.76
248054,2.951
287953,13.19
189489,22.77
113998,5.812
292163,15.88
166251,140.6
82417,5.902
175672,12.62
273225,18.12
169051,2.852
163744,14.92
84248,7.59
253541,9.42
153758,12.17
198288,29.98
202233,9.336
205029,25.5
286460,16.22
73165,4.234
117032,77.5
32374,7.324
45182,9.08
162386,14.49
243616,14.49
53421,9.71
298582,3.518
129368,30.3
219029,21.67
70772,33.56
49464,7.758
14606,9.38
211440,62.6
1386,100.6
153113,15.39
26361,17.72
258467,16.14
292364,7.406
12170,3.344
97043,4.336
87860,7.273
2414,60.38
207126,18.84
22842,13.38
272433,9.14
224238,46.44
231936,8.47
124724,38.03
70603,121.56
157645,136.8
50687,149.8
211792,12.195
20257,81.94
209231,57.12
94133,14.95
248276,27.83
115190,24.6
213783,16.11
152116,19.61
93258,5.996
196064,73.3
93786,5.598
150640,5.98
237504,21.36
288062,46.25
138290,22.72
234852,12.05
220580,24.19
40293,9.38
149083,14.19
165854,13.61
125164,22.86
220322,18.55
69181,25.81
49159,16.45
231515,13.64
135251,18.05
12566,39.56
165048,2.986
73397,13.22
191205,42.03
113165,12.56
112559,15.72
138219,7.688
126156,16.22
298521,28.62
59057,28.56
227553,18.02
296739,12.35
281331,5.098
151876,12.59
293342,4.555
171824,12.27
206315,22.48
38938,3.56
280101,14.83
250076,7.965
183652,13.555
133735,4.703
145770,94.06
142465,14.734
173029,21.19
52354,15.88
71322,10.695
268473,16.22
123736,19.05
182785,20.5
192529,7.688
238611,3.148
144977,15.42
100775,11.99
276945,22.67
276018,12.56
220062,10.09
192599,13.93
34202,14.1
234981,32.84
184123,16.83
53871,7.035
193282,9.71
148849,15.945
188826,24.1
235192,28.8
249063,11.99
196901,5.684
72158,63.84
250324,35.88
205061,18.92
18716,64.06
215667,23.05
97223,41.34
294265,2.334
43228,6.883
71630,4.52
239599,2.373
297735,10.875
113989,11.26
154739,83.56
107456,30.6
195489,72.2
206269,62.1
28874,5.484
121804,82.25
79828,3.633
27961,4.25
242919,13.33
36184,11.62
295983,16.31
78999,3.19
122149,8.305
189782,13.47
160335,9.77
278179,6.15
199260,12.62
287027,7.793
266433,20.12
143698,26.56
66263,46.06
235805,24.23
253466,19.25
51220,22.3
61610,7.984
235041,12.27
231925,11.49
51794,11.375
68182,10.31
61640,13.73
62616,24.84
264756,32.44
116803,15.42
155950,10.555
54621,19.84
51096,13.08
12935,15.98
225763,34.2
277074,4.605
263385,7.57
198808,6.23
204362,9.86
245150,4.57
286529,2.045
213731,10.16
289356,13.61
162496,17.08
70642,13.58
55648,25.4
177500,11.375
167890,10.16
18578,7.81
148032,12.38
229717,4.21
130651,26.61
14945,19.08
149986,54.7
191352,6.94
157066,148.0
214015,22.03
191965,2.373
181322,10.99
36848,5.09
115041,16.08
109888,23.66
254273,10.01
134865,22.39
243253,20.67
22854,26.23
270344,16.62
20392,8.66
47502,21.62
98253,22.25
121178,4.02
262291,28.39
101506,5.715
9862,6.113
293361,10.07
68756,3.357
174928,9.55
134038,5.297
105419,13.08
135046,10.01
244674,8.58
138744,40.06
195166,66.2
39457,21.14
267090,17.69
222585,17.39
262776,5.066
111671,35.22
68701,6.39
19613,2.756
35541,19.8
188925,12.88
241671,11.4
4344,13.35
1591,65.6
251370,6.773
180273,14.61
276948,21.84
55982,8.34
163627,2.373
247382,14.555
136862,15.945
125867,19.69
234064,14.49
158419,6.773
150015,7.195
78738,2.04
267264,7.473
80452,7.195
116805,28.52
94850,9.8
169157,34.53
64317,20.97
134610,40.7
217481,15.016
260685,6.79
288374,38.2
82828,16.9
184471,6.79
226067,17.72
224498,10.23
279767,33.16
208740,8.88
138719,4.453
127155,21.67
11184,19.12
248170,75.7
77089,9.81
55111,19.48
176194,26.56
178312,8.234
264741,11.914
5783,8.62
186035,8.32
180330,5.535
206952,15.62
114716,29.86
15898,28.86
139942,25.2
96672,17.98
146067,105.06
164130,7.05
177811,123.5
1791,76.3
171731,7.49
175583,4.008
276753,6.973
266637,18.7
289881,22.08
56356,6.445
156012,21.11
277526,17.22
239970,21.02
148667,29.39
146991,59.9
160360,13.414
165742,13.664
44699,6.926
246808,17.19
243222,39.34
98322,6.203
142145,25.45
119441,21.53
160797,6.402
66306,16.25
180247,4.867
160460,26.67
149443,11.33
202280,15.586
1524,38.88
53137,36.1
70577,3.057
180802,7.34
8691,12.12
240749,55.12
256375,14.37
34442,4.332
177017,28.17
153313,13.44
57539,19.08
280865,8.51
212763,32.7
190301,26.08
231457,25.66
74339,16.86
130143,15.85
210692,19.72
180496,16.94
5911,21.98
98669,12.86
135381,16.28
245415,23.56
143746,56.44
254871,14.61
60187,11.945
30991,20.12
282087,6.504
217565,43.8
72136,58.5
252483,4.387
75478,21.02
127499,14.1
251614,8.016
211657,79.7
266218,13.1
190939,5.81
235590,9.22
282455,1.95
9850,29.86
120173,4.684
297333,7.438
60278,17.47
37142,9.71
20481,16.45
77122,4.688
109154,10.53
209876,37.72
182239,6.61
277390,15.2
250776,16.52
265426,3.855
57339,23.84
227954,35.6
236397,25.4
178955,14.4
95976,6.668
94278,4.035
214716,4.555
289942,9.69
176570,10.83
193170,11.23
292696,9.945
118627,22.03
204520,12.33
86940,6.562
13636,13.414
123626,24.48
246127,65.6
52658,114.1
289580,16.28
179982,8.43
203867,13.664
248115,11.62
155573,9.484
242322,7.098
76473,8.52
266339,9.875
278734,49.2
60982,8.56
241941,15.39
130845,14.31
125665,37.62
125288,3.37
249467,5.02
216560,30.97
294699,54.03
254719,20.22
282125,7.453
232465,22.62
54939,17.77
266038,1.95
159575,5.383
167653,14.19
161517,142.2
296184,9.9
60421,17.19
135777,2.328
270830,26.78
72422,17.66
284743,8.52
280014,19.25
265699,10.35
235829,9.12
230330,13.75
224738,16.55
215243,18.5
258591,11.945
209918,28.86
106825,11.18
292146,13.44
185597,8.016
64002,75.7
187627,4.855
221642,9.1
116932,31.16
131112,36.75
119254,10.07
255975,7.05
83317,6.883
265207,10.945
280535,5.92
259253,28.39
113432,9.8
5274,56.22
28853,10.2
126365,31.03
99837,16.62
98486,31.67
221066,8.984
274580,18.78
140719,6.016
63655,21.06
286043,3.79
84281,11.18
75242,5.754
12598,8.055
100054,78.44
93217,17.14
231027,27.22
196088,82.25
156800,152.1
41229,16.72
148811,81.6
187442,11.766
96305,6.125
152152,24.3
143316,8.195
143120,19.36
53577,10.74
113341,12.914
289186,23.95
16778,17.44
4323,13.73
232993,18.2
90750,10.01
181243,8.62
144830,5.887
206786,3.08
77322,4.977
288985,3.352
142993,92.25
73339,21.53
247529,18.17
112665,9.42
51479,30.17
274497,11.445
107668,28.39
48644,17.28
132629,2.611
103900,3.885
257668,5.066
195152,14.92
237308,16.02
175048,57.56
23359,5.45
179162,12.35
225198,11.74
213282,14.86
95139,9.16
24200,16.34
3058,11.72
30979,35.66
70749,32.97
66839,6.418
151533,11.086
153640,8.805
193318,10.24
32338,36.38
48972,6.035
190905,25.77
19965,27.33
224005,2.318
69910,12.83
81766,10.92
270455,7.83
53245,10.49
53841,23.52
96706,11.57
293926,17.88
35283,2.176
188109,3.809
139264,18.55
298797,17.25
53160,13.16
48598,16.83
268819,11.11
279656,17.22
208146,14.8
65004,15.914
7400,21.77
167703,32.25
271694,7.62
282389,29.62
63292,10.266
177974,18.84
132739,28.34
277784,2.027
248532,31.61
28683,12.62
260973,2.697
243570,18.66
103403,5.906
144660,4.73
151960,21.14
8315,6.867
182472,19.4
39883,4.367
239090,16.52
186674,21.02
66213,25.5
173062,12.75
169858,31.8
157685,156.4
92001,23.52
62524,64.4
229646,42.78
167824,5.285
228621,3.434
194625,7.984
96587,12.41
80852,25.4
95716,3.469
273377,4.715
215193,12.17
179732,24.34
276755,9.26
254324,15.33
7035,6.21
24539,40.47
43070,9.0
129453,33.78
51719,6.637
144390,9.02
23807,14.46
263015,14.64
169693,9.08
117413,20.72
114084,8.234
15384,15.49
69110,11.82
48718,7.773
287824,7.227
186394,24.6
245891,54.03
219225,2.908
55777,42.1
272756,10.74
196541,65.9
194542,2.994
135235,10.29
11299,24.64
35258,30.97
223268,26.78
186653,8.016
66192,16.48
50082,10.67
115873,28.56
159838,7.57
231585,15.08
225249,11.04
228750,20.6
171018,18.05
74272,27.33
180611,9.86
285949,10.58
204177,31.4
285430,8.64
100216,18.05
83138,19.84
116705,26.56
271985,4.76
226502,17.19
33706,53.8
30513,7.914
128262,5.234
191562,4.664
238023,5.695
250631,24.94
275162,27.48
183037,11.59
255047,25.72
7270,11.11
198023,19.44
269894,28.92
177344,24.48
2554,65.9
133977,17.36
145841,16.83
266249,6.492
295993,8.64
89617,5.01
107229,8.25
186687,14.22
109782,27.83
3322,4.547
51721,30.78
1240,11.664
124788,13.9
58923,4.793
270947,11.2
68094,22.34
109783,20.3
208157,8.75
27342,11.97
205669,16.22
71780,21.62
136841,39.5
186308,6.535
17586,8.75
97441,1.701
76143,24.94
86582,2.904
123243,10.92
290813,16.52
155951,6.715
160142,23.0
126829,45.16
124292,10.23
89607,4.0
102138,24.14
70512,7.31
118428,21.94
22382,9.28
84555,4.996
59343,142.2
110932,14.92
267594,13.08
238570,6.85
294169,5.52
151024,10.83
193821,40.38
240317,25.77
132490,22.2
90849,10.2
182558,7.117
231795,30.42
126688,10.03
35847,29.69
240073,11.664
148729,51.8
108387,18.23
199577,12.05
96156,13.47
107892,20.25
43824,12.484
212599,27.61
177896,10.555
299239,8.734
198530,30.72
25484,81.3
113685,2.139
77051,10.92
166021,48.3
289657,23.47
257121,3.215
184868,18.5
178962,3.922
18195,58.72
180825,10.83
1222,19.89
297536,32.56
229374,7.082
194540,2.668
77317,9.1
228482,8.51
1153,24.39
78165,10.2
10568,13.64
253353,18.23
180787,10.336
208250,22.9
104403,9.4
296344,18.23
211698,4.867
129967,15.11
227719,12.09
228785,17.5
187782,10.266
219509,12.62
177188,14.984
91047,6.73
256254,14.31
209541,33.72
3305,25.0
163179,10.01
245232,10.51
295858,1.78
98515,18.31
224564,7.965
26190,13.81
8698,14.92
64135,8.84
12496,24.6
203523,29.75
184793,8.484
288810,2.182
59925,2.027
158009,14.13
6950,7.67
76071,30.47
27138,5.445
295383,7.164
217599,71.9
61905,20.6
253377,9.28
174233,3.227
116231,4.168
210285,3.553
27491,18.58
239764,20.8
54324,15.914
192611,3.615
192928,22.16
107484,10.4
201205,11.64
102832,6.85
245802,19.33
197785,5.215
22905,1.905
237315,5.438
145011,42.1
62482,7.293
421,15.81
114499,87.6
203810,9.336
119126,12.56
129945,16.62
271517,4.453
98872,4.547
160904,43.3
15806,9.32
99962,7.098
213199,7.34
226220,11.04
4668,7.52
44285,14.67
115245,11.695
188040,3.244
200949,23.8
129674,27.33
78246,12.56
66968,21.67
270252,20.3
141723,27.11
283222,29.03
233322,2.246
215479,3.434
586,6.91
188856,46.34
299152,10.805
17396,21.23
156249,10.67
56749,4.008
145094,29.1
230195,5.01
175335,6.418
46508,28.39
183134,14.46
261939,15.17
139480,8.125
85449,41.84
291263,7.67
164015,16.77
121988,7.54
80315,46.25
144669,3.678
61869,115.06
255063,4.09
55132,9.18
295321,13.27
166777,4.17
133882,83.56
254075,14.164
178075,52.03
197125,29.45
98257,8.055
233368,22.34
100307,2.924
282953,15.914
140893,12.805
55729,15.78
76854,11.18
23618,6.73
291434,11.18
251951,29.98
160635,18.02
207069,36.53
52904,27.44
180941,14.07
196488,52.84
47099,95.2
245337,29.86
295730,4.42
215396,12.67
287862,3.752
78426,22.48
181655,30.42
191263,4.234
197077,14.07
289789,11.33
137404,9.875
199516,15.914
280269,25.77
115160,30.05
273965,13.47
178149,24.0
279791,6.402
100347,18.47
3053,4.633
9379,26.34
295629,17.19
205009,11.26
43963,8.805
98189,2.113
278321,5.684
250547,22.3
24723,6.957
148232,2.0
286322,9.46
19552,83.25
10769,8.6
262244,13.19
237627,6.637
100779,22.2
265890,10.42
32432,18.47
265488,10.875
84336,16.9
230603,8.016
56907,16.77
102405,56.0
160673,4.844
129908,28.92
178991,19.8
268754,13.24
187297,16.77
260733,7.293
169344,2.463
250060,11.72
139935,6.836
143461,31.61
188547,8.07
39182,44.53
196677,46.06
148363,64.06
255461,10.83
147898,93.7
144949,56.66
99613,16.08
163853,11.33
170381,32.2
128327,17.19
293043,12.12
177363,3.268
14208,6.895
114594,10.805
24137,6.28
111572,26.45
69847,21.62
255660,7.742
60716,77.8
229805,15.72
289456,20.47
39946,17.88
275972,9.02
247654,9.52
296571,9.625
80215,51.2
172688,27.61
46315,8.266
113047,10.47
41304,9.4
40852,9.586
33934,17.22
148552,95.94
15013,114.56
215786,23.19
31812,1.922
98564,10.24
296699,11.11
136378,15.914
225307,28.52
5740,23.19
244787,8.64
232285,38.1
99749,4.562
171345,5.79
6594,28.92
207850,9.38
44577,4.438
85975,2.182
174962,17.66
120768,6.184
197305,17.72
273546,4.26
49778,11.695
236164,111.0
58620,21.77
63506,15.69
225298,24.05
166993,20.72
75449,12.09
282188,4.234
60039,5.465
82823,15.85
280650,7.914
37122,5.035
34364,12.59
207933,4.637
176144,19.8
154902,15.14
122868,54.47
2021,23.8
206537,10.78
297405,15.88
70691,33.03
91119,31.67
84905,4.117
149859,8.51
45279,9.55
274619,93.3
9719,32.25
205859,16.34
223407,16.55
91276,8.695
176981,12.695
230148,11.49
101711,3.602
16213,21.89
27140,16.31
253544,8.88
232154,12.73
5434,78.75
139414,20.8
255246,8.18
77357,4.184
260182,9.75
136635,17.36
144533,10.23
181212,4.32
152836,6.246
270815,2.37
33666,11.33
83148,14.83
249862,20.34
128125,11.64
289215,20.94
220632,12.99
267822,8.945
197332,34.03
9132,44.0
141006,22.81
236840,15.52
64908,15.39
155830,10.29
216584,25.05
150357,10.445
108613,13.78
129465,16.48
149897,6.46
146235,5.035
268495,61.34
30080,83.25
218054,6.715
171686,80.6
67872,47.2
222715,49.5
248460,5.508
54738,7.195
229571,18.73
192746,13.695
227955,36.97
176927,4.438
254681,4.89
127265,41.84
244981,10.65
231799,19.69
149365,17.47
188272,13.836
167510,29.81
176322,10.31
266330,16.19
54148,26.78
282147,3.494
123642,16.45
201847,16.25
227536,22.9
187804,10.47
200163,7.21
132048,33.3
268712,11.42
7313,14.555
91004,7.133
99219,8.52
225292,7.293
215938,31.67
274224,6.637
225395,14.22
24821,4.08
280541,11.28
124289,19.77
5501,16.14
75093,8.84
34574,27.22
115565,61.34
223404,23.47
287878,7.605
26808,14.52
19377,45.06
218709,26.19
270994,11.305
105897,135.2
112350,17.69
270620,3.951
214880,25.05
92568,15.586
287060,6.227
9062,10.18
108064,3.941
153585,8.88
248361,46.06
278896,11.74
134496,6.61
15150,3.928
174279,11.914
247988,11.99
199990,130.0
18958,8.234
137779,4.168
202364,11.11
161610,41.03
181794,7.035
147356,45.44
211845,18.28
123432,8.45
158464,14.734
255214,7.355
160040,17.0
182135,30.05
252014,2.902
284150,7.473
200712,21.4
115279,19.05
254637,5.137
164158,6.668
297144,35.5
100653,13.19
276966,8.62
244609,11.72
182247,97.1
153416,2.928
134454,22.9
198884,8.55
24422,16.9
178317,4.47
22903,17.77
57622,12.67
193995,5.684
119079,21.14
250283,7.49
203735,15.85
156521,12.38
257350,8.96
105011,13.75
208313,25.97
93252,4.293
129659,16.52
206265,26.78
28493,15.98
16950,7.293
191542,8.234
123891,11.4
260100,9.96
212365,17.77
249185,26.56
97768,15.78
203392,16.77
116147,15.234
188660,7.293
36106,9.836
125596,13.78
240137,10.85
118051,42.7
65129,14.4
62953,9.06
231186,21.31
74225,11.26
139792,5.203
187753,9.22
187612,21.84
145466,11.55
145254,130.0
59323,16.08
180524,8.945
16662,11.74
290709,7.62
272682,74.5
192555,15.2
146302,20.55
46210,17.33
147871,14.28
25605,13.22
275849,6.637
15966,8.21
81019,3.361
274500,20.12
48221,7.88
24924,10.31
74181,17.14
117598,8.18
264636,24.3
122315,15.36
73961,11.13
184575,30.47
281113,13.984
50182,12.88
204005,8.77
196911,5.402
31018,14.43
131000,9.96
107251,10.65
204269,41.7
86142,70.5
73303,43.47
142212,41.84
198580,18.55
147772,22.03
171613,15.78
269810,3.584
167400,21.23
156819,139.0
119341,11.945
209315,17.44
42462,17.88
131152,5.156
295036,26.94
151005,13.73
78245,23.47
281286,5.418
287834,4.96
26532,26.78
50120,41.78
258509,10.805
34620,7.895
83798,7.39
131407,5.156
240192,7.57
151216,8.0
298177,13.75
79770,11.375
251275,11.4
9903,14.555
139908,7.02
182891,15.62
154011,11.23
187387,4.055
42028,14.734
229697,20.34
227759,71.3
285318,3.922
7769,12.38
244170,19.12
167084,37.2
87036,13.58
156121,16.69
53319,18.39
70311,123.5
244303,22.34
204828,29.86
105464,7.605
238137,18.12
183272,13.05
34186,7.066
113488,34.94
294492,21.11
201004,8.04
43300,21.94
435,41.53
193710,20.12
91811,8.64
44504,14.016
28270,7.227
108354,12.56
71047,21.77
69184,23.19
171494,6.254
137792,17.22
289892,12.62
220916,14.05
201144,33.3
118377,23.33
172924,13.08
170913,4.57
101095,3.426
272353,10.9
26125,24.64
134765,13.695
224823,9.71
229559,11.13
239369,9.56
101961,22.67
242668,7.05
90515,11.695
98249,36.9
157429,133.6
191720,2.895
57187,68.0
34912,25.92
147884,69.4
198847,21.67
108781,11.695
22264,13.38
173186,8.945
37436,13.75
205848,5.418
34576,14.49
46138,9.336
59574,9.73
127406,3.518
36022,30.42
232026,6.36
191639,16.86
142083,95.94
241816,17.55
247477,21.19
224050,4.27
157384,132.5
28630,5.848
181168,35.88
50113,7.42
188571,20.34
159987,15.05
291279,6.957
198549,10.67
39787,7.195
38465,15.11
277017,5.65
265568,14.164
87479,4.496
136646,9.92
157407,118.75
60235,16.69
282948,6.07
55932,16.69
164215,134.1
160745,105.9
193837,16.05
124614,57.8
263531,4.69
224986,9.664
2317,65.1
120923,23.52
291656,37.62
297189,6.55
114769,7.54
102014,8.414
217554,41.78
31030,14.7
170131,3.633
286263,29.56
201975,32.44
229348,12.43
132558,10.53
214330,20.1
9686,14.83
70342,8.92
179218,7.406
63427,30.36
265625,4.805
255675,18.81
246293,5.07
246546,12.15
226856,27.16
80431,20.12
279502,1.862
298105,22.08
13599,7.688
219237,7.453
263927,2.842
131154,9.81
145920,25.2
269796,13.35
136197,8.18
296913,5.0
91342,12.75
5536,18.05
46970,4.484
69447,8.195
171513,16.8
182110,5.1
229080,7.05
57580,8.92
47395,10.92
72934,17.39
133047,20.47
97447,4.594
298423,15.62
81845,13.13
110927,19.69
179138,22.67
20990,57.34
280470,13.414
191651,15.75
178723,29.86
257149,14.34
101901,109.3
117613,10.58
887,19.72
247488,8.36
273188,4.688
232968,12.38
195756,65.1
67669,11.49
67241,48.12
132395,24.55
204192,21.58
130382,15.36
140765,12.99
87659,7.723
177967,9.75
251683,37.62
268445,11.945
192085,110.56
5819,26.03
254807,22.9
200747,17.36
272360,11.72
138960,7.95
27541,15.05
23377,14.984
181459,10.09
83414,5.742
11224,35.22
192069,134.1
122080,115.94
135849,13.93
132331,11.086
135092,20.94
42972,22.77
231079,33.3
123370,10.99
160469,8.04
183325,10.9
223344,13.52
151900,4.664
100168,13.33
31028,11.766
51131,14.49
294708,15.234
8587,22.86
215675,20.55
17410,9.75
25313,39.1
238926,4.152
212472,5.457
78463,5.832
43891,12.35
22928,19.33
49494,14.67
84041,41.03
194752,4.938
92098,34.88
124072,11.33
88737,16.02
222178,11.4
62320,110.2
266141,5.96
69507,15.016
101381,8.66
142593,15.33
226452,8.47
223230,9.75
31382,36.75
7555,25.88
282366,25.3
223865,4.434
163379,6.562
3157,4.93
269197,11.06
281080,14.766
92419,16.22
198289,24.14
295070,21.58
51706,13.664
224340,10.4
228013,14.34
115910,19.28
143226,7.59
61961,14.13
158278,11.49
134142,11.26
283846,52.03
134138,8.25
54284,94.06
254884,2.594
93441,37.5
152995,1.991
160404,2.615
84711,7.438
91072,14.766
205510,12.46
245199,6.55
271443,17.36
266630,15.81
95701,105.5
72283,6.203
196285,74.2
241155,6.625
227904,16.08
229583,18.81
103142,2.697
260355,15.88
114251,17.66
9947,11.11
182692,26.14
257251,13.16
243963,19.17
264222,6.254
172536,15.17
204747,67.5
92993,13.61
192548,16.02
281529,3.71
102789,34.88
181512,6.926
227268,3.105
258827,22.34
214842,8.4
195977,59.44
225127,22.81
207690,13.984
78240,14.1
118022,59.2
150874,18.97
188679,6.07
245211,15.62
19722,52.44
45351,13.58
36452,11.766
295959,5.676
259953,13.35
20366,27.22
72949,39.8
248953,10.76
129145,9.14
74132,6.016
87320,11.97
197300,3.832
82511,8.055
52753,13.27
24503,19.84
80648,5.688
1773,78.44
70590,3.387
133436,155.1
225871,22.39
271290,4.402
29600,25.25
210096,7.195
223938,19.17
243926,21.14
281837,6.492
104935,6.477
233407,19.97
145119,46.25
137452,6.402
138528,10.03
152698,16.42
31816,14.984
299287,7.273
88123,14.37
76874,6.043
4712,16.72
86179,69.6
211939,9.875
290039,9.18
171108,11.445
36958,36.8
47874,6.836
98665,20.42
153080,11.84
203311,27.66
160075,12.41
94285,2.37
276576,3.469
47486,13.95
254447,9.3
197615,58.03
76056,2.521
40754,3.62
171546,8.71
241906,32.62
45051,37.78
183082,22.34
299306,6.55
155032,27.94
256129,23.28
23901,6.254
221871,45.44
126821,19.89
187044,5.277
91885,20.67
162253,2.83
125209,28.92
240707,4.3
75052,3.113
201150,18.36
195745,50.78
274562,20.1
154923,15.42
6758,7.723
97794,9.16
259977,2.531
7821,9.75
191676,20.22
253701,8.11
231829,8.32
267615,4.7
145085,40.62
83971,12.38
37491,5.8
100626,5.61
253441,17.44
192899,10.78
88314,2.477
264351,24.1
178391,14.05
270349,39.25
267117,26.83
235085,9.81
242433,11.914
250179,27.0
88255,5.17
201024,29.16
159396,6.867
159022,12.195
37173,6.28
21302,31.67
269798,8.45
97114,22.08
153477,2.47
173984,15.2
43567,4.023
215637,16.83
223599,14.1
132416,25.5
296137,18.97
62943,18.31
204572,6.402
44259,16.34
292445,28.34
238357,44.88
121994,5.0
202554,36.0
36032,43.38
71868,9.484
7905,11.445
175043,3.076
219820,8.51
83899,30.72
254625,15.234
93082,7.293
195311,74.5
31577,6.652
211901,5.605
109735,21.98
186767,17.66
91540,12.41
160893,79.7
186314,41.84
5479,14.92
110594,31.4
136983,11.33
223,3.215
195907,56.0
289065,14.25
53161,10.51
198121,25.81
248031,12.35
118472,11.35
207711,32.9
276211,5.395
282645,8.234
85022,7.86
199125,31.4
118703,14.07
167173,3.818
163178,36.97
195122,11.52
83531,3.39
180489,6.668
153230,10.29
43233,14.4
174236,4.008
274812,4.215
22501,9.14
223045,11.55
21877,10.2
190859,25.97
58826,7.355
167825,8.305
61978,65.9
137683,12.54
53285,14.13
269770,10.65
111961,15.72
286611,17.58
58999,17.69
125488,50.2
295711,13.44
298934,22.95
47759,5.27
151525,13.47
20561,13.16
93719,5.15
122587,8.96
118063,20.8
113512,20.47
136392,11.664
132966,21.58
174959,20.97
245414,14.43
272563,1.977
67584,14.31
221356,3.66
255746,5.668
193747,13.52
130105,20.89
33424,10.05
40807,5.344
114236,2.92
325,16.14
41635,3.893
62205,13.08
273808,13.93
62926,22.67
77413,24.64
105500,14.46
202900,23.9
27282,55.34
40619,10.266
115337,106.75
252904,9.06
50816,14.83
269974,20.77
20421,23.38
43553,5.137
283907,19.64
36227,5.266
77247,3.322
7364,13.3
172122,7.293
260620,4.777
17353,33.56
209819,18.92
31559,2.559
235146,94.44
20771,79.4
270195,7.133
277735,8.234
158576,29.98
228540,16.6
237655,13.27
132516,21.98
265249,10.01
249067,7.227
202563,11.06
116409,28.52
111582,8.055
276382,3.902
102704,5.664
28505,42.53
145648,35.66
211771,16.55
223667,9.86
89618,26.78
265209,7.93
159618,17.39
74554,8.086
44800,5.56
277991,17.55
91164,37.62
51018,14.22
20701,30.3
166951,33.44
141876,11.664
4482,9.55
268845,21.45
167271,23.47
280632,10.555
32074,12.99
83771,7.895
123272,9.75
141541,15.14
275257,9.46
105413,27.83
58758,14.22
294217,51.6
277609,15.72
99324,22.58
247068,7.59
197216,9.36
114313,36.66
101703,8.234
235148,30.84
188952,71.9
133427,94.06
283670,2.676
26684,10.67
188117,16.22
72438,10.99
88665,4.953
192621,13.414
65376,25.3
68320,9.18
117897,22.81
277205,11.97
279703,6.7
277738,35.03
291592,17.44
166450,4.387
287142,11.42
205853,4.22
263240,16.97
125232,13.05
123286,16.14
221976,17.55
231598,2.08
296077,3.97
146379,7.37
93306,12.64
58831,12.25
13650,58.5
102743,7.164
294183,5.227
146513,36.16
114347,12.67
288199,6.227
175164,5.12
105835,1.988
54024,5.848
171262,14.67
12594,20.97
128830,11.766
246394,29.03
206956,46.34
180542,32.06
134306,31.61
84877,3.182
61904,6.477
79014,11.74
277635,21.45
4439,16.42
271589,22.34
245674,7.59
42177,33.84
9077,11.79
14148,31.28
204776,21.94
72474,41.34
128804,23.0
257019,2.793
243586,24.34
1459,99.8
9861,15.586
11634,13.22
284803,5.676
99360,85.25
132235,7.438
156614,16.83
24729,7.504
208323,9.02
5553,61.84
123637,17.08
27605,2.818
228988,20.8
186791,3.14
79725,20.72
239648,14.766
61741,24.44
178861,15.945
227822,7.293
145964,65.9
90479,3.219
188789,4.71
165999,15.69
135901,9.26
52028,10.74
298560,15.08
13734,23.05
52091,57.56
249247,21.98
72033,10.625
122383,25.61
285101,10.266
191685,10.01
19251,13.24
283581,3.387
265173,9.56
21522,40.06
88738,4.67
48533,14.89
161903,157.6
167210,11.26
176501,16.62
97786,8.43
61168,38.72
85833,12.59
233589,6.668
181189,20.25
164766,15.69
209777,23.47
169369,19.44
18180,60.16
115796,44.8
227094,5.47
177760,9.336
224972,9.625
79259,13.95
99258,12.484
260500,9.9
181377,14.31
175005,3.219
237701,12.12
166220,23.61
62878,37.4
173659,61.34
127234,13.44
75978,37.12
239670,11.445
284395,8.52
82109,29.92
51074,28.92
16739,13.81
178530,4.684
207184,28.39
60797,28.39
171530,11.84
161629,131.0
66201,35.38
210352,11.06
206735,29.62
297523,12.38
289411,18.39
31573,8.66
148132,5.27
208330,6.973
6056,12.64
53728,6.445
261758,3.383
58771,4.875
242596,21.45
16284,25.81
245618,23.7
102723,9.625
156804,120.1
40953,6.477
40382,2.33
297266,10.01
286022,7.133
265670,3.734
139874,8.984
222249,5.688
128497,40.7
36380,3.14
76522,20.64
4187,7.914
275432,12.016
175194,17.94
291953,5.113
14916,16.72
269386,18.1
112510,13.33
106520,29.92
27692,7.18
104609,3.742
296379,7.723
87372,21.84
27710,12.15
77769,22.53
10573,29.03
135361,10.03
235781,21.45
40568,18.42
63242,4.605
34295,12.695
171532,14.86
217492,23.66
185591,4.45
174856,3.688
177431,17.72
289357,22.08
83165,5.734
49556,15.08
54825,13.81
55611,37.12
85854,11.914
110020,2.453
133986,20.94
85932,17.47
248720,20.8
173816,22.03
254887,15.555
176820,19.08
179967,18.89
297576,28.75
105591,27.72
274030,5.18
106652,13.58
65610,4.45
103375,11.62
204053,5.59
203871,6.125
160590,2.36
226732,11.914
9549,25.56
87613,22.39
207843,5.188
199827,22.72
233026,22.44
126208,17.66
170613,11.06
164409,8.32
51005,6.668
118967,27.55
238284,21.31
115580,7.195
98643,6.94
31100,3.033
295355,24.84
65933,9.44
283773,20.8
140211,23.75
291345,4.805
202217,8.66
13006,29.33
89362,7.773
72702,34.94
36800,12.41
176373,4.633
55589,7.473
81330,2.3
64490,19.17
130754,16.66
91884,11.57
256736,12.75
72681,4.035
206378,15.39
105104,9.36
71779,25.66
221728,6.125
29148,9.8
285727,8.0
203542,18.97
78648,5.5
151827,6.94
264304,13.49
266975,4.773
291994,5.742
158391,5.465
48247,17.72
85903,13.61
274315,2.197
161129,134.1
75687,33.22
155703,2.664
232566,20.72
99442,127.94
182516,9.8
220827,6.926
19960,54.7
20435,9.875
152466,25.61
92146,15.08
161923,150.9
37996,7.95
72483,31.73
292111,17.9
234691,14.28
197002,7.723
143818,37.4
148544,19.28
293527,15.016
279032,22.81
113152,11.04
265104,17.94
272740,11.79
262147,2.79
159502,18.31
149352,15.914
232990,19.36
25755,3.629
77026,18.05
70375,15.555
132445,17.39
3542,52.66
11742,16.31
291849,16.22
95644,14.05
79147,12.35
117623,8.58
98572,23.84
273984,8.51
97550,6.22
136768,4.89
5350,9.875
21712,44.34
124198,134.1
201056,33.62
102581,22.34
104806,13.836
121883,38.2
171738,12.305
188091,66.94
125268,2.94
109491,8.266
229186,18.02
85703,4.02
145894,15.75
294226,4.914
53156,13.984
239944,2.074
83532,3.742
296270,12.83
148501,4.754
285780,26.34
230997,20.97
157062,140.6
249168,17.19
22911,17.47
249562,19.2
217423,10.99
260409,52.34
198696,5.668
186897,7.02
222363,15.2
229301,24.14
279607,10.42
162184,1.905
24121,42.78
195574,49.78
175412,3.416
278350,12.695
16466,2.396
248820,20.97
293485,6.066
254003,17.08
240872,33.62
86083,9.16
288681,11.375
45245,21.14
252002,40.7
263528,10.05
40074,9.8
26181,2.57
77361,11.04
81041,3.855
130309,13.9
168460,13.52
127142,4.918
285979,15.2
5207,15.65
3122,26.03
39133,9.1
199184,40.62
161207,115.06
141196,17.83
11632,25.92
237805,13.664
40123,27.33
292953,11.445
42552,9.875
258647,12.51
115658,6.668
264575,33.97
182960,1.835
152656,15.62
97620,2.197
281682,4.58
99361,14.4
217939,20.5
52336,7.438
196716,21.28
294097,4.406
46686,2.062
205409,16.42
183223,52.66
213578,17.25
272881,29.1
131850,38.88
158720,17.22
34294,6.883
247073,23.28
198659,23.95
108523,30.05
236310,24.6
94679,13.49
65770,2.607
226766,24.84
58888,17.36
225405,7.57
34004,15.69
86785,72.75
200311,45.88
69003,14.1
171252,14.34
25877,2.281
154023,14.43
21043,59.66
142526,83.9
295128,2.959
292002,11.84
247158,31.86
256271,11.945
115741,19.25
43766,17.22
233809,9.984
55634,21.14
67024,22.72
144337,39.72
245212,18.23
54423,25.3
285600,16.42
255726,9.73
88363,11.23
69831,16.34
8536,17.28
33737,5.59
262027,4.04
137784,31.22
40085,7.742
145175,102.6
255225,6.46
195320,57.34
195460,106.75
252729,20.89
149104,48.03
89816,5.586
20823,59.66
138032,1.956
123959,8.695
38099,15.11
288593,2.36
207141,10.65
83001,17.8
10919,1.931
121421,20.42
222315,12.83
164494,7.18
147287,31.67
50694,148.0
103603,33.78
257303,17.14
179413,8.125
69193,14.766
123440,9.02
52585,11.64
80175,24.64
85826,5.715
278990,5.07
287108,9.08
55540,17.28
116245,5.688
63081,7.21
272585,15.11
68605,23.9
255428,7.31
224207,10.49
193445,5.766
168129,11.52
122611,2.254
94198,28.92
213949,49.7
282396,3.785
74824,10.6
71424,66.44
38342,10.76
10396,17.66
150690,15.08
135163,44.88
199650,17.25
227712,10.2
268414,9.875
111206,26.34
187726,18.58
240868,6.19
120655,5.94
86810,14.766
31106,11.305
222742,19.97
119294,24.1
209732,15.2
23909,8.414
86384,10.13
17759,42.1
574,8.87
200484,129.0
45122,6.227
220306,5.02
105026,26.56
159533,17.28
219929,26.45
266863,19.36
51814,20.02
128895,14.89
57302,50.7
169354,7.723
197523,7.62
109031,15.14
298138,2.473
254199,11.04
133413,42.53
62165,18.66
177493,6.742
225148,9.69
138753,31.92
250546,5.934
140378,5.54
185063,5.086
25071,4.484
23362,12.12
274782,3.277
240018,11.74
265326,13.1
164884,26.72
109790,119.7
46943,2.49
46436,3.932
212401,25.92
76702,6.15
288585,2.412
287934,11.64
213519,3.918
122548,33.38
20288,28.69
179450,30.53
120287,19.17
287435,7.758
35128,6.684
50164,24.34
242866,8.47
159670,7.52
164556,41.94
162231,6.867
235429,52.97
275842,6.7
49440,14.64
156309,26.23
5782,21.19
49567,5.344
9240,6.156
225655,12.484
296285,12.54
228962,9.875
29678,8.0
96236,5.023
195827,100.6
28459,7.273
103348,3.387
123931,33.72
184045,21.19
21329,4.824
60452,21.5
205131,9.65
145605,71.9
44404,6.305
165819,48.53
44330,5.586
147445,38.3
36699,6.098
256694,27.44
188030,11.74
229897,3.377
245090,22.95
262893,28.92
199408,3.656
262754,5.258
217377,48.9
149822,103.44
206997,4.266
266585,10.9
145504,53.38
152308,26.14
216099,7.355
111614,17.58
145188,73.06
137583,11.97
154953,8.77
22235,3.893
100869,10.53
101306,17.05
279863,73.94
196179,58.28
119733,7.742
99720,15.555
154654,18.5
181159,4.715
60866,21.94
218012,13.52
165027,8.055
285537,1.857
184013,15.14
105264,22.2
10437,20.67
296230,21.94
127587,7.64
80106,7.066
69213,16.48
235691,84.25
257319,10.18
188354,12.94
10900,36.3
1973,16.8
111965,8.04
142103,53.38
150777,16.9
66505,90.44
127757,5.723
258917,14.37
126354,4.824
247226,20.67
220761,9.945
99087,7.914
69748,15.914
261583,5.31
211008,3.53
184631,9.836
219714,56.22
223018,5.21
235124,129.0
175876,157.6
239876,12.99
63137,8.734
81232,2.219
192466,22.44
25372,12.805
59400,8.125
122227,22.81
25937,5.668
124542,10.58
139761,59.66
206489,12.17
215910,11.99
206304,21.36
276398,7.082
79826,4.824
277044,4.16
200468,13.38
163591,11.55
238031,10.85
283512,4.496
217624,18.97
58952,34.3
264063,3.365
270632,11.47
243201,12.75
184321,26.08
275661,19.69
116278,18.66
187427,8.55
291338,11.13
91311,6.637
209513,24.39
192587,11.55
265600,25.05
139541,24.73
28939,3.664
104608,10.4
2892,37.88
138275,17.05
78938,15.62
135416,9.71
260931,9.4
163779,18.23
72729,23.9
258196,2.637
220429,24.8
51267,113.25
153361,20.6
152933,26.45
61816,22.67
284796,4.62
15759,20.3
275748,2.254
10050,9.3
294347,10.23
112747,7.86
118204,17.88
181363,4.285
129849,14.37
58486,67.2
247108,17.22
196598,75.4
253834,12.25
106091,92.25
245619,11.99
123155,18.89
291425,16.8
55349,23.9
131493,11.11
30589,6.99
70972,40.22
13536,7.773
117318,15.65
218505,37.12
51552,7.758
258909,11.97
78830,27.16
126435,11.42
3386,12.62
196187,47.84
292405,6.82
47131,10.2
291695,8.47
59225,29.2
213524,11.375
66170,13.05
99448,42.1
168726,11.49
86177,24.55
99572,18.81
276806,6.08
193000,30.78
163831,8.695
48159,16.05
129012,17.72
136595,7.81
22008,15.266
63414,15.555
95586,11.33
160864,19.77
20400,7.95
8886,10.76
5632,22.58
78891,16.38
254821,11.64
19615,9.65
143439,7.473
155263,31.8
28658,5.98
115606,55.12
50770,14.22
147868,52.66
86223,7.83
53232,14.07
50782,20.72
212779,5.664
291922,39.5
223305,12.484
262712,2.512
282262,2.367
94084,16.28
121436,18.89
263778,32.38
137983,13.47
24031,28.22
64801,31.47
228958,15.555
176701,21.67
155393,6.332
114118,5.953
68640,20.72
58070,35.88
118670,15.85
44454,5.812
92964,22.3
54162,14.4
221621,36.6
195657,52.66
220933,3.674
211770,18.73
60118,39.03
105029,21.36
117760,13.555
260207,24.39
93597,9.14
111681,27.83
252027,21.02
233583,14.07
17010,12.25
123970,19.61
149327,26.56
291217,10.2
267959,23.1
91131,30.66
185287,4.8
19790,60.16
202943,8.34
213845,35.5
287148,7.54
182965,3.602
145761,54.7
214640,10.85
258017,8.6
116889,9.875
238225,14.766
258506,40.12
15882,14.28
206223,24.3
99447,22.08
153791,7.05
40723,34.25
220226,38.47
221663,29.1
14723,20.17
230835,2.168
193565,30.66
131695,17.98
131848,15.234
153339,8.484
26539,11.57
78271,71.9
75706,8.266
150419,6.742
29392,20.55
95821,18.05
19616,19.36
254700,26.03
176745,11.11
215176,14.05
101664,3.62
274648,9.86
227569,22.86
64139,34.8
146664,26.34
216648,12.484
154722,25.1
148253,24.44
255093,14.86
40871,6.34
173388,6.883
236419,11.59
151161,10.695
190798,9.42
107039,11.35
174029,36.8
241918,22.81
245442,22.03
55362,10.4
247423,30.72
100180,38.47
234313,10.6
172553,16.94
77260,9.38
28356,10.65
295119,7.21
229268,63.6
107745,7.42
38787,15.36
292029,7.37
210501,13.44
1106,27.72
292090,17.55
237205,12.41
162169,14.67
244911,12.43
180625,16.62
189397,13.44
241018,16.6
117898,30.9
89764,5.234
295559,10.35
145563,42.62
151597,7.83
295142,7.83
138549,19.52
6038,29.16
246373,38.3
292813,13.87
6953,11.2
227758,60.62
108485,11.74
204445,34.88
229341,38.3
160950,52.97
213560,24.73
261705,14.46
250015,15.85
165673,2.781
151622,5.08
287017,18.42
74727,4.805
182908,16.69
21028,16.97
15988,16.22
65086,10.49
250433,10.72
217293,4.344
22830,8.375
19929,17.5
41534,10.29
4967,8.04
77203,5.99
75922,17.66
19052,15.39
5568,17.39
213151,9.44
238672,18.62
34869,10.09
261153,7.15
46069,8.45
78892,9.69
32344,8.04
179758,10.336
146563,101.4
257814,6.176
262176,12.33
242068,89.0
214915,23.75
167802,4.125
147805,96.3
66648,19.4
218120,48.03
167701,31.28
262092,10.09
83028,26.4
95105,8.64
136476,29.5
142560,53.38
181287,3.553
214306,14.64
214424,11.914
149034,10.29
232230,18.1
184824,2.701
72383,2.113
130383,6.24
219865,24.8
152394,24.0
76057,2.27
66180,21.36
254891,20.3
30411,5.598
219474,12.64
198067,41.28
195143,63.6
30118,7.844
70863,13.9
274063,21.06
200247,35.88
277180,12.99
235274,60.38
174786,22.39
66604,8.16
195151,87.25
171910,17.36
164398,8.66
184941,15.75
178584,6.03
118000,11.11
165469,18.66
68426,12.05
79868,14.164
66855,32.56
137725,14.64
168786,3.836
105777,25.97
102037,15.945
75682,53.2
148011,80.94
288059,14.8
92687,3.465
194058,30.11
11784,11.79
249484,3.025
50872,25.1
12695,1.874
291470,12.43
112571,3.826
265004,13.81
280267,22.81
8733,47.1
147487,7.57
136916,14.89
3751,15.266
6761,13.52
27214,3.879
270261,8.67
9662,13.95
22444,15.72
109594,39.72
118794,4.277
253290,5.312
79392,8.51
213889,6.594
11376,15.2
282880,6.21
253002,22.12
146088,41.53
88442,151.5
154039,3.29
152516,20.94
2250,26.08
239120,14.37
224516,11.4
49502,1.739
162863,35.1
143646,45.06
53636,11.97
145652,79.06
122765,32.5
237372,9.0
128349,10.625
4161,7.707
269481,3.465
14436,15.88
41486,2.8
159809,32.78
266857,8.71
290741,15.08
103646,59.44
285698,2.334
253847,5.617
249346,49.9
284666,8.16
163376,4.742
2216,23.84
141495,6.094
45139,7.227
43513,5.484
290986,8.086
236427,16.02
102363,14.22
273397,6.08
121305,11.99
36766,17.28
278847,13.695
261065,8.32
135738,50.2
43437,4.246
237650,26.61
60926,89.4
56531,10.375
108955,24.69
290443,12.59
68712,46.72
10976,6.52
93850,5.566
161899,156.4
215328,8.07
7495,33.5
124035,15.52
211952,6.758
92401,63.84
60416,27.27
239386,37.72
36138,7.02
159223,11.2
86189,84.9
37024,3.762
177731,12.07
81052,15.17
176661,9.195
192510,19.44
2670,76.9
229659,20.42
269126,17.8
50592,15.69
195334,54.7
73075,6.297
53753,51.8
93401,2.508
282617,10.51
106103,9.195
284344,2.887
166003,22.44
63743,17.9
95068,27.44
266990,17.72
190336,12.15
120839,23.19
75148,7.688
200608,19.8
272646,2.766
257044,19.64
203081,21.11
247221,23.52
258862,3.014
287929,12.05
291304,14.22
65162,47.2
168521,13.22
41106,10.05
136888,21.77
3217,30.66
262705,14.05
29270,6.562
52454,8.62
151119,2.443
39378,31.8
207031,9.664
161496,30.53
78221,4.508
246676,35.72
198704,2.29
154487,3.99
169617,13.24
62548,58.28
33689,4.332
117005,4.973
44598,2.2
276639,21.06
151970,28.45
119855,8.016
70167,21.8
54292,58.5
105106,7.688
24421,22.12
255203,24.64
205909,4.926
84646,5.734
130833,6.016
249929,9.6
179451,19.52
170075,4.973
295506,17.61
12353,13.05
33908,3.373
8076,8.92
66144,16.02
205003,21.84
68698,25.56
234266,9.3
53346,58.97
193125,2.473
100576,84.25
71157,41.28
164798,7.406
160243,4.664
292016,7.656
287909,27.0
289805,15.49
224721,12.67
200362,16.72
28165,5.15
2217,54.25
53256,20.38
156032,7.15
11933,4.54
192410,7.86
279587,12.07
271182,10.695
125343,15.11
47192,9.484
185076,14.19
146040,15.49
194220,18.97
54439,21.72
230385,35.03
93536,20.02
209200,9.46
49172,8.6
163751,14.555
26021,4.688
38818,5.977
10476,14.34
284746,8.305
83468,10.49
95022,4.113
130611,6.867
61508,8.29
153835,25.0
295157,19.2
253678,16.14
55801,8.414
215018,20.02
257042,5.125
116821,16.55
209830,13.61
111590,14.766
172018,2.545
210572,14.07
158325,3.322
52398,13.555
84346,38.1
223535,22.58
37254,31.4
133235,5.8
70058,42.78
239551,2.967
294348,34.25
153092,2.883
245345,51.3
83074,10.24
222015,4.855
106627,14.7
67259,12.73
215559,6.836
58537,23.42
221415,9.3
179530,25.4
74795,20.8
263463,12.83
50617,26.78
89797,3.656
101076,158.9
135177,8.14
193030,19.77
238546,2.531
16003,19.2
280389,9.02
111260,10.72
155424,6.184
285357,3.326
142111,39.34
68692,14.64
232063,10.53
44774,4.96
24518,28.52
110520,22.12
105856,19.0
40877,7.504
24093,12.88
161058,31.47
63523,15.42
138881,15.266
222050,26.56
65843,19.0
17733,31.86
136965,5.848
105992,12.62
81189,4.387
14942,8.805
38206,7.656
289733,11.26
147323,57.56
283252,22.53
174325,9.484
11111,4.94
142806,15.234
41072,14.07
34556,10.83
6930,25.97
20137,55.12
216094,3.469
194183,16.86
115072,16.62
209847,2.588
115028,8.36
24285,8.375
41930,4.66
216432,45.16
189306,31.53
76666,13.75
103761,22.03
130660,17.77
7511,13.24
235396,32.2
223883,3.53
162376,4.215
21889,5.81
124858,12.97
289123,46.06
80693,8.36
64478,21.77
287713,12.67
276533,5.617
183373,8.64
168857,20.8
164275,8.805
80296,12.09
116815,12.99
211207,8.55
146454,55.12
67358,33.1
286792,18.5
95160,6.434
80777,6.562
217197,14.766
276606,9.484
31325,40.47
221856,5.887
205345,8.234
141825,14.89
160096,11.42
232633,12.27
182667,6.758
262038,82.56
152690,3.326
38260,19.2
297466,26.14
14363,14.49
235971,10.53
218604,26.67
172320,4.406
171659,12.195
192473,18.62
198932,3.643
3035,3.352
243770,18.58
77528,7.67
197954,10.6
85425,9.46
92524,38.47
37650,12.67
56686,56.0
207117,7.688
298870,10.83
133483,12.35
244111,19.72
165007,17.33
148212,1.805
179520,8.734
35368,2.113
164826,15.586
68804,9.18
7272,15.81
229505,7.83
5971,27.66
46358,44.97
28984,7.195
149201,50.7
282301,6.07
101567,118.25
253412,6.324
58617,26.03
25124,3.846
86770,140.1
245100,33.78
126109,26.3
289923,17.08
86611,5.703
140493,2.33
85050,6.023
63444,2.389
24782,50.9
267680,9.24
287517,7.965
84013,14.89
264045,58.03
220101,22.72
234012,16.19
37214,22.95
224758,54.25
213226,25.77
274687,6.61
78181,16.66
136549,51.1
270264,27.83
240147,10.03
183708,44.53
250206,9.36
283040,36.16
17261,38.2
273064,30.05
102002,4.16
276791,1.78
83724,11.79
190318,3.105
205813,6.008
162258,9.12
232237,10.375
120149,10.9
72358,5.37
76093,6.99
137298,8.45
238134,16.08
156233,27.44
30666,2.244
284792,13.93
172315,9.195
70539,12.05
13553,23.28
67618,21.94
38880,4.48
262822,10.336
106926,4.39
261255,10.4
126323,13.664
182682,9.56
209995,48.9
260523,8.32
137426,15.69
227736,27.94
191378,84.56
25558,14.555
40509,10.625
209249,9.484
141464,49.5
32391,8.52
142436,36.53
103270,10.07
289299,3.879
289020,17.88
294565,12.07
280364,16.83
231068,9.195
287788,10.58
101590,19.97
153071,10.35
185990,23.14
287229,12.59
12646,9.945
208766,22.2
292497,12.805
127669,19.28
123444,10.12
249028,44.34
260108,8.125
143699,70.75
123733,10.03
107390,26.67
2962,15.234
264668,64.6
206076,4.418
31720,4.887
104182,30.23
142737,39.5
143394,15.05
189259,56.44
289548,3.836
15886,12.195
194139,8.45
264301,2.215
276757,7.082
112004,19.36
230719,8.234
169595,6.07
232,31.61
279470,11.375
205395,30.6
225263,13.27
21781,25.56
284797,5.277
47988,80.0
148902,18.39
279991,41.44
41357,19.36
254247,9.92
164863,22.48
197950,9.42
59562,12.305
134743,16.28
291509,13.1
66811,25.05
93011,13.05
110235,21.14
69788,57.12
179833,6.85
293000,10.47
198640,7.656
47390,7.453
133764,17.9
201105,10.445
96676,12.97
34769,4.766
245524,3.97
254381,12.59
116199,27.44
134213,20.77
204098,17.47
165625,1.953
73423,24.44
267205,5.527
272606,38.03
274724,1.663
71996,36.16
164402,6.625
249427,5.63
270515,31.16
28910,10.92
263338,21.67
171498,4.51
247047,9.36
212108,88.7
102922,19.25
108456,13.22
216255,3.525
108596,8.51
147573,21.94
263125,152.8
142085,80.6
104418,5.848
187698,117.3
75087,5.746
82836,3.326
221659,9.18
145374,20.84
33247,3.318
83486,8.734
283682,11.914
21339,7.438
892,10.65
265700,15.39
121489,13.61
157967,152.1
194061,8.695
47326,13.52
221308,21.62
299412,2.736
145525,94.8
38735,5.113
173975,1.824
222466,14.555
3470,162.6
275555,5.793
125956,29.45
216462,35.3
30649,3.701
69158,10.78
56677,13.19
174156,12.54
46477,2.855
291756,18.55
284216,4.816
171667,7.406
287875,24.69
25451,19.36
243006,20.77
38811,7.293
292272,5.832
110979,16.94
181882,9.336
48629,14.95
6870,5.445
153407,37.94
261791,12.99
266646,7.273
83801,15.33
282305,12.51
177139,26.3
47698,18.28
213590,30.11
3187,26.23
176028,22.77
211368,50.38
159839,32.9
156480,11.06
194924,76.3
133326,35.16
225555,10.12
190153,20.84
91263,18.78
132353,14.8
211234,1.846
255567,16.69
141369,33.44
156236,4.06
240492,10.51
67314,39.97
76408,10.31
156420,10.875
185060,4.113
138704,18.36
79028,9.42
228062,21.8
280324,28.8
83058,8.45
274527,7.293
88394,19.36
98721,22.08
250914,4.188
290063,24.8
221156,31.1
287942,15.88
7237,18.2
222618,12.695
86734,17.77
219811,10.375
84141,7.742
267567,13.93
175253,3.451
177859,8.6
282598,1.791
119412,13.38
97403,4.35
109785,19.97
167638,16.86
210499,16.38
35899,2.693
228471,7.473
294742,2.234
212966,10.23
163101,6.504
81818,11.89
88908,15.11
3914,10.72
123592,21.4
198902,26.61
217495,44.72
297019,9.836
46295,6.805
225213,10.9
132384,50.78
27392,5.81
240800,58.5
122971,10.2
119087,4.742
107885,7.195
142335,85.56
124973,14.37
264685,6.836
152968,9.46
139247,29.75
18385,32.9
5721,18.05
299033,4.66
181629,9.4
291566,22.48
123188,35.1
289277,15.81
25862,13.16
73280,5.625
177999,62.34
88916,41.44
220063,26.3
19511,56.9
266601,10.805
142938,41.78
13011,26.4
204934,7.723
231377,1.852
178852,26.23
268699,3.729
265768,7.21
272861,18.58
219352,16.94
226308,18.42
193608,35.66
194347,30.97
297411,10.31
122192,14.46
217332,24.39
166614,11.06
221771,14.86
96075,10.97
59763,38.62
112641,6.637
135080,8.45
113774,14.734
251020,5.867
182605,20.72
153312,5.875
228705,6.254
28421,4.523
191197,33.97
22156,37.88
32411,10.2
94079,15.33
83125,18.73
256779,4.83
54887,13.87
191527,124.44
180305,26.89
193288,9.24
142988,18.31
208240,17.9
144406,4.75
36678,6.883
81475,16.8
235218,26.61
231540,46.16
245239,19.56
101659,7.965
209425,12.46
165045,3.756
203802,2.059
234088,30.53
216,6.367
55255,32.62
29081,17.19
195521,80.94
34492,66.44
180127,9.8
45357,19.56
51239,8.055
283859,30.23
277302,11.16
73208,19.64
148844,55.56
176499,13.9
79628,7.21
124865,15.65
33795,11.42
121444,94.44
61988,12.35
268120,9.96
42797,4.89
228217,7.88
206431,49.3
183689,60.38
80179,27.22
185925,21.67
51238,12.07
243505,22.2
225867,25.05
42732,42.53
204622,24.39
119101,30.42
108863,6.99
155195,47.38
9294,18.81
195548,65.4
86914,11.086
69159,5.434
188977,114.1
19225,20.02
84122,10.05
294936,5.227
129563,7.605
145098,52.84
153156,16.19
75738,27.22
192065,133.6
153003,10.76
10126,39.9
143491,16.45
169726,7.656
63698,4.125
251097,7.098
86029,2.764
146357,12.914
6215,10.805
185482,23.28
21610,20.5
23364,15.17
134536,25.14
220624,13.27
110974,15.72
34380,7.406
287346,4.656
251268,7.066
141568,19.2
72906,22.58
206356,25.34
141314,10.625
104356,10.6
71864,13.47
262977,8.14
135497,2.041
199142,13.555
238000,40.12
159348,4.305
19,9.69
129266,13.555
242007,12.09
132221,16.42
35567,35.72
105405,17.8
167098,11.18
141080,9.0
247932,19.64
182335,10.67
126769,1.824
4153,27.61
41504,4.117
135743,12.97
122164,26.08
297465,23.0
100254,20.1
238651,6.03
152821,22.2
253196,26.03
45283,5.043
274818,6.195
180656,7.64
221146,16.86
23348,49.0
82515,14.86
91546,18.17
192710,6.08
229626,20.8
93164,9.14
58858,59.66
117880,17.14
271292,7.164
34508,13.78
246950,23.28
122429,15.234
448,2.705
210235,18.5
128205,4.844
105249,7.133
160925,60.38
73865,31.92
266319,12.27
69254,9.1
166372,10.83
43568,16.86
231040,14.52
118567,32.44
54241,17.72
26787,10.05
33590,9.55
293836,12.54
204060,27.94
221406,46.8
185125,21.45
95772,30.47
42468,5.434
171167,15.36
75049,5.94
42428,23.05
1092,21.11
204252,27.33
143033,46.44
19388,79.06
170456,37.56
63297,9.75
261286,13.33
65379,15.42
36426,31.03
117252,4.152
112331,80.0
244881,17.11
109929,20.55
172448,18.47
14501,13.13
134109,12.43
217009,17.11
149473,62.84
220200,13.61
207224,5.33
168653,7.86
5599,99.44
8124,16.52
265299,141.1
293512,5.17
281468,7.95
114205,13.695
289049,19.72
236096,17.33
219312,19.2
289623,8.83
217451,7.742
246320,4.48
133338,23.52
294291,3.37
62058,6.82
8723,23.75
226004,9.69
72290,14.89
278975,9.36
255639,7.62
100465,2.48
174090,22.48
265390,8.125
230854,4.332
220945,32.9
91578,27.66
51855,15.016
221769,5.08
176446,9.28
191427,11.52
197090,24.69
125637,6.316
152746,4.715
256909,15.69
203595,8.305
171433,6.883
257932,15.3
230621,5.047
211035,4.477
292442,8.92
110030,17.39
179263,11.28
139611,5.07
41725,13.58
131032,12.09
176532,14.67
26999,8.375
149565,8.266
160057,2.818
287002,8.64
9125,7.57
43155,4.15
185006,11.11
198427,11.945
98395,50.0
246292,14.64
109588,10.72
214452,19.17
40851,4.88
1551,59.44
34738,6.402
139007,23.42
210807,14.8
61506,14.555
97557,5.19
112844,26.67
144823,17.08
33912,2.908
131124,6.492
189964,29.56
130387,12.914
175801,6.39
170449,7.52
212232,70.5
78052,8.56
131069,16.34
298020,3.025
65344,21.19
226784,26.34
114188,14.766
236434,12.35
42945,36.16
77611,5.555
49389,13.08
103789,25.66
164623,18.1
9788,11.55
175049,17.33
10807,71.06
241136,31.61
255100,8.305
10502,14.89
118609,30.78
198864,5.484
199342,10.09
208189,14.37
41047,5.312
268997,2.363
133442,156.4
162813,9.1
174269,9.44
276884,23.0
119647,6.19
73938,30.9
57199,34.75
98356,10.29
131729,56.22
110994,27.33
279210,5.45
297322,6.742
270859,32.44
287993,11.99
287963,50.2
297478,20.67
164216,2.484
136484,6.637
15326,12.805
81870,14.83
3698,17.44
119481,11.84
297968,6.535
160420,19.8
235645,10.51
66452,21.28
55242,36.44
251499,2.07
278996,16.52
295572,34.8
157101,28.86
190357,10.9
187389,108.0
235308,31.16
108560,13.555
238169,19.05
148994,57.34
162768,8.66
78716,18.1
132297,9.28
221320,6.094
204176,36.44
2593,41.28
11524,44.2
45241,4.688
199805,6.562
61105,18.36
225083,4.535
123692,43.8
34971,4.234
89125,18.39
55088,12.305
58311,29.16
150513,7.984
141685,16.9
210867,5.598
158593,14.4
23975,28.56
104265,18.78
244966,18.31
30119,18.73
276832,9.75
51613,6.492
250409,34.66
183465,2.623
278206,5.484
88238,3.945
47971,19.36
115401,41.7
170023,27.38
237544,26.83
176337,66.7
153679,14.89
250534,7.656
263231,13.87
101128,7.05
130271,24.39
122809,6.55
26348,5.793
145456,18.62
273410,4.316
59132,14.13
110280,10.9
75732,26.03
46521,8.984
206396,10.03
238121,47.1
196785,13.38
39907,19.36
271547,12.15
227753,27.72
151060,16.08
54102,11.99
31435,9.92
284858,11.695
57355,30.42
282361,10.72
174249,2.25
194959,9.69
163970,11.55
203343,13.64
214654,2.377
184968,18.23
10634,16.05
124700,23.42
252183,14.95
55869,17.83
6677,8.484
7793,30.6
287785,13.984
198052,8.484
180260,11.62
243727,25.45
210730,10.92
187881,13.836
239704,6.316
63826,12.54
95887,16.69
123144,15.33
108434,13.33
117877,26.56
127374,7.555
277313,17.05
181553,5.477
284149,2.0
11495,9.69
57886,50.2
148300,6.637
50564,18.1
241651,10.74
37674,6.094
545,22.77
65592,24.19
284006,31.61
289783,12.86
239166,47.1
201989,4.527
188976,26.23
89482,12.05
262068,3.775
214844,16.72
67116,37.94
51329,14.89
45170,17.0
223473,60.88
144768,7.133
145038,54.7
129427,20.8
213712,30.72
252973,8.945
27780,18.89
11159,4.234
115274,30.36
177909,6.94
227522,10.945
19817,53.5
230805,2.16
286974,15.65
47635,28.05
9089,9.86
83610,18.23
149589,4.91
212838,19.84
22960,5.766
231,39.03
274294,7.965
33773,5.527
3675,2.562
48512,7.453
3843,25.3
29315,4.45
89656,2.764
23872,6.805
252227,24.23
243602,2.842
113051,20.34
276930,23.52
85407,8.16
133526,14.984
6179,25.05
230828,2.367
213747,17.05
249085,25.0
125044,20.77
250879,8.11
70482,24.0
242789,5.35
203394,14.95
236800,16.14
238632,37.25
288525,37.94
19224,63.1
287690,11.086
83107,27.0
213985,31.4
198370,43.9
228373,3.912
165728,13.38
113841,3.469
212608,26.3
165850,16.9
46131,18.47
143241,13.05
116006,16.62
5159,75.4
3138,7.066
234,36.97
107873,11.06
148296,19.89
193927,14.28
194124,6.668
185309,7.164
56834,21.14
141095,13.44
100905,37.4
62402,18.89
113409,2.928
172325,17.39
65777,4.594
118146,79.4
181539,8.88
193037,3.756
217611,35.1
237022,6.85
101627,30.11
153356,9.73
55353,8.055
12596,12.51
156047,13.87
258830,34.3
94072,17.44
104017,4.523
154399,3.945
236687,11.42
46487,15.05
216918,12.56
5444,54.9
199592,30.84
85980,1.894
211425,65.4
38746,5.867
26841,15.98
266122,10.07
80801,6.652
119743,8.195
154471,14.28
175036,16.72
151892,3.771
233764,5.79
160530,4.168
147551,57.34
218668,24.14
154776,9.46
182139,15.3
82994,10.12
101374,7.504
122463,32.5
14294,25.0
176867,17.05
17231,26.94
86985,5.76
281314,7.93
277618,12.56
168531,12.09
87926,46.16
250805,10.29
64756,63.84
160710,14.22
145494,49.7
107247,31.28
264888,17.36
11353,20.64
152206,24.23
104330,7.02
190166,48.22
126260,13.38
102305,50.6
8982,30.6
41939,3.518
89511,32.78
134328,3.348
170615,10.445
179410,7.406
231765,30.84
608,7.15
251727,6.492
141586,5.215
58594,7.707
164457,3.633
179973,27.77
200748,13.05
136210,17.8
41892,17.28
21241,18.92
136374,50.5
49339,5.496
158392,15.65
4223,46.06
42734,24.48
38419,5.168
212147,11.57
100638,7.438
4096,78.1
3602,70.5
28288,2.393
235046,139.5
111181,9.44
198011,15.49
129045,6.99
237163,14.34
31088,13.38
121212,21.31
69120,12.05
173572,26.3
130370,11.914
227104,22.44
291784,18.5
35629,16.48
269721,12.38
230768,10.16
184421,17.47
240600,12.78
250559,22.3
75624,6.758
207802,11.086
176025,22.2
247146,17.44
158634,2.285
110681,15.39
39537,15.88
211953,89.0
259523,41.78
10175,23.52
153528,6.008
11927,16.83
103424,16.94
36018,5.35
77333,4.598
102209,11.375
287352,4.844
297415,15.05
125400,15.65
171781,5.223
148498,14.8
198838,5.047
92356,94.06
27948,2.23
289699,13.3
85895,6.637
175394,37.03
201052,69.6
267366,7.31
207657,11.59
244410,5.19
11016,17.8
81617,6.91
140653,4.47
83451,6.113
174685,12.09
73929,35.38
170920,4.75
257799,4.793
139127,34.75
37622,4.38
192358,17.36
128272,9.6
97914,18.36
165120,14.164
159498,15.36
211190,9.1
162214,9.945
186865,6.06
20343,28.8
167432,21.02
98711,10.31
235473,15.81
38446,13.93
233130,2.113
144741,15.05
25304,10.83
43882,13.13
250169,43.9
18890,55.34
245713,11.06
287237,7.37
113860,10.445
265938,6.375
3513,85.56
27333,4.59
29998,4.523
90275,5.043
91039,4.523
93897,9.75
288321,32.38
9811,11.57
114490,6.58
5080,29.69
124457,11.97
150145,10.47
283566,4.297
135840,11.086
97313,29.27
264771,42.2
108798,5.773
20321,32.62
56308,5.188
169567,5.2
83408,17.88
123951,7.406
958,7.844
226870,12.09
267707,13.75
61790,2.363
195863,81.94
126197,8.62
137310,8.21
70723,13.05
124802,9.12
6326,12.914
242483,13.836
202288,10.83
153265,16.02
175430,3.684
271488,13.49
108519,8.305
110864,12.56
100606,28.34
172383,14.31
33625,6.03
158963,17.05
237034,6.367
291976,13.87
134037,9.81
83097,7.83
20168,17.33
242761,3.826
52466,20.38
254193,18.73
43124,8.0
143420,17.22
130226,30.78
258252,19.52
246350,5.16
13823,15.3
60989,4.57
94468,32.7
283974,22.3
150604,10.12
254446,8.6
201488,20.55
154322,27.94
184259,29.1
168033,14.34
21633,13.81
53044,8.734
124412,17.72
186294,7.707
263172,17.39
270670,4.598
61643,12.15
296189,33.62
112442,18.55
11793,5.855
207717,57.12
164487,5.145
207046,7.688
91695,49.2
10505,44.1
70664,23.28
6549,4.723
191029,10.29
106280,31.61
12801,7.93
27040,12.25
5931,44.62
272042,20.94
48793,7.473
221219,58.5
96791,13.61
113002,2.662
195624,85.56
115857,39.66
146557,47.56
229426,18.5
16308,11.72
277297,9.36
74140,7.773
194670,5.008
141486,4.83
208791,55.34
22720,20.1
269876,6.562
140677,29.75
224515,9.8
62502,13.27
101122,9.984
227868,11.28
163029,14.13
145432,8.805
198726,26.56
97574,21.72
181612,18.58
95632,24.8
283450,2.477
48145,4.812
56968,15.945
26820,21.53
76685,12.33
87862,15.52
142897,62.6
192330,12.33
169959,7.723
104303,13.52
90948,20.05
44398,17.11
253430,10.9
43689,13.13
272151,2.402
94100,10.945
40527,13.75
63447,9.38
139747,16.34
218891,3.3
110492,28.92
279845,78.1
93170,8.92
81578,15.98
134262,5.234
249896,5.773
213180,24.23
67,10.53
283990,19.2
99668,55.56
34832,13.93
37834,9.22
145611,55.78
131886,4.52
247698,12.78
274239,21.5
132572,7.035
100886,14.7
95929,1.774
282792,3.113
293958,12.12
51854,9.14
204939,21.02
149339,40.38
57599,14.734
14113,2.521
30426,12.33
226785,5.78
57414,12.15
246694,23.56
192496,14.67
5045,16.8
151952,5.33
243208,61.84
247782,15.945
10446,2.588
81454,6.94
187571,9.5
269408,34.88
1890,29.45
209790,11.64
1455,15.49
208900,5.79
52009,9.4
222961,5.066
231761,41.03
23854,10.445
213412,14.31
235687,12.195
208011,16.52
290553,7.742
117685,19.0
211203,9.336
28878,11.72
168078,4.027
177457,6.61
79114,3.725
23135,11.59
172030,13.44
291603,12.86
7764,14.64
98295,16.42
2435,50.0
212870,26.61
211085,57.34
111270,22.86
140087,11.04
25300,11.26
143717,94.8
280302,2.65
241592,8.125
161672,124.44
38289,17.33
203522,14.07
129666,96.7
142663,39.25
123499,22.03
20649,57.56
158589,31.34
63215,19.8
42030,3.86
135533,15.016
198471,8.07
11028,9.92
277486,11.086
107036,29.69
68475,17.72
166888,7.004
64181,15.81
108754,24.48
167114,29.03
268499,16.34
256070,12.914
219530,3.223
132322,6.684
97506,8.016
232979,15.08
134850,9.86
145214,42.44
37246,10.58
298682,14.31
44072,3.67
257633,10.78
74101,20.89
185888,9.26
138210,1.977
241516,22.3
274913,3.62
56316,23.61
89220,28.92
159200,6.12
181811,11.47
100284,6.227
81519,6.58
152603,9.81
70818,6.004
251016,3.842
44610,23.23
36528,6.24
187329,9.26
259064,7.723
115048,11.13
93653,27.27
275874,2.215
212640,21.58
143388,2.162
212201,40.38
280836,13.75
249861,13.984
24192,16.11
259,6.957
143478,16.52
114402,24.73
298605,7.773
20300,31.86
104665,8.36
74950,6.383
28586,26.67
159869,25.97
158015,11.26
75021,19.56
11573,23.9
99070,4.816
79331,26.14
133484,11.914
285261,7.293
165560,14.92
1823,73.3
141189,24.39
203972,22.2
206436,37.4
39983,13.3
190175,5.09
6621,11.89
46784,5.477
49914,17.28
100026,47.75
213498,10.375
152241,22.95
264263,6.043
44664,23.1
210312,6.535
124429,10.805
29396,34.88
235057,8.91
276419,1.962
190614,5.848
274675,10.23
254123,4.73
102646,11.06
179990,14.58
163493,21.14
45694,7.64
65976,76.6
261640,18.17
74010,22.44
151552,4.125
298271,53.06
261661,9.586
94588,20.72
188463,2.416
257976,7.21
13055,7.67
913,15.33
194484,13.19
289455,6.184
126997,17.0
235689,32.06
183327,26.78
145635,24.73
21720,4.52
9512,13.1
77335,2.902
150536,4.727
246780,20.84
110258,3.898
296577,10.13
220442,9.86
174920,11.55
40106,17.55
228221,12.67
83987,14.83
275451,17.33
72542,14.95
97479,15.42
297681,11.99
291879,23.28
165094,22.95
211262,7.273
204308,23.0
15406,17.66
179771,47.94
265160,16.52
29100,12.62
112107,18.81
275032,10.695
17048,10.2
161384,9.664
168124,2.213
134532,52.12
235932,15.14
37907,9.42
109787,13.47
215865,7.082
287868,13.52
134279,4.22
86276,12.07
217680,15.42
27083,7.914
145929,61.12
72248,52.75
270139,7.21
86145,20.97
70979,14.8
140352,12.38
294829,8.66
288140,17.36
50710,7.39
25966,10.97
10104,16.45
278261,21.23
24656,11.89
253945,10.12
252705,20.12
200782,30.84
240990,39.66
153453,5.312
180349,20.5
117430,23.14
54155,19.25
90111,7.656
86969,14.31
170500,20.8
42721,7.984
181752,5.484
288008,17.0
107435,26.61
135440,11.305
249746,4.367
261211,5.332
293440,9.46
121428,14.46
124592,19.36
190213,14.49
187455,8.87
297574,18.7
289246,11.086
148268,32.97
201971,29.92
93856,6.61
231740,117.8
44084,12.05
42846,15.62
93022,7.49
198429,7.324
81518,2.736
89429,45.06
177613,16.28
289371,17.98
47919,5.8
203050,32.12
90519,26.14
208856,11.64
10076,11.086
185619,11.89
52143,6.184
67750,6.273
298784,20.8
224590,27.05
251741,8.4
201361,13.9
222564,4.703
145971,116.9
240901,16.66
56852,2.422
241379,24.8
48465,11.086
191016,8.805
293050,9.9
21013,39.72
255381,16.42
43299,10.375
108196,5.395
108805,86.94
843,11.016
231337,19.69
155306,22.58
272291,4.11
127377,5.15
206600,34.88
169477,27.27
64276,14.28
285135,15.85
254297,13.24
183621,23.66
113887,10.31
296768,2.047
110626,13.64
66321,11.52
48205,17.11
121240,17.08
183150,8.32
278162,5.08
195862,78.44
102697,27.0
13739,82.9
35791,28.17
71811,28.17
48287,35.22
57297,6.434
16849,47.84
68068,12.83
199314,28.0
86316,6.19
162808,17.58
280100,27.33
1209,10.35
253510,38.25
100932,10.97
80884,6.957
211191,12.83
263977,31.22
126423,22.53
79077,7.273
178161,16.94
217932,23.56
229554,2.328
153614,12.695
171375,29.16
235853,20.55
95505,9.586
275655,49.1
26543,23.38
76419,3.908
175011,8.34
45703,17.69
110530,14.164
40902,9.336
209082,3.43
59201,30.42
295924,8.34
121395,9.875
196814,11.47
10159,2.572
242085,13.9
221814,5.375
231169,8.266
121320,8.734
253234,17.69
156886,145.6
269069,24.23
174647,5.895
42043,25.0
70183,30.66
106557,4.844
220005,11.695
132996,25.56
205920,7.758
281528,12.46
279194,12.09
178254,4.887
92771,6.758
144122,28.52
287468,7.15
105991,6.402
156678,71.06
255690,7.18
141987,74.2
277894,5.79
122520,9.4
139348,5.32
257793,4.13
23047,14.43
209911,5.227
207766,21.58
137389,6.94
18678,8.88
127242,7.117
103141,12.59
171046,30.11
237960,10.47
180220,19.56
173355,12.15
60037,15.3
20038,38.88
48284,14.43
57587,87.25
277500,8.18
217634,14.555
93136,11.82
289396,18.89
244747,43.75
86164,19.52
153993,6.684
89274,98.25
133435,108.0
94168,7.117
190329,34.66
254379,4.477
219039,24.19
145482,21.94
44623,12.016
52396,12.195
28552,15.72
277881,2.363
230732,14.28
11102,18.17
130868,19.0
212255,16.22
25826,38.56
80920,14.8
39430,30.3
38010,15.39
75875,4.902
181328,5.887
193330,17.66
265546,5.52
23575,28.28
74528,10.53
247597,12.97
118019,13.44
70655,18.89
12215,11.97
264895,13.836
86044,12.73
98815,16.8
261094,22.2
144096,56.0
183090,6.535
262216,18.47
84314,18.36
76955,8.51
270598,9.3
149810,28.17
56109,14.984
217349,10.31
177371,19.52
63318,30.78
24652,47.0
248534,11.2
168631,3.092
14189,25.05
189298,75.4
161930,75.7
51642,5.96
230120,13.836
153672,8.055
254705,19.2
220574,23.28
118957,61.34
181550,34.94
181312,21.94
231270,12.62
94855,12.78
61324,10.09
229744,22.34
233212,33.72
293204,11.945
274861,13.35
238834,36.6
13930,12.99
65346,27.11
258636,3.66
235725,16.6
159284,20.72
130329,24.44
62430,45.97
200137,20.1
178437,8.84
63720,28.22
182587,3.145
83593,1.997
190877,143.4
2790,10.99
224616,21.94
114361,10.695
293918,33.78
38867,12.97
223024,5.27
298912,16.38
115178,15.11
182186,8.4
112195,18.78
198699,2.79
156936,144.0
96780,8.14
235309,79.7
151807,9.65
94373,16.45
161620,150.4
231781,11.62
216744,24.6
70470,2.924
247309,13.52
53890,25.45
138844,24.23
63172,21.45
75640,13.58
172083,3.318
25550,14.164
197248,17.22
158172,8.16
229693,18.36
6944,7.438
232869,24.48
296208,18.47
83160,3.756
92703,11.23
2293,53.28
135263,28.0
182313,12.99
191218,10.945
6103,32.06
217306,8.58
141166,12.88
285040,2.28
11255,11.16
248718,22.34
260308,8.92
199183,39.25
64949,34.2
219550,24.39
58328,9.5
205974,9.1
241463,8.88
120714,9.195
251991,11.84
124409,41.34
272503,8.75
81628,4.27
144293,22.39
264255,11.82
208935,20.1
55001,5.812
97997,19.56
187755,7.18
39373,7.86
72251,29.92
82830,26.4
222872,24.3
7078,11.97
206454,34.03
133581,8.56
209261,6.895
62618,5.215
51113,5.297
77270,8.87
243043,16.8
286918,22.62
196746,10.336
27009,7.52
71445,49.4
230013,5.31
4955,13.24
204124,14.1
143943,24.39
96406,14.64
244323,24.3
10353,8.125
252541,7.05
212759,11.89
8779,24.05
171067,5.32
81084,8.195
247373,12.38
241840,4.266
163925,2.81
81964,6.504
187472,7.81
201687,22.72
105953,9.6
95615,4.367
250394,12.33
172078,15.14
122608,11.72
40668,12.46
115144,10.92
117000,12.25
80614,2.625
129658,14.89
56957,5.023
215612,6.434
253064,19.77
70277,4.62
157319,123.5
50403,8.21
293388,10.42
266948,30.36
281389,6.7
209034,12.56
186771,37.03
177252,30.23
51736,13.05
43404,3.352
107478,15.3
162412,6.418
242633,6.492
23399,54.9
231688,13.78
23886,11.26
100785,17.44
141425,17.69
77541,5.812
22989,11.52
165788,14.34
18406,28.05
3387,9.484
38728,5.03
108500,14.7
121924,11.62
43154,6.28
248935,4.996
71694,34.6
190270,6.715
41178,5.96
127301,7.195
2825,7.066
289731,14.61
50889,21.06
17311,7.49
70675,8.92
117271,11.914
170198,7.59
71693,24.0
170356,6.637
292804,21.5
48916,10.945
163428,27.48
19895,82.25
270883,66.44
278533,10.875
146942,54.9
157180,152.8
53282,15.85
63927,19.12
79975,10.18
62971,12.17
109066,35.5
182322,6.805
272749,12.305
288432,13.44
222678,39.72
244397,10.97
285856,3.984
216797,26.45
171521,15.39
247076,3.473
159312,33.38
13107,12.33
198745,12.59
11041,10.12
189229,11.445
248444,4.85
108135,7.773
243649,3.307
298249,28.45
8451,17.11
74496,21.84
252577,17.33
219472,14.555
110370,24.39
99008,6.246
84064,5.18
137246,16.45
110389,141.8
37631,24.23
220279,16.52
247186,26.94
37822,30.9
264496,25.1
273282,6.086
81065,1.919
248135,14.83
61945,20.38
252886,18.31
259260,9.18
13171,11.55
168546,13.38
17354,7.688
156624,9.42
149689,52.12
90319,115.06
172666,11.64
223926,4.523
183288,46.62
285792,7.293
259499,6.03
148473,19.92
205293,12.305
261873,11.2
187264,14.984
254391,11.89
40464,4.71
186147,11.914
172640,11.89
141624,14.58
76252,9.14
204410,33.84
260911,30.11
280511,12.99
152549,27.48
2434,42.97
46995,21.53
73123,14.555
45863,5.29
51218,25.05
6520,11.42
213725,29.16
277142,2.062
247059,9.18
240344,19.25
173728,9.836
253444,5.82
204944,4.266
197262,7.64
60538,7.438
132876,13.22
276405,9.14
211724,44.34
93728,2.514
9034,20.6
276461,4.28
145655,24.44
42576,4.44
273724,3.96
289480,4.477
270528,2.107
112257,26.61
290588,8.84
29621,45.6
176478,9.484
148633,93.0
105347,22.3
160472,24.34
147384,15.2
112976,8.18
188967,21.28
144243,4.113
8406,2.947
33660,6.305
105824,15.3
170237,4.684
19475,39.97
80499,7.59
100003,22.2
184953,65.9
231622,11.766
220543,12.09
173,8.84
54850,16.02
215013,50.1
19661,4.17
233688,10.01
141510,16.19
26814,2.701
40571,6.535
101472,14.164
289421,29.1
248885,9.875
288206,6.402
154084,3.908
87377,17.5
7650,11.375
15145,13.47
91535,19.28
209328,22.9
55033,14.555
164076,54.7
98736,53.6
84023,3.117
205175,20.25
60730,27.0
139229,16.42
18468,56.9
142199,21.14
55946,5.223
25618,13.08
171589,14.52
17561,9.22
95995,6.957
259839,36.9
61079,5.402
171388,4.16
166938,5.414
17035,11.2
198874,7.656
141219,9.77
189100,4.793
71567,48.9
206711,23.47
85477,120.1
147186,15.234
204426,8.92
20200,18.47
186985,8.29
63689,14.016
21555,3.285
6224,7.555
6276,8.67
162544,29.62
39225,4.395
285308,8.87
252535,28.39
166663,18.55
163370,11.42
76798,17.98
40270,5.94
261523,5.023
196989,15.75
124567,26.94
16712,13.44
151534,26.45
166786,31.61
237085,19.28
201178,3.033
266250,2.951
115433,23.7
84595,12.83
127481,13.24
234238,6.184
163000,6.94
122336,140.1
190256,9.336
117410,23.19
26730,12.88
191288,23.52
232271,7.082
129886,15.42
147728,62.6
103601,14.1
83425,4.234
79222,8.016
28919,17.69
69769,7.773
15811,17.22
120586,14.86
202652,19.05
198756,9.6
184475,9.836
153388,21.98
88490,31.86
26108,9.336
237696,16.28
25598,8.52
279772,4.21
43028,11.79
13787,23.66
287814,14.46
195199,61.12
288205,18.17
262546,17.19
39022,31.28
13147,18.66
167493,10.01
125417,3.842
37551,20.8
124605,16.31
292705,3.486
216557,17.72
225053,9.625
262256,7.984
236995,11.72
217816,3.14
103994,20.97
52176,30.3
250251,13.836
39820,13.75
201713,36.22
218260,14.25
102859,13.73
213930,8.16
248056,17.88
78102,2.79
283493,5.56
252702,14.43
29008,17.55
46804,9.3
245678,13.08
158277,15.914
144236,29.5
31986,24.05
290181,10.16
180429,21.06
118101,134.6
264027,8.58
238900,11.375
206720,28.11
86622,51.9
138577,15.234
51189,12.94
53478,15.88
30595,8.484
171093,10.83
201866,6.297
115880,5.19
12628,22.39
43307,9.38
177903,18.7
56064,30.9
172537,13.695
262849,5.703
16482,11.445
53569,136.8
237522,5.29
1758,76.6
170979,2.646
46637,19.61
178855,29.45
54137,12.38
257260,11.47
289624,8.984
194265,17.98
183484,26.03
279242,20.38
218900,3.643
245861,13.555
68108,25.3
235450,31.61
75153,11.79
145833,14.61
163909,2.328
89501,7.082
113918,9.6
284998,2.715
116886,27.16
100773,104.25
123173,10.695
76268,3.31
113850,5.047
156021,23.7
288968,27.33
291225,6.016
95193,2.238
10694,6.73
39842,7.453
22334,9.16
239879,13.695
252006,9.69
169540,12.78
102195,18.89
174529,12.51
257413,4.91
220065,10.05
93051,18.36
286195,26.03
36376,3.148
60135,7.39
136592,4.0
87059,8.16
245441,3.348
292967,16.69
137235,8.36
54616,12.43
173459,10.42
166607,14.95
206804,45.06
92119,12.67
173843,25.25
249377,23.52
176733,23.19
242115,17.94
286637,15.88
123818,6.445
95892,15.016
29108,12.38
118589,27.33
295199,6.004
8471,15.42
65081,18.73
39701,4.824
283726,5.793
53258,27.16
127479,130.5
34076,11.06
99238,20.5
283061,23.56
132792,14.05
83808,20.47
248249,14.28
93095,13.24
251354,5.168
10534,5.312
70168,11.62
62974,14.52
225532,8.79
16005,18.2
141892,72.75
213421,19.17
27837,5.09
216501,20.34
193130,22.67
296236,17.72
130564,6.36
234957,3.812
273732,8.4
179517,25.72
298805,14.31
279670,3.482
86344,5.508
154166,5.895
274769,13.16
283220,26.4
138253,14.67
96553,7.758
188515,13.836
139518,44.88
255588,4.312
52727,26.67
188092,7.355
52916,13.73
249400,30.78
121933,20.67
81725,30.42
146037,9.1
227908,5.586
143780,37.12
39396,10.35
149933,12.51
229350,19.25
95800,3.234
217281,40.7
246563,25.4
276698,8.32
6157,6.133
111404,8.25
9539,17.83
182305,4.984
126702,15.914
171624,4.254
124565,11.28
220635,2.24
195331,107.56
227889,10.6
126549,6.58
279935,28.11
2100,35.88
255969,24.1
37607,18.28
280889,2.406
92349,31.8
60068,13.47
144054,58.97
22091,26.78
56215,12.07
78720,51.9
49015,9.56
203653,37.62
174700,11.64
173876,8.45
269364,6.668
115447,11.086
91364,4.918
241664,10.336
23118,5.07
248659,14.05
293583,3.803
33549,7.965
31623,10.85
76894,7.914
166163,108.9
263863,12.07
29278,7.02
137843,8.6
170546,4.766
50648,19.64
139863,21.23
215413,6.15
239852,15.05
215505,18.5
122785,22.08
62584,16.77
247917,4.465
120724,9.18
91561,9.945
206414,19.56
187863,18.62
98067,5.78
259431,11.99
80727,12.41
161689,68.56
133125,11.664
19029,51.3
238881,17.77
255032,38.78
174872,16.83
163465,8.14
168544,22.03
91424,13.1
82375,4.32
47328,23.84
12607,19.2
130836,34.47
116570,3.842
152351,5.17
35579,7.52
254630,6.836
285985,9.12
39489,4.312
66919,10.23
37238,8.83
145434,5.727
47530,5.746
4043,24.8
53653,11.74
229313,6.79
32864,28.86
232406,41.84
53227,19.77
20907,57.12
102240,16.08
74918,51.8
253690,27.89
157437,149.1
18774,58.03
241095,101.0
225755,38.94
241234,7.52
285353,7.117
59198,24.23
276766,4.633
245063,23.95
110909,9.6
47141,47.56
153025,7.656
56060,10.805
168011,12.27
156644,5.84
162441,15.39
57746,11.766
53797,10.83
70174,35.94
191064,14.25
130972,12.195
128566,155.1
258618,7.258
10440,1.902
241751,12.17
169527,5.664
154532,17.72
31363,3.297
96195,9.336
84498,12.41
120471,17.19
232919,27.48
270690,8.79
98294,10.01
87931,59.66
103731,16.77
222739,48.72
108287,8.11
82842,5.625
13642,15.3
97218,5.434
228701,21.23
250799,17.66
174049,40.88
62273,11.914
67585,17.22
5523,24.8
273243,6.85
221176,18.84
99952,10.58
261152,2.99
31488,5.496
190940,35.38
61110,5.1
215887,13.78
24311,3.592
129129,12.35
98969,22.44
149992,52.03
79278,6.227
258391,18.81
242765,4.113
122404,13.81
275407,20.17
242049,81.6
279555,14.34
41746,19.05
137562,3.26
58899,14.83
114214,21.31
290327,6.58
215054,25.0
105101,16.9
63532,20.34
80831,6.836
7245,35.22
210200,19.61
156453,9.75
46998,17.28
145201,71.9
265102,4.11
146928,9.08
29712,7.15
149286,9.945
129497,11.99
18773,17.77
118698,18.28
31636,16.31
192986,14.52
14073,15.08
154551,61.34
19685,30.47
237217,17.98
298700,8.56
277110,2.654
104534,15.586
23823,19.72
80387,1.676
280508,4.887
212507,6.594
60853,25.14
61880,16.28
188867,7.914
1740,103.8
64770,28.39
289172,5.54
228636,28.62
52746,22.9
187925,7.86
127806,5.16
126657,30.11
51060,29.03
272282,3.105
257215,4.832
64896,10.67
215687,14.734
63402,11.016
172270,6.35
289458,7.895
144755,6.316
25430,4.0
178611,14.46
151084,8.07
47448,12.59
178886,5.133
187680,18.92
295154,2.275
156353,42.53
8714,30.78
111098,2.23
31135,10.375
48867,5.266
261951,2.023
36868,17.39
144018,47.66
146505,42.44
115886,28.34
157075,54.7
22917,26.19
133740,4.5
53529,11.84
118891,11.59
40302,5.16
273443,7.895
28259,15.14
158431,11.62
188255,43.3
127938,27.48
22479,18.1
97361,8.55
285862,5.766
153242,7.52
188248,7.39
169457,5.035
65287,14.8
272251,40.22
78509,18.78
71712,18.84
33076,9.69
263943,12.83
102878,10.29
120305,9.6
278568,17.19
97520,11.695
180847,8.984
26117,53.8
172964,4.3
219985,5.246
182208,39.03
215150,18.23
181398,10.875
1563,39.1
234528,12.73
24372,6.004
186326,10.695
269638,18.78
15928,3.525
26833,16.19
30224,13.35
13993,3.775
34942,11.62
62534,28.92
30425,2.898
27935,19.92
32602,18.5
109880,25.2
14996,20.42
25203,6.715
32034,19.05
41729,19.12
231973,13.38
66185,25.4
159990,15.11
277112,2.814
108414,10.336
19227,13.87
246495,28.52
82428,5.355
290089,22.16
21140,80.0
122841,39.03
192066,112.4
170276,4.062
124220,19.44
285412,8.18
179616,5.715
253271,16.14
234429,25.3
115815,11.4
234067,18.05
141003,14.4
290999,18.66
126343,20.84
108482,11.62
153898,12.695
68905,14.52
7744,8.75
21524,13.81
237023,7.02
53109,14.05
261892,13.38
168727,8.83
293995,3.756
251294,23.05
69906,15.46
110996,73.94
266493,12.75
166325,10.58
210549,10.18
97552,2.264
37030,3.879
291920,14.67
47068,10.24
267865,3.16
28880,5.02
232591,25.45
147406,14.8
108797,26.03
104384,7.098
279535,19.12
26513,30.3
278370,9.16
216434,20.72
68208,14.07
7894,11.87
145539,63.34
162645,19.69
57238,54.47
29558,32.84
163151,16.31
27915,3.084
236580,17.05
120652,22.44
186986,17.77
260257,13.3
253551,9.836
171301,9.945
156203,21.14
185079,6.39
131351,14.46
74777,33.44
129513,123.0
24427,9.836
19316,61.84
150865,23.84
234762,6.85
180192,8.305
12727,17.44
19193,60.16
267628,8.92
283103,26.4
275262,7.227
278892,3.785
124249,14.37
2973,10.29
261563,19.12
101778,14.64
270191,11.52
173452,5.707
54797,23.84
103232,12.97
108838,46.34
149795,21.84
114103,6.504
28248,12.54
10734,11.664
101297,20.77
5749,32.5
207950,15.72
67235,47.0
31664,13.08
18172,62.6
114509,11.375
136460,28.52
176578,63.6
40039,8.125
126514,20.17
237783,13.984
245671,9.71
273347,11.26
198393,20.22
105018,15.11
144569,3.72
265208,10.67
274654,20.42
243304,12.41
138301,20.3
79902,21.58
75300,5.465
83252,18.02
89109,4.047
14741,33.03
282151,3.822
229085,10.375
34673,24.6
55366,83.25
266834,28.34
163421,3.178
23005,1.988
134084,10.01
228570,1.796
184561,9.22
168136,14.22
136256,16.31
43331,14.05
179117,3.43
186918,7.082
52266,31.8
222474,8.414
264868,7.438
74875,8.04
12261,16.19
209789,3.297
177504,21.06
168948,25.3
49361,9.984
68867,16.34
268145,10.42
28360,5.94
236309,11.97
66029,19.4
176380,6.715
82755,25.45
142241,101.0
265067,6.094
278583,5.97
266762,16.08
190964,8.4
62746,21.89
87206,20.02
53707,12.805
123869,4.246
257781,2.79
108316,26.08
49223,4.76
82964,19.44
225316,29.92
296645,15.266
3704,16.8
180667,27.72
195677,47.1
145854,7.133
109670,18.78
294898,3.875
13408,10.97
88107,19.92
203416,25.14
220465,9.18
90630,5.355
140082,2.697
112070,8.734
200777,16.8
48702,15.016
271239,18.81
123571,20.3
27275,32.44
273213,42.03
133468,13.81
196336,78.75
98135,8.88
151853,1.865
75813,5.06
60115,4.73
62793,15.62
176285,9.56
87243,11.33
8819,27.22
114621,10.23
268529,3.605
194922,14.22
282448,3.455
41936,22.39
11452,4.26
43226,19.61
287820,4.23
242168,14.22
46414,86.94
44459,28.45
200062,9.81
139927,17.19
34489,12.805
37876,2.943
21750,21.02
212618,26.08
158605,5.426
36194,6.434
183679,26.45
96283,11.89
181774,12.51
199466,10.78
296967,19.28
78233,17.11
169704,5.35
3792,15.05
17725,23.42
84918,10.05
206715,32.97
28388,6.156
28626,5.242
207695,38.72
276415,3.955
169745,27.33
287365,7.438
101409,6.004
194769,6.477
13295,8.234
91646,13.16
281318,7.62
154549,22.44
98896,27.55
92500,23.19
141607,37.94
285809,6.562
284183,1.794
263608,31.73
213267,30.3
156914,157.6
282842,4.65
5283,24.55
159940,5.566
4379,5.49
63332,28.17
19478,44.44
33526,15.11
3444,11.16
269384,10.78
119088,34.6
146529,54.25
242110,16.66
194485,14.734
93324,20.25
204022,17.69
284224,11.11
259264,40.12
133911,27.77
265393,24.69
147254,50.7
227837,37.34
159743,6.06
125208,8.96
32794,34.25
171151,5.93
228578,2.107
283946,33.84
189240,21.45
12190,1.727
104217,13.08
37820,8.91
155127,9.875
273723,3.322
78294,18.78
88618,11.26
29994,23.47
33433,14.46
225165,68.8
11763,13.695
23019,75.1
165841,12.805
248346,29.69
209636,21.84
50009,13.81
64802,6.926
30437,18.81
7996,5.605
40585,21.36
127956,20.22
268323,2.135
296509,33.44
242779,15.2
134090,18.23
11383,10.375
45094,2.924
274764,4.26
295170,18.05
62803,3.03
72189,17.5
72691,29.98
210648,15.42
78680,18.2
32968,22.53
113546,17.72
242534,10.74
54681,10.07
39577,7.59
42148,9.38
110997,25.0
82186,6.85
246124,56.44
748,39.25
148207,4.926
43851,27.44
296984,2.57
255458,4.44
39312,22.16
88128,14.64
282034,11.945
268659,20.84
155781,4.8
221561,12.86
43952,13.414
287992,27.61
246074,79.7
198090,28.45
251797,4.297
114979,5.79
202309,2.998
94378,16.19
264173,17.08
106573,27.55
59371,1.877
268880,8.47
272903,4.855
32617,6.105
160171,10.47
266076,10.05
33622,5.15
74007,13.73
258859,8.47
253594,10.74
292356,13.61
280426,39.2
272683,2.76
199551,25.0
292104,22.3
11876,5.793
223828,20.5
128057,48.22
4502,13.555
116379,14.67
296004,7.688
47388,4.312
24218,8.016
34711,1.659
213770,22.95
243566,6.46
74632,8.055
80496,4.66
135363,11.695
277745,20.47
84027,13.05
41220,26.19
105142,13.47
292149,11.84
155283,25.72
35917,5.793
70295,9.26
194390,28.45
10090,27.22
224591,20.97
169064,11.87
11261,2.188
72493,36.1
126526,20.84
251490,11.914
172572,9.71
187412,8.14
238177,11.59
291264,4.47
88340,12.27
263351,10.03
228630,27.44
178199,35.66
63255,12.17
275858,6.07
90524,80.0
161643,135.2
153618,6.7
152333,23.84
267431,28.69
375,5.684
81280,4.133
32700,17.69
111833,38.3
154129,5.625
209458,5.773
28341,3.11
220628,13.08
4326,17.33
283170,28.52
228665,25.45
269689,20.5
67407,15.52
167952,10.875
77159,4.566
9192,9.0
81774,5.03
175626,7.86
195393,79.06
61138,17.66
74599,8.266
30487,10.35
74718,5.08
4437,15.33
128941,30.3
189483,12.12
178601,7.688
129272,11.06
31994,14.22
227042,18.1
263592,57.8
151032,7.355
262461,8.52
285465,7.195
136018,30.36
265338,27.83
93267,13.81
31233,2.676
271318,11.2
133777,3.297
131287,24.6
128848,12.07
98739,8.984
119770,4.637
168039,19.61
220385,8.51
211154,25.88
19500,55.56
99590,26.14
113767,7.64
68580,35.16
154114,6.156
159750,4.855
52100,10.18
23613,6.99
246019,4.875
221121,9.18
56777,69.4
171302,4.547
46692,10.09
96068,7.473
35509,27.44
179457,11.766
116564,20.05
190948,8.734
176483,23.8
57083,37.2
145136,57.56
57146,2.654
213249,18.39
202971,11.766
191041,10.9
24780,13.16
285890,8.25
123865,9.9
69936,38.88
211764,29.16
231450,5.766
77919,7.258
188777,37.25
213623,31.61
137652,27.72
77974,15.2
87617,2.447
178577,7.59
101572,140.1
211777,15.2
84005,19.48
194392,14.95
30202,18.05
179952,56.66
265960,8.305
93142,5.887
89301,97.1
251973,2.94
46661,11.55
90915,5.02
158432,23.61
287254,18.28
279276,13.47
277449,7.355
102945,50.2
140920,25.45
76189,8.91
85894,10.09
62164,25.05
104419,9.625
124189,13.64
105730,58.03
25809,7.773
103197,22.77
260722,10.555
242532,10.65
109752,15.586
29488,8.07
26997,10.42
11771,39.25
30900,12.25
166700,2.16
141299,6.79
10987,28.11
106057,2.266
64213,21.8
121110,30.11
61194,11.79
237867,47.28
17173,40.22
142096,43.22
276302,4.8
268506,17.08
194684,7.88
83661,3.822
91837,9.9
293654,13.44
113506,12.17
69901,25.1
233506,22.08
90907,3.598
232245,8.0
9589,26.08
101320,10.2
189568,63.6
21798,6.195
126630,20.67
141373,23.84
283481,4.46
77411,19.72
97465,7.895
253031,12.09
188576,27.89
285367,2.752
45221,3.994
10675,9.875
232879,57.34
27528,21.19
20357,79.4
100338,10.2
224488,32.9
114643,10.16
96485,7.39
71734,7.293
275397,67.75
37010,7.37
220292,23.66
190368,35.22
116552,46.16
152718,3.033
156262,7.758
119753,10.9
212624,6.805
299206,19.69
44896,6.24
7184,19.17
130041,59.44
236940,12.25
169711,16.66
16714,14.46
263704,12.38
196374,72.2
258694,15.3
189767,17.94
165764,12.38
114624,11.87
13789,8.71
243985,16.62
111847,47.66
219970,5.21
188128,5.133
67100,17.55
163311,7.05
105463,30.97
255952,7.195
229680,14.58
268893,23.66
224614,21.62
71863,19.2
53480,12.484
214727,10.336
26263,7.035
5332,56.0
99610,23.19
30964,12.88
273872,23.95
219012,28.62
107101,8.56
139857,15.36
9913,17.58
159417,24.84
140840,4.535
156266,9.42
23497,44.1
35224,2.34
138090,10.35
122445,13.93
178951,14.83
68885,37.12
171119,11.74
227149,15.2
228999,13.38
194939,13.38
188439,9.26
15964,14.52
81248,6.61
264317,3.664
202848,14.1
94843,8.734
159764,15.05
204692,16.62
182025,6.652
129386,3.08
163838,11.375
177987,20.8
179688,25.45
65636,12.33
270937,5.58
50654,34.12
108283,24.34
76868,10.945
215159,5.83
295243,30.78
151558,24.05
43791,18.73
192666,9.22
6275,5.07
178906,17.05
184165,7.62
187740,46.72
124213,29.5
221759,6.273
41893,24.44
154370,4.02
116529,24.69
267098,22.95
296847,3.17
118002,13.38
240256,41.53
221072,8.805
16693,19.89
273170,11.28
270294,11.82
67004,5.37
133761,10.625
210264,9.55
221595,18.02
170817,15.586
11654,6.684
60624,44.44
98716,12.17
75447,6.21
148211,3.285
57813,11.84
293389,18.28
266989,26.45
14322,12.78
283494,7.86
120897,24.1
113211,8.88
273861,15.42
142842,63.34
47078,6.535
106766,23.14
107983,26.61
215006,14.25
194739,3.234
261218,9.02
46558,6.434
178724,24.8
118788,12.805
172637,15.75
245558,14.016
169535,14.34
274454,14.016
281450,25.45
98259,10.47
105479,34.6
153789,7.59
232734,20.6
235840,25.45
78416,12.33
79843,20.55
40435,3.889
53120,88.7
151705,7.54
66314,18.42
205878,11.375
180374,11.445
268405,18.5
151522,42.28
241079,5.773
161067,41.6
288463,11.55
111290,12.35
34232,12.88
52050,17.66
122507,11.82
225544,20.72
251233,7.88
166575,10.23
272718,30.84
247802,36.44
232075,12.15
29904,12.25
110918,6.504
162854,31.8
297356,10.445
259406,2.31
98170,3.455
149203,23.52
110491,26.56
192148,73.3
125017,132.0
7586,48.4
197231,18.58
60765,22.16
176094,10.85
248046,29.33
180582,11.79
32593,4.36
117549,8.125
101525,10.49
83041,2.963
221378,10.2
101053,39.4
9877,6.94
159463,6.46
236060,32.5
39799,2.44
179314,11.914
227688,2.541
191832,10.72
189110,2.572
50479,7.324
96202,16.83
112095,43.56
240155,19.52
43930,9.81
285812,8.32
219873,42.78
168345,5.586
69467,10.336
243182,38.88
60149,8.56
45154,3.836
100437,51.72
163124,3.412
139060,3.941
37239,22.03
76720,8.484
133737,4.94
101738,13.64
99389,48.22
91068,22.48
35297,4.953
227652,17.25
170548,6.79
5472,18.81
244742,63.34
69049,10.16
4029,27.77
10251,23.05
286454,18.97
217711,3.117
180898,20.1
270749,36.38
132306,3.455
288911,1.956
258790,19.72
253625,32.12
296652,7.05
270791,10.4
245747,41.94
51121,13.414
238391,5.312
89647,6.492
228264,18.36
151955,22.62
100991,34.66
233691,23.05
246073,33.22
258084,2.139
245680,10.4
279921,4.91
130027,7.273
248414,14.22
204373,22.08
147960,43.75
134419,29.03
178502,63.6
19533,39.97
185362,30.23
176524,12.75
135590,21.94
61140,13.24
44279,16.05
67722,40.94
256580,16.45
3079,4.812
63794,11.945
125443,11.086
46369,13.73
40105,16.05
74076,116.4
86248,7.67
36497,7.324
220747,104.25
146616,101.4
130949,8.484
7183,7.438
290802,10.07
46883,2.727
39238,35.3
168576,16.42
203880,12.33
113553,31.1
126049,12.33
210118,40.53
251612,7.273
24156,6.176
149283,13.13
280551,27.33
16760,19.84
54731,6.086
145323,9.484
32983,20.72
207064,10.74
208050,48.22
119378,2.092
181522,11.82
275237,13.73
296203,1.805
195455,52.75
292412,58.5
12705,12.38
9867,10.625
70152,18.97
16773,34.66
151062,31.67
225358,12.56
266198,17.44
258190,7.473
48378,4.855
175340,52.44
195240,101.4
284508,5.08
2445,80.6
90456,13.984
225587,11.28
241157,28.8
51678,7.18
246636,11.26
138361,6.227
135573,21.19
273904,27.89
293537,4.74
127262,9.484
262916,10.35
17622,9.77
230484,10.78
213836,26.19
32293,11.4
168844,24.48
167446,16.77
114092,9.984
97211,118.75
273080,8.055
204512,14.22
109037,9.586
254405,10.445
63813,49.0
56723,10.49
77766,20.89
275800,3.387
128578,7.723
29103,10.875
293272,2.73
141172,12.46
142702,122.06
173160,4.13
37812,5.406
293059,7.81
118363,12.195
64569,19.28
208418,7.117
100194,12.914
87521,4.7
163387,17.98
118374,16.8
15507,6.36
122419,28.97
285349,2.904
32850,13.75
199217,15.586
90759,6.652
179719,22.08
165311,18.89
91464,6.273
253093,14.766
224181,9.336
181962,33.44
165114,4.867
279118,15.266
291828,19.48
33125,3.01
114364,14.34
231380,6.504
196021,55.78
110202,23.1
14337,26.14
227612,10.65
82578,8.32
79639,2.684
218205,32.25
164962,11.79
98839,11.4
211123,28.52
117572,6.08
262396,23.23
16335,10.4
119655,3.826
194938,17.83
258291,28.45
162466,18.1
134377,23.42
37329,15.555
266275,35.94
136752,5.684
244385,8.66
157433,151.5
211853,39.9
6033,23.95
44689,9.71
282879,2.27
211378,66.94
99018,5.86
251627,39.8
236014,33.44
90536,7.49
19871,79.06
240487,9.336
19256,6.58
99771,9.3
175377,47.66
53098,15.016
215134,18.66
116370,18.17
101262,18.39
245428,20.38
231026,38.47
212836,4.406
109189,10.03
113313,10.53
170070,65.9
251882,12.62
262974,10.555
197469,16.6
35654,8.96
283001,2.32
139678,16.97
237811,17.72
197764,19.89
150029,4.2
52760,12.78
136054,8.64
200779,21.23
237695,12.17
19219,24.94
133685,3.66
144138,11.99
283440,8.125
119590,10.336
63897,25.3
26920,7.742
183461,6.61
10013,16.08
151155,7.67
293620,3.072
260549,18.36
205903,16.9
4682,15.88
211148,36.6
106994,2.13
89657,7.64
250964,39.03
189063,11.945
189206,3.525
282048,6.22
25534,9.02
176726,133.6
200728,60.62
134120,12.17
70847,11.64
169485,6.043
163708,16.8
236276,47.2
78131,7.49
175588,18.58
224960,2.959
70787,31.73
39163,4.938
140694,15.14
96686,5.547
99293,7.605
20377,26.08
250518,9.69
166350,12.83
148704,50.28
91336,13.9
224261,11.375
242440,18.2
105495,19.97
140195,47.56
293041,6.21
97887,5.707
7005,29.5
63552,14.64
187024,17.33
95788,4.07
146493,37.12
152587,2.844
228260,11.49
26154,7.133
2410,27.94
198105,6.504
57121,14.22
211809,19.56
275443,20.25
118993,17.25
209667,9.336
217110,5.664
205507,13.08
213047,6.023
140075,8.695
68041,41.34
91258,6.58
280082,10.49
238057,3.951
137552,57.34
118323,30.17
270043,4.234
268070,22.62
13965,17.39
160994,34.38
43743,9.71
207811,10.23
222840,12.75
73239,22.03
141614,8.016
34820,25.34
115016,12.484
1432,15.945
68860,14.86
275798,9.73
284078,10.05
164068,23.05
157097,132.0
259704,24.19
125830,6.58
188807,5.387
165908,23.75
293293,8.79
190056,24.0
137718,11.55
282217,4.285
190011,12.35
89537,11.99
139828,5.668
77745,6.91
266255,7.18
12128,25.88
242567,26.23
77716,7.273
212649,11.4
168284,8.04
243004,14.984
85409,6.7
149896,7.688
298501,12.75
53800,6.504
71210,45.34
263567,3.97
48417,12.75
296976,20.8
56660,10.47
154972,13.3
10683,13.555
132165,16.19
21131,39.1
46662,11.18
156276,19.36
107443,3.223
198100,28.8
156239,2.887
174371,8.77
10051,20.5
156139,6.652
56746,6.94
238591,7.62
25562,1.745
269890,8.32
11015,7.453
229599,39.72
282139,10.92
94529,23.1
128078,11.11
278490,7.844
211308,57.56
245878,3.129
64407,6.652
225100,6.12
238155,13.38
255207,12.23
262433,11.11
279671,20.3
19343,40.06
259810,27.72
69509,31.73
171770,22.12
208376,21.14
7353,12.43
120758,6.973
34045,5.617
194679,13.05
248857,9.18
94816,19.36
267940,3.71
225824,36.38
52226,2.504
236414,16.25
180020,13.05
283676,7.49
18868,40.62
46750,9.81
33897,9.5
134276,2.31
37666,27.83
208967,13.93
214897,24.6
122647,18.31
269421,32.2
87558,22.12
159979,14.7
297843,7.93
100580,7.64
280153,15.75
121545,28.11
188202,12.99
113193,31.03
4140,27.48
273024,13.33
53696,17.33
82721,13.24
106135,12.305
62774,19.2
35580,5.88
257626,15.2
75462,12.23
81193,2.928
180992,12.07
164378,3.252
97054,16.69
108030,21.72
30733,19.69
275314,6.316
3604,141.8
282144,5.766
74188,28.62
273304,9.836
51942,7.453
236879,25.2
17671,8.84
19432,76.0
190223,7.64
256304,6.79
256485,7.15
165801,115.06
17129,29.39
17886,16.34
64556,138.4
225670,13.02
145177,26.03
125369,40.94
169953,23.47
3866,25.61
123754,23.56
268976,8.484
140342,6.305
274614,60.88
262442,7.273
38381,5.902
111125,17.83
30361,14.164
21999,21.45
231128,15.78
13746,12.33
250446,7.95
129333,67.75
79532,8.695
173734,11.13
270872,19.69
55012,31.92
219052,13.22
264820,6.805
256112,3.889
142330,15.14
83280,13.695
106424,35.6
111473,17.77
296484,19.05
153088,5.754
142351,78.75
185185,15.72
199987,125.44
280886,2.23
266199,5.418
216546,25.2
180990,11.18
233334,7.49
179906,12.35
10364,37.12
178750,9.52
66800,13.414
160568,28.34
105212,44.53
235594,20.8
218857,13.47
185679,18.55
52286,8.58
95013,4.91
244945,13.44
57916,12.97
140226,2.053
189429,21.62
96137,4.465
115485,4.715
3939,6.383
79904,17.55
186881,2.035
265217,13.19
53994,7.844
14272,13.93
119529,69.4
272932,11.26
172969,3.785
79889,119.7
211831,6.91
178650,12.07
234576,8.695
6646,29.56
122691,65.1
252435,1.709
164318,3.889
184034,10.13
47934,11.42
265949,12.41
124309,13.08
60901,15.72
287044,3.19
105075,42.44
63636,21.58
126948,13.73
93841,48.72
66393,9.36
237972,22.62
102605,54.47
43748,14.67
136725,13.38
108034,11.945
95832,11.11
175989,13.81
120720,79.7
35280,2.111
83499,10.67
122887,38.2
219306,36.66
270048,3.307
100866,109.75
124061,45.34
295293,4.605
153752,10.47
136035,24.48
27947,3.133
49349,41.2
234602,13.49
69600,18.55
150892,2.566
185448,6.098
88718,2.223
58583,33.9
161783,31.28
234422,4.21
253844,12.305
18044,15.72
169104,13.24
185802,12.56
44391,11.04
147662,27.11
203989,14.19
156187,7.15
7109,5.668
214106,12.78
249425,10.78
255067,8.805
293861,6.035
54639,49.7
100835,42.7
38284,1.925
231257,2.059
3391,18.62
74550,11.87
225315,13.02
245403,20.02
169437,17.98
100145,16.9
130292,9.5
222643,19.4
234411,46.44
104371,17.19
289235,23.84
84274,20.8
90134,5.88
260606,21.77
53170,13.836
217639,4.387
181858,14.89
38005,16.72
164928,4.805
181129,4.055
232924,13.19
188888,17.08
216514,22.72
162252,4.35
163821,25.2
275332,11.55
249192,26.83
13544,6.52
263756,9.3
18809,75.7
95616,13.58
52343,4.305
145197,56.0
173425,19.4
6874,5.137
269437,27.16
21420,10.35
205414,17.88
198562,11.305
282815,2.314
157386,147.4
190240,9.92
219326,21.8
217917,13.93
285359,5.88
190599,2.092
150047,14.49
224395,2.793
269615,18.2
201230,25.81
182897,18.23
89168,5.5
264912,8.91
24091,13.836
179169,2.402
110914,27.61
25632,4.93
190498,15.69
151466,11.72
218613,9.1
125077,19.33
209350,18.62
159205,4.824
119871,10.85
65587,31.22
84142,37.5
256589,24.14
47318,6.227
223854,9.86
5733,25.5
89271,6.625
36085,4.527
216374,6.15
266259,7.605
100789,9.1
128973,8.0
192242,9.02
68847,16.05
156825,138.4
258961,19.33
165446,6.55
36119,12.195
282145,1.88
159253,7.62
257534,12.25
129664,9.42
273098,5.96
139418,17.83
278146,6.316
299362,18.92
164030,12.016
216962,15.39
14141,2.016
56868,16.02
179128,22.48
163365,24.44
137868,25.45
297075,10.76
42342,4.234
107191,9.1
222193,7.688
10357,26.78
169819,67.75
222458,17.25
126361,23.56
71124,22.9
2213,16.83
298711,11.55
180185,12.25
81726,9.69
53142,12.484
262905,7.52
151055,8.87
34812,13.75
158889,13.695
204008,17.98
181178,21.11
119211,18.62
30342,10.625
276165,3.99
1365,41.03
117940,7.49
118241,115.94
110482,10.695
161977,20.12
87485,2.688
52436,3.307
49271,4.47
294426,11.06
176011,3.504
100968,29.56
106316,7.95
22014,19.77
204029,9.26
152997,2.701
30762,4.926
28836,5.8
232768,13.664
52563,15.11
161456,8.45
70282,18.12
191270,10.01
158186,22.95
259700,12.75
145986,70.2
162784,11.2
117838,25.14
265084,14.52
146193,10.01
178310,8.414
277145,3.383
293365,8.195
293795,10.875
199597,4.547
193957,15.85
79527,4.16
101190,12.17
295746,25.14
224596,4.727
54090,11.945
228,10.13
253718,4.61
104854,29.69
78610,7.133
248878,2.773
45174,5.414
167319,7.723
296715,10.31
12300,10.24
226397,14.016
98517,17.55
53955,10.2
271856,5.86
65150,7.34
107370,46.06
203945,6.168
217477,14.64
131215,17.69
52385,19.4
203150,2.94
186912,20.8
59665,24.05
127212,42.7
124664,16.86
39488,4.246
186489,35.3
31086,6.91
2116,122.06
272074,16.08
239150,29.5
112993,7.082
7122,9.4
46548,18.78
265895,4.152
297548,36.1
85430,9.42
146979,56.66
234753,6.195
290207,12.51
55020,31.34
253016,15.36
72911,37.2
256149,15.36
120704,17.77
7990,18.92
108382,21.94
268747,9.77
106639,9.484
117388,9.8
179234,25.25
226574,29.62
84012,9.875
144792,14.95
93706,13.47
199654,13.02
66015,26.45
157204,74.5
197939,27.05
66599,24.69
146421,20.05
222124,14.7
207327,21.14
86036,22.86
24836,22.08
254000,5.766
222941,11.305
131083,4.54
291731,21.45
162067,4.965
188058,7.86
196997,18.7
12971,17.39
93917,7.31
162928,10.29
11294,6.58
11460,2.834
224824,14.67
122098,17.08
108025,13.87
265760,6.434
93116,11.87
73649,11.945
180715,4.266
244294,30.05
94183,9.92
290171,13.13
237343,12.016
75794,4.203
17986,57.12
192405,10.555
279750,11.305
12468,3.404
32860,32.12
18798,39.2
269657,21.45
225042,12.05
31444,6.434
54389,64.6
163525,28.45
162655,31.86
223188,7.88
101311,22.08
287427,2.684
277414,8.87
190850,7.49
184009,8.84
71721,35.6
221665,26.78
89979,8.16
169269,2.264
241107,7.742
155362,18.62
27849,9.06
152628,6.29
181973,13.61
131682,3.588
292355,11.375
40954,8.32
149121,53.8
81567,14.28
178491,14.4
227314,19.52
17753,25.4
266647,13.87
65674,10.58
264639,17.22
201015,7.57
254367,28.45
20867,29.75
124518,15.016
91497,6.06
129649,15.555
185253,3.137
213419,18.73
122243,14.1
217238,24.64
241499,17.36
42271,22.81
261652,9.96
77437,8.16
254598,12.38
128167,29.98
249422,20.02
290007,8.305
73205,29.27
246279,19.8
275141,35.72
87635,6.125
78387,17.11
29171,13.22
224693,13.1
157866,15.49
83723,2.727
17458,23.95
111132,27.83
286819,26.4
6574,25.3
60835,9.6
181566,5.664
120156,7.035
168040,25.25
284840,4.465
81559,15.3
215510,8.32
94248,18.2
132869,11.06
188698,2.184
106234,8.805
140623,7.83
272649,86.56
118429,19.52
3703,17.08
83695,4.773
101105,17.9
187093,3.133
268940,6.895
149630,65.9
245360,15.65
248711,19.44
256769,7.64
180566,20.02
211935,8.125
200918,6.61
263986,51.9
127605,8.92
236348,13.87
73874,23.14
268872,22.39
147731,52.53
209932,57.8
20141,36.97
63041,13.984
185657,2.406
136991,8.83
44550,10.65
113962,4.133
120646,10.53
153137,7.49
28879,10.83
169827,58.72
36881,26.67
224579,13.81
176006,8.43
120668,27.83
200082,16.28
132493,13.64
56584,8.79
45940,6.348
230360,59.2
275216,55.12
277230,16.66
4857,44.34
56145,11.42
267559,6.715
170751,4.75
200591,14.4
25062,2.607
41592,2.658
215723,30.9
103340,6.477
210700,31.22
155724,9.28
77704,132.0
208285,43.56
180736,16.42
103513,6.594
168365,11.72
242439,14.07
256974,17.25
5696,10.266
188344,3.79
46827,12.195
18254,27.48
57247,25.14
283427,4.406
21009,27.48
129278,5.484
99752,4.42
179627,9.16
141462,27.27
195163,48.8
231135,21.58
18673,5.98
96602,6.043
198201,9.77
161511,103.44
246002,49.0
232629,16.14
77666,21.06
44906,8.4
266802,11.945
84986,13.93
290765,32.78
68107,3.332
63903,15.945
292691,6.836
210470,7.914
193701,4.54
193552,10.805
275319,7.605
149556,20.8
51973,11.06
287210,45.44
89821,10.53
82078,8.305
76003,7.555
120241,3.469
227906,5.32
257776,7.293
108537,28.34
130093,36.16
166900,12.12
205893,7.15
82,8.75
146267,10.16
129415,13.35
246778,17.83
156240,5.223
198504,13.73
27450,47.47
136030,19.8
235390,53.8
190962,11.11
169772,9.65
209232,12.99
193907,25.56
194240,2.387
34763,2.904
223738,9.42
268722,3.43
254385,12.43
123904,14.37
289808,15.08
252385,44.53
184473,8.734
44536,21.45
159563,9.86
46733,5.84
137353,10.51
6772,31.53
245474,15.88
248180,15.234
238201,14.61
182023,5.875
91978,7.438
148357,15.11
168210,24.39
17791,41.6
237409,7.895
172993,19.64
50842,17.58
293693,15.14
68998,24.05
257871,27.94
232236,5.81
117754,11.57
126239,4.375
120578,18.23
194735,4.645
192102,140.6
94516,21.62
265109,8.305
189624,5.383
274728,10.695
24242,19.89
7042,28.56
132574,14.92
291108,6.85
136527,4.93
234178,4.38
211380,65.4
225167,12.17
154200,4.344
290382,7.242
135432,6.535
209127,33.5
71,10.625
208488,68.3
56141,11.16
228963,19.72
237361,9.3
202671,24.05
55347,30.9
96003,22.48
128192,19.77
172061,19.77
4858,46.25
137869,34.3
64086,11.04
204696,9.69
296732,21.4
69394,27.94
225707,23.66
196508,58.72
274152,8.195
116,12.38
92689,4.62
77045,22.3
159341,3.678
19752,27.48
16825,40.06
115446,15.81
209389,25.2
112212,23.14
38946,5.17
153911,15.14
234547,17.88
226780,9.75
257,39.9
5853,10.74
14206,37.72
108873,7.54
17597,28.97
286179,63.34
61242,14.64
251024,12.38
179306,29.33
237332,8.34
129808,8.55
44732,30.47
221867,5.555
269733,2.982
23215,23.23
183157,5.668
7188,25.14
23670,6.805
23874,14.58
38397,5.383
10657,12.54
83400,22.39
147149,34.94
122341,16.14
214800,27.33
139064,76.3
250058,3.932
135195,73.94
196557,51.9
113443,11.55
296641,8.14
245225,16.9
234708,26.5
275821,7.81
125210,11.2
60736,9.9
81798,5.266
25699,18.36
85483,148.0
61980,36.38
124889,10.83
248686,72.75
115040,15.3
96128,20.42
285707,8.92
62960,33.84
142499,76.6
198720,8.79
51793,26.34
40425,9.3
249912,22.39
271181,10.58
220317,23.1
185187,11.47
81285,2.781
19311,94.06
205101,15.46
4806,20.89
278803,21.02
69136,11.84
145908,57.34
48787,4.78
207709,21.45
212793,24.84
72519,7.438
21773,6.535
235037,31.53
46811,7.324
222105,31.16
263460,7.34
281004,10.31
226276,22.86
167129,10.29
248073,50.78
175749,21.11
123816,7.355
172336,24.73
224778,18.55
181106,17.94
116408,24.48
63628,2.654
159836,9.75
102748,12.56
74106,11.49
103620,7.242
118174,16.9
230656,49.7
94389,10.09
37783,13.02
75111,10.24
196363,86.25
274993,9.06
38824,30.05
161304,76.3
211774,13.87
55272,7.688
228038,13.27
183224,48.72
86427,8.21
255354,14.49
156189,2.14
140405,6.535
51569,27.61
206947,15.49
214200,20.6
49602,3.193
178628,5.812
103932,11.766
154514,6.715
114358,3.547
273017,6.684
132455,15.39
245955,6.758
5765,8.25
155712,12.97
114946,3.477
46782,8.36
281091,4.79
161772,108.9
208703,11.23
135143,10.625
28936,3.955
62831,12.33
91483,19.64
65567,37.4
40043,7.57
97544,9.875
114383,14.05
222331,5.08
202516,9.625
216425,30.78
256005,11.26
168469,12.94
213331,16.52
68525,4.23
169743,9.69
201895,12.62
198689,3.156
71461,17.33
113584,4.016
60487,6.773
6647,17.9
95439,7.066
45972,8.805
283120,20.97
263085,146.9
31087,14.164
206418,68.3
146855,14.95
22969,5.688
231306,11.13
94840,7.83
162754,8.734
152505,20.25
89421,32.56
44895,20.02
102439,41.28
219403,13.61
239052,28.28
1521,25.1
46825,9.38
156577,46.16
166987,15.08
273328,11.52
222874,2.785
231067,20.12
277643,13.9
132703,18.55
85002,12.64
42297,8.58
17802,12.46
20287,79.06
80099,48.8
197117,46.34
171134,11.16
62468,13.49
197809,6.004
62189,8.734
270229,4.727
59354,7.42
232108,22.34
197421,24.44
230398,6.504
156473,15.914
109239,6.28
65109,6.418
154975,5.008
281467,24.05
288818,3.088
91216,23.95
149740,65.6
55153,5.47
153149,4.164
7931,30.6
282913,2.572
95133,13.1
211817,11.33
83144,17.36
48121,4.453
230513,21.72
117273,14.766
188722,2.42
218178,40.78
117004,12.914
158989,14.46
84321,2.166
104835,16.08
85793,12.305
38514,8.96
292236,6.316
165832,14.22
72381,15.914
41113,7.844
44357,9.04
186753,15.555
236470,23.28
143663,78.75
100641,13.33
32791,4.562
2488,34.88
209423,4.867
259058,14.555
199479,8.266
265820,20.94
131028,16.38
288768,25.81
58862,18.58
191198,62.84
134738,6.926
226699,25.56
3243,5.555
17921,58.72
259606,59.66
279954,6.805
101019,12.86
24527,6.504
170148,25.25
27682,13.47
251134,6.91
264748,21.67
175587,7.81
181917,8.71
144175,28.69
13792,24.48
26875,9.5
249580,2.668
174993,12.05
6938,35.1
16294,10.266
92144,14.86
153035,6.29
59657,17.47
231044,42.28
77934,3.547
50184,22.39
98861,23.95
208168,11.26
125211,12.914
167634,25.5
211057,9.28
38151,15.14
128919,9.44
192258,12.41
145060,77.8
7611,4.73
62985,25.34
91255,4.54
97760,3.951
282405,6.434
135789,8.29
276202,7.688
175361,19.56
61127,17.22
733,4.582
53694,13.555
80202,14.19
75237,7.742
232545,20.38
212313,12.195
161897,132.5
120598,28.11
62653,20.25
95350,9.12
141890,41.44
168671,8.58
229056,11.16
34984,2.834
79368,3.06
268766,8.305
237619,6.535
226199,17.77
102868,29.16
16867,8.984
137115,20.05
194689,36.16
38649,6.023
149275,25.1
185352,15.62
93399,3.348
122047,46.06
285186,5.668
277474,3.223
221703,15.98
295481,67.2
8837,5.375
261199,15.945
244795,11.23
259850,9.336
34537,6.324
135333,3.482
103949,12.805
162977,6.36
192550,9.4
8377,20.55
28940,8.43
225833,3.605
298513,9.875
82392,3.018
269778,7.273
157071,14.22
93353,11.695
26745,14.31
45108,5.047
106873,18.5
229953,13.13
291389,14.34
215531,8.984
67432,16.69
12198,11.06
291044,21.94
219590,2.05
249223,51.8
149728,22.48
211158,5.254
142395,26.61
227681,32.62
138410,15.98
73640,91.5
111992,5.703
95166,5.625
200544,2.562
237478,11.06
246047,17.61
290486,26.83
80094,18.81
68079,21.28
284248,29.45
258945,4.715
45248,14.19
277476,5.867
247910,10.97
279184,15.49
261049,11.11
80061,4.434
277893,5.723
296541,14.734
110583,14.25
109809,30.9
211919,6.434
219286,8.414
248925,15.69
190934,7.758
172463,7.004
218061,6.58
103073,9.16
149297,9.04
259739,21.8
248146,3.803
279281,3.78
73353,8.52
184017,32.62
111950,3.795
129739,121.06
209982,12.15
179481,50.78
152759,8.32
100566,28.05
17503,24.39
109623,19.0
62469,13.64
120972,4.215
121299,16.77
287663,19.89
103963,23.28
55244,36.22
33330,32.78
69703,13.81
182275,15.39
235352,131.5
54765,6.133
179871,25.4
151539,13.19
119771,13.64
104084,6.883
200899,19.44
138326,5.1
88385,8.36
161316,7.914
71813,20.17
184889,33.56
220701,32.56
93125,18.97
2906,27.44
115091,9.65
158185,7.31
170843,9.44
202858,10.4
2094,35.94
54226,65.4
135997,20.67
262935,21.98
102173,21.84
154353,8.45
281464,8.734
211084,10.09
60131,31.53
150271,3.611
106327,11.04
232810,15.42
234362,6.29
109573,19.61
197715,124.0
105128,21.14
56561,7.742
207459,14.46
186505,8.47
278484,10.09
110540,17.77
110123,7.164
198013,14.05
131421,129.5
148490,26.67
93411,4.27
229457,41.03
263021,10.09
218595,11.16
201650,33.5
266609,4.21
224389,5.867
170207,19.33
185396,10.83
51036,45.88
71736,5.934
210970,5.875
60644,5.793
51141,52.22
74227,3.377
263540,16.9
280953,15.08
123828,15.266
146681,52.03
279731,25.1
36409,21.5
191124,30.42
106111,28.17
31477,5.715
290330,7.473
271465,9.92
128219,19.36
105528,8.6
185629,10.31
17487,15.72
82533,3.318
3739,20.77
172401,24.48
170952,7.773
95803,12.62
206874,13.61
30245,9.4
173156,6.07
239334,7.066
30971,17.9
186218,3.244
41154,16.25
553,17.14
101542,15.49
82159,10.9
194895,2.625
121535,10.18
202112,12.38
163789,5.793
49157,10.35
266225,2.086
134115,3.137
4687,20.02
192185,28.75
175017,35.3
294289,8.195
122418,35.94
159108,10.99
162445,37.5
263919,17.69
106298,24.55
269467,4.824
27502,16.97
90583,16.52
261313,10.18
108618,2.498
153966,7.504
285599,9.36
42773,7.64
185519,10.99
1724,29.92
89374,25.72
97219,96.7
19744,48.3
120050,5.637
296952,10.01
152936,21.14
100408,10.23
190263,15.49
289637,13.02
16158,13.95
141878,10.555
143836,59.2
96381,31.4
63968,10.6
239058,33.16
94860,18.92
253922,16.8
139990,6.46
101764,9.984
146595,26.03
3943,10.6
137939,5.07
88765,9.9
113283,3.197
236801,17.11
279288,6.24
105888,27.33
24939,41.78
176389,10.2
184547,3.592
35316,4.844
168496,17.94
129599,13.87
258295,6.895
186656,3.021
175578,6.008
180101,3.684
282254,8.66
25162,6.39
27419,3.922
33341,3.473
20954,28.69
146553,56.66
178181,6.098
144527,8.71
54094,14.4
105071,1.908
213720,27.05
144729,2.229
205512,9.46
206549,12.54
38821,7.81
232819,5.97
280637,36.6
125526,9.26
103213,20.6
138111,18.23
197516,33.9
24238,16.22
179172,19.0
92955,20.55
3591,101.4
189378,21.11
244321,51.0
71501,17.47
15136,22.62
165802,54.47
214777,22.67
253797,8.88
111350,24.3
173014,6.184
156883,62.34
265556,5.723
54851,12.99
88647,15.42
23878,40.47
39034,6.715
66583,28.75
45116,7.57
178616,6.07
123555,11.4
142338,56.9
165371,12.88
153478,2.494
50464,9.664
268332,7.62
279053,5.99
10468,3.145
94506,17.5
155877,7.242
228130,37.2
235511,67.5
85375,8.984
177342,12.75
190137,16.28
253160,12.43
139139,1.905
27588,12.99
268917,32.56
72220,8.414
225538,6.445
169886,30.05
192681,23.0
260777,23.66
86850,6.73
39190,8.91
155359,37.62
52967,20.5
277430,4.48
231680,104.6
70437,5.11
114140,7.164
147434,38.94
147217,16.05
19012,61.12
102821,9.625
207481,28.62
179267,105.06
62938,6.836
289124,8.77
42239,13.22
286490,2.26
164232,2.576
39069,18.84
10208,6.836
116304,6.05
33444,6.773
34139,7.258
101694,4.152
207444,5.668
157798,10.76
201930,12.195
17754,21.5
295661,10.83
263699,14.86
19075,14.34
89249,24.73
215327,6.926
256645,5.457
45817,32.97
76479,3.148
132470,14.67
43422,2.43
10695,23.61
19788,50.9
59660,130.5
243130,29.16
44215,11.84
139062,18.47
14992,27.48
60312,28.45
120721,12.83
10497,7.293
271042,13.695
39512,4.402
174218,17.77
147989,74.5
242344,58.72
79143,87.6
78019,19.48
236110,14.83
35171,6.445
45628,36.38
176754,23.8
269480,5.93
288328,14.4
7945,14.07
106246,10.6
163075,26.78
76567,16.25
140284,6.652
171911,11.305
289027,18.36
70791,9.1
256656,13.35
152856,8.79
194437,11.84
127276,21.06
170018,27.11
67325,28.05
53074,10.58
186824,11.72
113866,29.62
90980,27.66
209314,121.56
171161,23.95
287903,9.81
56121,14.89
174800,9.22
124488,29.33
13574,19.97
225817,6.273
59602,22.48
52604,34.8
24525,10.2
170790,13.05
140012,5.668
276371,12.25
92272,53.6
182886,5.266
83779,28.28
251457,34.47
298563,1.891
135224,16.77
204787,9.9
260583,10.29
66304,6.684
109972,4.637
18018,15.2
73595,26.03
8828,23.75
282050,9.02
184122,10.24
31834,5.12
149344,38.47
32811,10.65
215739,12.27
247720,28.34
82688,7.21
193879,12.33
255075,11.18
118585,12.016
111837,52.97
35569,9.77
143937,22.03
167756,17.9
145501,98.6
113746,2.43
66091,10.6
30169,7.39
280990,6.73
10267,20.17
111407,26.83
73150,44.53
140429,2.016
185910,26.78
141216,11.87
40856,9.38
294553,9.36
261646,19.8
132910,33.9
291932,29.86
241334,17.44
215220,20.67
253489,22.62
291197,9.4
290703,6.34
8104,28.56
113305,11.89
243116,8.29
142604,20.25
1942,110.56
273395,17.0
166955,11.445
75479,6.883
217414,39.56
277583,8.484
49698,5.33
97210,140.6
172412,17.36
159491,12.12
182327,18.73
167782,21.77
254374,9.46
9537,14.1
277440,9.24
82567,4.84
125545,4.234
93724,41.78
80567,7.227
267684,35.94
135309,26.78
289927,19.72
189404,31.53
196779,5.11
175480,75.1
264784,6.46
43311,16.94
4237,11.13
149199,54.25
74178,7.324
191866,8.07
168068,38.47
55276,10.85
259544,29.39
254569,20.89
79747,10.85
238302,31.03
56433,16.72
260235,9.02
41795,14.984
82697,4.605
281880,3.014
15890,13.836
147397,29.62
78107,7.707
238613,21.98
43520,9.875
236373,90.06
217627,14.64
110398,54.03
45463,8.4
9413,7.984
3900,16.45
297622,17.19
285081,14.43
86049,10.07
182444,25.14
155768,21.36
5139,66.44
246119,2.219
269067,2.166
159501,6.29
172301,7.227
269328,16.62
101416,50.7
56925,5.2
36362,18.73
177450,6.973
104349,10.31
282278,2.35
296356,9.5
54351,10.58
228162,14.28
189222,25.66
35399,7.773
45231,14.52
3155,2.457
26451,4.684
290834,46.53
175934,6.46
115883,34.03
276711,4.18
228451,16.77
22979,6.773
9610,31.67
214602,4.605
191700,7.293
277822,7.082
108350,9.46
69459,36.0
80792,6.58
161943,10.6
216117,31.92
71168,10.695
250330,8.086
40544,67.75
93893,4.25
225377,12.05
272101,27.22
98347,22.08
201929,11.33
257899,9.73
241821,36.1
262153,8.195
205902,8.984
81927,6.758
297386,6.203
31545,5.76
291469,14.164
58827,7.64
155062,11.62
8847,45.16
134560,10.85
269090,32.84
59171,9.336
29527,9.984
54169,6.85
24685,17.28
126531,44.2
83800,17.08
295125,17.28
190130,9.586
203036,14.555
132076,12.67
282680,12.07
290883,23.28
59049,6.16
85737,4.285
12567,28.05
111895,23.28
76890,34.38
178074,5.11
125877,3.096
47343,11.62
191901,8.34
196258,65.9
174568,18.84
267857,91.9
229123,13.81
199596,11.13
218347,27.33
105210,15.75
289259,9.12
124907,15.3
1803,44.1
31365,9.71
43386,6.99
70717,32.7
151135,15.36
293984,14.37
233812,14.52
79138,37.78
15265,23.9
64394,7.258
297694,9.69
239578,15.914
145344,17.08
198243,31.16
236355,32.44
2052,40.12
38226,7.504
204006,13.695
23953,16.66
234002,34.12
233970,42.78
138677,14.95
26326,11.52
223019,11.664
121964,11.13
159447,4.453
149085,28.86
238843,15.05
242893,5.617
253089,25.92
64902,4.74
48294,10.625
159376,27.0
260034,21.19
111749,27.22
194320,37.2
251865,13.27
246841,7.42
261669,9.3
266627,5.98
275150,6.926
290438,12.09
3093,9.75
121321,9.69
140085,11.97
186829,10.65
174398,3.465
63376,21.94
41784,5.426
147475,8.51
81089,25.45
287179,40.22
173946,14.22
234646,12.484
110971,16.72
268675,12.38
214112,35.03
272265,9.69
248386,44.34
167687,54.9
36899,28.28
291863,6.957
58587,46.06
282180,3.656
194681,4.617
178318,2.594
226354,4.69
278012,26.23
143784,14.37
51459,20.05
256635,7.438
43543,28.39
209628,20.02
40711,5.746
284977,7.082
38316,5.914
84709,7.88
265483,1.668
17211,27.77
238378,12.305
20588,40.62
281008,12.914
22013,15.11
47813,18.84
171325,17.94
242621,6.418
29526,14.92
171141,3.553
168878,19.69
280254,7.035
187341,44.44
263387,5.188
83957,155.8
260520,10.67
54183,28.86
32519,33.97
87099,10.05
41572,6.973
25897,13.38
235774,46.9
114173,6.594
204386,12.94
53583,13.984
73492,3.408
52945,16.86
218918,10.85
7539,34.38
253079,6.402
183191,9.46
149149,8.125
272205,36.53
59337,18.62
273185,12.75
152779,23.7
211703,25.4
36777,7.895
52900,10.76
283966,16.97
253683,37.56
125323,9.3
148884,16.55
156450,13.555
220961,91.9
205911,5.63
143449,17.08
73368,9.24
159127,10.42
59750,30.66
26763,6.26
133051,10.85
157794,6.625
49061,23.1
75759,3.87
161480,110.2
196976,13.414
252230,31.1
186936,3.318
165078,15.85
215765,18.39
240982,17.88
161731,148.0
76942,14.92
19733,66.2
191258,27.48
254155,8.195
22489,25.2
18703,12.86
16545,10.29
96521,18.23
229081,36.75
79525,46.9
227343,10.266
130090,4.73
296622,10.85
114629,15.65
127782,26.5
268830,13.81
67579,7.93
109444,9.69
38708,16.52
117608,6.926
64532,10.47
11391,6.85
183799,2.807
33059,29.69
109591,30.11
117469,10.92
187959,31.4
217849,23.47
139493,6.742
29232,17.66
71512,3.584
62903,12.78
24129,28.05
291825,101.8
85641,14.37
143999,16.22
216068,30.84
200287,5.09
4047,94.06
170081,9.65
259929,15.3
219769,54.9
256382,11.26
291705,44.88
83988,10.05
24940,13.02
16771,6.402
262364,17.11
231311,3.121
139829,14.734
13562,16.05
167667,4.95
57428,21.8
86938,8.484
230964,15.49
163107,5.215
217761,12.59
100148,12.195
273730,7.88
214943,14.766
205894,8.91
94410,31.86
51810,10.695
107705,19.89
194794,10.13
275777,3.86
298254,12.09
208181,13.64
260820,8.34
283368,2.13
85160,14.766
193185,12.016
106320,5.625
63140,8.91
21227,19.8
56644,27.94
82805,6.594
58996,19.8
207353,33.44
88901,6.715
179056,11.914
288267,9.04
244718,30.6
94984,25.77
159806,19.33
108192,19.28
153860,18.5
294081,55.56
220170,24.55
55701,31.92
240494,21.11
137751,6.297
5830,3.941
1757,44.25
272226,14.8
77565,12.23
123594,16.08
160462,6.203
56850,10.23
87718,6.61
105678,9.22
218323,29.56
210686,82.25
173478,12.73
59043,16.97
143291,9.12
29269,6.742
217824,2.848
15068,34.2
263876,14.734
26887,18.02
266576,18.1
75459,11.99
22355,31.4
93716,17.55
27340,102.6
39260,18.7
193697,5.297
231616,3.701
174859,8.79
267894,15.42
29140,31.16
180446,44.62
118690,5.766
247590,69.1
291765,77.8
172839,11.766
42925,6.957
182911,23.05
289203,27.16
2650,76.3
129095,33.9
204988,10.29
53111,10.83
156805,68.8
273907,10.07
23263,9.14
129463,9.52
83321,6.08
56263,21.72
133322,35.8
161243,18.73
296580,13.695
147902,14.4
143990,49.2
184396,34.3
13064,7.688
80625,15.52
155786,10.78
106905,17.11
247293,14.28
115645,12.305
165783,10.05
211224,10.13
136164,42.7
190487,6.24
173259,14.016
42073,4.527
244796,12.41
12251,12.33
237321,18.31
267130,25.05
139535,2.895
131279,11.42
123085,13.73
94756,16.11
98567,12.695
207323,21.28
89416,22.08
279585,17.83
153315,36.53
195293,50.5
186104,11.16
116052,9.8
189439,3.697
242379,11.57
22104,29.1
171406,37.03
206179,12.305
288949,16.69
36861,13.05
38302,8.88
1158,16.72
185930,9.52
277780,2.006
130571,39.2
119343,10.47
88564,52.03
198742,20.97
103180,20.3
64202,11.23
55546,4.145
26455,4.168
14263,7.117
160574,8.055
220195,9.195
288016,9.73
193504,11.52
92981,45.34
12324,36.3
108165,4.83
183214,5.18
79949,4.062
37846,11.99
287159,25.72
146145,97.5
105077,6.184
166090,7.117
176172,37.2
253269,13.44
45814,7.34
37473,7.605
263113,131.5
37901,11.64
140079,25.61
42095,5.92
204247,16.94
247055,22.67
255129,24.6
232546,23.1
123958,8.086
59999,41.84
272480,6.85
52650,19.05
121652,48.72
125274,2.42
295198,10.53
139548,9.65
40345,6.58
177010,12.38
130530,14.7
83764,17.77
155559,26.83
91210,11.55
216504,6.973
4886,5.258
254756,23.1
83064,13.95
210943,9.52
290456,7.05
188175,12.78
276851,11.26
52861,7.914
245571,24.48
281709,2.871
182859,12.695
130670,17.36
131220,13.05
153695,6.227
209849,26.03
79738,11.47
257293,19.61
95642,12.73
259123,4.277
59264,12.75
278995,16.38
135326,21.06
220083,7.035
10620,42.2
203464,5.906
45216,1.843
282903,1.67
128053,21.62
6040,24.8
254704,10.03
297243,41.78
107376,6.35
116707,20.84
41819,12.695
156679,5.98
146830,26.83
23347,14.43
160466,5.516
112233,17.11
263289,21.72
189835,4.977
202250,15.555
113362,9.5
20509,132.0
58976,21.89
59724,140.1
238045,22.03
191994,15.98
87773,44.8
124258,13.24
51700,20.5
17734,6.91
55296,24.14
226897,3.86
23998,6.504
117930,9.24
24587,16.38
299294,31.22
146003,26.61
262699,11.18
175285,16.83
176226,3.434
140600,6.492
63113,5.02
109159,8.96
11416,14.8
157119,137.9
64627,5.15
206579,6.61
198361,26.3
143854,24.14
54860,7.098
224469,13.984
44617,9.71
204490,17.22
19804,55.34
148591,35.22
105784,26.78
143644,41.53
13185,13.984
113591,9.32
37339,16.9
163344,41.53
223254,36.44
120555,10.53
73509,22.44
94391,4.297
212380,10.07
56849,12.805
246846,6.445
234359,43.66
83274,9.69
278575,10.445
174759,4.484
124463,10.375
243724,26.67
6140,20.55
121600,19.64
162171,3.809
143533,15.914
159540,10.945
169008,2.49
109306,15.2
180193,10.58
86586,15.945
39293,23.75
20614,24.3
62406,12.46
294250,2.541
103115,18.05
212878,24.05
114785,18.89
147564,9.04
69619,13.9
262122,10.07
168747,12.195
243607,12.78
235970,22.48
111817,9.664
139724,12.88
182310,17.47
85122,17.0
108903,17.94
111546,67.5
52848,9.55
213268,38.03
118058,94.8
46086,21.67
84243,8.75
27238,2.182
74060,37.72
98879,8.67
132054,19.25
122684,13.64
131971,11.99
64589,3.553
269037,8.58
255194,111.0
219895,11.52
222823,8.55
276482,1.745
273571,13.49
296254,9.4
11355,11.62
225410,21.98
252593,4.89
262374,11.59
293387,12.17
73136,8.67
296970,10.266
289323,8.87
174268,6.652
148993,4.418
53459,27.22
157471,113.25
94123,8.16
292677,12.195
272176,4.844
143082,17.36
84277,11.64
200675,39.03
195883,63.34
50465,13.73
123678,14.34
272985,2.059
141688,12.27
283474,7.37
4412,15.88
188193,7.59
154903,6.445
227101,21.94
135722,11.84
205454,10.78
22716,21.11
77977,34.88
259074,10.4
215905,5.17
217277,2.611
175758,6.332
286080,8.87
233463,47.66
249774,12.46
138303,6.867
45986,10.53
119607,19.08
52200,10.16
225454,10.03
145283,57.12
23940,37.78
89268,13.9
186645,15.2
262682,8.64
103985,12.25
145286,85.56
127867,19.2
208640,15.555
186504,14.37
242178,31.1
215578,16.28
161284,118.25
203247,19.2
108363,18.36
28094,26.3
160543,18.02
264427,8.91
200109,26.94
177390,11.375
5224,8.87
202492,24.55
243106,15.016
72108,15.69
85236,24.3
272128,13.984
3293,17.77
37539,16.38
242051,24.89
28911,6.973
47369,2.309
84204,59.9
225144,33.97
78439,16.02
230214,12.97
18403,60.62
280968,9.08
87651,23.95
258406,10.375
47873,6.625
119478,14.05
8892,1.835
74232,15.11
100758,14.92
289436,10.375
211688,64.4
106809,20.97
136830,49.3
53303,7.605
178359,4.984
175599,82.25
11444,9.14
247857,30.3
10037,9.1
80125,38.4
28737,12.59
296249,7.453
103651,6.34
49430,8.75
271490,2.357
205378,27.89
104984,12.695
190659,5.418
157362,138.4
123105,12.016
126040,34.03
188001,5.98
261696,12.25
49257,4.42
246161,24.23
113020,42.28
168893,9.86
249319,9.12
102897,5.414
239592,91.1
65974,78.1
5468,6.035
17572,8.51
239370,8.77
164813,33.5
161124,60.16
279586,4.74
17467,10.445
188032,17.66
144254,39.2
171705,14.86
254493,22.72
268290,11.42
55461,25.3
57279,7.242
150634,13.27
247321,24.34
172738,4.06
152135,24.34
251531,18.73
204698,20.77
294491,13.16
102800,10.945
102169,21.19
212554,19.08
200106,28.69
31041,20.8
14072,19.92
174169,115.5
118602,12.23
26831,4.633
78053,12.695
135869,28.0
269928,6.55
131097,10.336
33399,6.195
20966,17.55
128450,5.32
244666,12.54
286397,3.404
286814,2.756
207471,9.71
136647,28.34
75494,4.875
186154,61.34
443,20.72
299394,16.83
86117,2.203
194697,11.62
213996,58.03
180288,13.24
139023,6.773
80513,16.31
229594,35.1
143915,53.28
95461,6.156
190000,30.78
25552,9.945
29235,3.494
46622,8.25
260754,6.91
214483,4.09
104457,23.33
68649,22.81
287833,5.12
12015,7.355
163941,12.195
290628,7.83
107747,11.55
292053,7.37
284856,10.445
108702,13.33
146125,68.0
59991,10.01
212124,68.56
161831,101.4
146112,78.75
227207,1.849
111693,13.22
105654,4.203
139085,68.56
155153,6.492
287420,7.555
17107,20.3
248008,43.47
291256,6.836
253727,10.72
29695,4.41
299001,27.05
290956,111.94
91092,23.75
14426,18.58
237815,9.9
97409,4.24
72988,19.28
197911,29.16
50029,9.52
182874,2.62
59737,47.75
46261,5.023
249201,12.27
128823,75.7
268281,27.44
202728,49.78
57861,33.97
217524,13.555
64684,10.35
55714,8.43
258303,8.77
287479,2.178
205335,23.56
147098,14.34
58054,136.2
135714,12.43
1867,71.06
197940,12.64
156673,38.78
106212,10.97
49962,11.55
118569,40.78
36994,3.43
168654,15.33
239673,8.62
232850,7.504
181201,23.61
208328,34.88
155797,8.805
107560,8.734
175126,16.02
188779,14.92
186300,6.715
260460,19.56
7421,12.67
146050,26.61
183694,25.14
32657,19.52
99450,79.06
87174,4.85
168337,6.16
181680,6.195
139875,7.54
123060,15.88
252790,5.246
297890,4.51
33683,5.742
275685,28.56
141105,18.39
248755,10.555
295917,8.734
31709,4.754
182526,15.52
38056,9.16
72771,7.21
290691,17.39
262639,5.133
40760,14.25
256297,4.594
203758,10.266
98582,54.9
22659,15.05
79374,11.375
291417,14.83
134117,12.195
33142,16.48
223320,2.904
261274,33.38
137586,20.02
9880,21.31
241527,13.24
230463,8.51
39232,4.76
158778,44.44
49094,15.266
254357,10.58
146587,51.72
37549,6.14
258976,20.47
238074,31.34
105909,10.01
137096,79.4
179086,21.72
181862,6.31
239610,6.34
82922,6.348
158880,6.85
151504,29.1
87684,2.168
245161,27.77
285934,11.64
55237,44.25
251798,3.43
289149,16.31
197306,20.77
68120,9.836
69650,14.43
152807,18.66
212137,55.12
136898,19.08
6369,4.766
103380,25.05
52828,24.94
158713,12.27
198402,34.94
206676,19.64
19006,65.6
39102,11.47
254468,2.344
153779,15.555
51933,12.54
76407,49.78
38178,58.97
40702,10.72
179615,9.96
65181,17.22
199714,9.77
286531,1.885
132181,3.832
159742,23.7
261707,18.39
101678,2.264
91964,46.72
63734,7.88
277315,24.84
150621,2.68
39299,6.504
150429,24.05
117221,17.88
123797,4.867
54236,25.3
213565,21.23
35151,5.223
210790,15.98
21823,23.56
216137,6.73
85733,4.805
260463,7.21
139372,3.053
288580,2.447
120574,16.28
204967,35.03
102690,6.273
126478,4.44
143801,70.75
27973,6.348
79036,11.375
186751,7.035
168475,16.38
136522,2.24
184605,41.03
195149,13.414
243135,22.72
122511,10.58
19431,57.8
30278,10.78
237909,27.89
173747,10.51
11690,30.6
67414,10.35
35742,10.07
209746,2.527
17061,10.85
21045,58.28
126394,23.47
149988,36.8
26333,9.81
159314,3.34
76216,13.27
234586,43.56
19984,39.5
235417,30.9
230888,6.348
141736,12.88
222364,60.88
21048,76.3
143004,62.34
11804,8.64
147801,23.38
296875,5.668
120138,22.72
164298,12.15
157079,157.6
285615,28.92
41250,27.05
29795,8.66
132280,30.3
202420,11.72
130218,6.58
239053,17.61
270111,4.984
170296,5.285
189684,16.72
7388,28.92
56112,9.96
227362,18.28
42779,11.945
100502,10.6
183696,99.0
177472,7.83
193491,24.8
73221,15.69
140854,7.34
39819,10.47
184006,30.9
199192,8.4
109265,58.5
77214,8.29
4808,9.36
148867,43.47
230716,38.25
167007,5.37
185573,52.97
242294,33.78
117415,51.4
193220,15.85
160100,3.39
198857,4.83
212880,11.87
88106,9.65
126901,36.1
20893,38.25
284212,6.99
15232,15.2
16945,37.94
92210,6.098
17628,4.332
277029,18.28
116562,8.43
124326,3.268
70013,23.0
70423,10.9
192872,13.05
103725,21.89
232611,13.16
247192,27.94
43798,8.83
26046,27.55
70734,64.9
24691,8.016
103246,16.72
165800,13.47
60715,63.84
191801,30.3
198737,23.52
187968,8.29
7317,12.38
261752,6.594
3779,19.28
220841,13.81
229689,32.25
267299,4.09
51932,26.94
57573,18.36
230465,14.28
197400,18.97
16225,89.4
266794,6.52
169491,7.34
204488,5.83
167257,6.715
56779,16.52
290551,10.76
15431,11.664
261369,18.7
236342,32.7
147092,5.63
259158,10.13
295017,3.598
242118,26.03
149175,11.97
198175,25.0
69389,12.25
126366,9.586
99851,33.38
143396,9.56
143068,27.66
151233,31.73
136046,3.742
47227,4.375
245509,2.611
103833,7.355
175078,21.62
297267,13.3
27154,8.47
80615,2.068
9210,14.92
185545,3.578
159678,8.51
98112,26.5
210660,3.201
77300,2.89
290622,6.492
169042,4.633
268889,2.35
178805,134.1
245532,14.07
70081,17.72
117266,46.8
136153,9.26
298498,12.305
150274,6.203
160533,5.33
226861,18.47
281926,7.86
255901,15.14
88744,5.12
18695,29.39
112230,18.55
104703,11.375
127819,22.08
185202,18.62
3938,17.36
151259,12.805
232942,13.58
263691,13.22
114550,30.47
284598,9.55
132501,13.22
121747,10.85
168452,15.2
277932,18.02
238046,3.688
86300,2.943
280046,13.75
28008,5.895
198815,16.05
226324,27.66
263874,12.99
233717,40.06
249044,27.72
297939,12.88
16614,30.72
129201,20.8
5694,30.84
298828,19.4
238286,13.664
99899,13.35
184914,6.535
272468,18.2
257096,18.17
230763,25.92
84389,9.36
70762,3.605
49348,8.56
298046,23.42
232101,11.74
60475,11.74
50933,14.89
192054,7.81
168925,16.8
130942,41.2
287155,7.844
283680,26.72
33971,3.416
148283,81.94
95736,16.38
29579,62.34
187930,8.83
54929,13.61
69668,13.414
176050,23.38
54801,3.244
116856,24.8
208078,34.3
274420,5.03
106331,87.94
36105,17.25
187231,5.043
32389,7.88
22783,9.56
75947,21.89
213746,11.945
199879,4.117
240899,8.71
36171,10.695
293371,27.89
156760,4.48
221727,5.27
56733,30.3
99118,12.695
94944,12.35
53255,16.25
202857,11.016
177185,19.64
296671,4.727
233966,24.89
183470,2.436
204621,24.89
172604,15.2
62968,9.02
132409,16.42
267899,28.86
175765,3.373
217802,22.08
289622,7.52
251245,11.97
197559,2.74
211920,9.06
94322,22.72
274526,7.504
65126,6.14
3466,40.28
19684,16.72
83702,5.59
124359,23.9
82002,7.773
75127,26.72
291606,112.4
116331,9.69
7179,20.05
270246,9.65
108463,16.94
42446,10.58
219017,12.46
76439,11.26
164330,10.47
258257,11.79
92099,28.97
180721,26.03
142615,36.16
67821,18.31
191882,7.05
220890,11.016
47612,13.78
227158,13.1
226938,10.31
208713,46.16
118780,9.1
280098,15.234
254819,10.29
251740,62.34
28694,5.895
132309,21.06
218633,19.48
276261,4.99
101470,13.1
205107,19.25
290908,11.49
61045,20.8
244447,27.72
199647,32.12
255842,5.96
250951,8.984
71605,14.92
166455,4.133
819,2.004
184778,12.51
259534,23.84
70671,8.805
18964,6.867
200371,3.053
267667,6.504
163230,2.637
108875,19.8
49496,15.234
80366,18.47
292348,8.125
33275,9.8
183307,9.52
200337,33.78
104977,9.36
244085,21.67
229506,8.266
145459,15.11
174999,9.04
171149,7.133
138468,5.598
144590,7.21
176278,14.016
60254,4.94
164085,13.81
49427,17.77
56964,12.86
295945,5.35
144579,6.742
178012,111.94
226697,11.375
44188,7.707
233220,19.33
3340,2.426
201441,22.3
18467,37.12
55696,10.51
23472,149.1
189916,39.97
73474,32.62
275996,3.018
11739,12.27
116441,19.97
237838,9.52
25270,2.285
146118,25.2
56822,20.89
142900,52.97
66964,12.35
4349,19.08
242034,27.61
195494,81.6
119002,1.78
130448,10.945
62871,7.67
19636,35.88
233513,22.16
274846,66.2
129420,11.84
23719,27.33
76185,7.05
65258,23.38
125409,5.906
162573,9.8
138609,7.67
69875,15.08
209175,19.05
270084,3.49
42956,6.7
43211,10.336
188311,25.14
121703,13.81
68149,53.28
216470,5.934
49866,12.86
37185,6.91
210983,4.805
42293,14.28
85726,8.21
116969,61.6
5634,116.4
265803,18.12
281371,5.996
278644,45.34
103812,25.0
255450,13.95
292942,11.04
23302,6.15
294676,6.973
229174,6.79
159072,24.14
292175,37.12
276387,7.95
269675,14.8
34349,10.65
280182,36.3
159226,14.31
148159,5.65
135508,13.75
209697,18.47
205819,14.7
115154,6.867
172632,20.17
220494,16.55
215267,23.33
191872,4.777
270142,11.016
124604,30.78
148998,19.33
146166,21.8
10017,10.6
203094,9.984
269351,5.703
54139,7.21
257262,31.73
237616,6.594
278612,7.773
204106,24.19
224962,9.69
199910,16.9
96541,15.08
31313,6.125
27281,4.7
213453,22.53
82675,44.34
192318,13.27
194251,25.25
298593,11.59
94568,9.92
63412,30.66
248160,9.75
282556,22.58
172784,6.297
208569,51.2
191567,4.547
115859,5.312
14538,19.8
57232,24.69
270964,14.984
229096,14.984
257153,23.23
59351,7.42
60306,150.9
183911,5.5
20339,39.72
11850,29.92
258689,41.7
15473,32.9
71507,12.56
202477,31.03
1593,81.3
127617,16.42
212109,79.7
287474,3.855
243330,23.28
221610,12.73
223447,21.14
181166,19.84
10071,12.695
238200,19.36
121154,3.656
151767,20.72
77510,10.09
80227,10.42
162347,11.62
280147,11.64
210290,8.266
26742,14.64
147490,15.266
297772,17.66
192968,35.6
21119,75.1
110987,11.18
10111,13.27
280410,15.945
217903,7.555
106577,20.97
19854,3.637
212055,23.9
104968,23.7
126251,13.93
293521,9.56
6726,9.81
19646,17.22
218971,8.414
101347,159.5
184716,5.0
264297,5.895
4405,15.36
115468,7.59
243549,9.75
295412,7.035
231964,17.0
16360,16.72
88591,9.55
220563,2.48
233509,15.69
140236,7.67
93761,11.52
70886,40.7
276144,8.79
202174,13.87
183168,19.72
285030,5.78
112493,12.41
111011,2.76
86175,28.62
222777,17.58
140716,8.16
264115,17.5
284451,7.773
30638,6.332
64065,21.45
44667,12.94
264378,3.416
33750,5.312
272732,9.4
104983,9.336
209497,13.95
283356,1.962
81501,5.555
64694,2.309
126580,11.945
298565,12.41
165065,5.03
204824,2.99
53475,24.44
284317,5.15
269919,100.6
113097,11.64
271708,47.0
261728,9.46
35276,2.852
207105,52.44
229234,10.35
233032,13.73
287632,2.03
237051,20.47
172813,4.312
158402,9.96
39612,6.05
239738,16.55
180079,9.875
241860,68.8
113823,9.81
4428,16.08
257548,10.76
284857,13.19
101495,34.47
30968,28.11
132976,4.562
217691,12.56
102211,9.71
64347,37.2
52318,15.85
247723,20.34
6889,2.422
185564,18.12
28647,14.43
244056,22.25
178943,8.96
260888,26.34
52006,17.22
292889,12.51
204159,28.05
238105,41.6
136553,25.81
77948,22.67
126162,6.594
178559,21.5
196315,25.0
269984,19.08
211062,4.09
22132,3.234
178931,11.42
284827,9.06
96279,8.51
281376,14.1
214089,24.39
193447,4.484
77213,8.414
95495,3.66
259249,10.47
47897,7.605
99066,25.0
225926,11.28
10200,15.65
151519,8.375
84431,40.53
228402,53.5
183974,11.11
201254,17.0
186889,2.8
184777,9.06
88069,12.86
118268,12.59
93406,12.56
104304,27.77
245941,16.66
242414,18.23
116151,11.18
203318,12.25
255725,9.664
161192,49.9
255329,7.035
122441,18.92
172651,18.62
293976,24.14
60555,8.055
298113,7.37
124052,15.266
144844,19.8
143542,34.47
58949,17.33
130551,14.43
168185,31.22
121257,20.5
143802,39.5
197311,21.89
226030,23.84
58456,10.24
77710,6.066
170406,5.395
31611,10.695
215116,10.65
18936,6.35
129133,28.62
141069,33.22
5108,72.2
7420,16.55
276657,3.3
165365,2.97
70009,13.61
96856,48.8
157446,131.5
137090,23.1
102458,134.6
113032,14.8
297412,11.79
264805,5.07
120015,11.28
266158,21.45
8969,9.945
35902,34.66
185366,16.22
38457,7.688
126614,39.1
67537,6.895
252537,28.97
115423,115.5
227315,11.13
86901,7.656
47114,18.31
132055,14.766
145222,92.6
54560,18.17
53250,2.959
67918,5.875
163590,22.86
152988,2.281
234363,5.95
267830,20.64
190358,18.62
43314,13.1
275822,15.3
91007,5.297
271011,28.56
54219,5.82
202267,11.99
101337,7.93
278781,22.2
258507,10.76
51826,27.27
197953,20.64
129228,17.69
153084,6.55
62637,20.8
64535,12.805
258565,10.12
248038,26.03
271648,12.805
230651,29.81
272498,12.27
58171,3.17
179881,15.49
258978,13.73
134883,14.28
107136,3.201
36200,12.88
245851,22.08
263965,2.852
271134,8.56
82373,4.855
116170,3.812
109582,21.19
97431,11.445
201317,13.22
152552,18.47
107549,8.0
238470,20.6
221813,4.973
204433,10.83
80436,10.336
20688,76.0
240877,17.44
135510,11.35
232893,24.3
152504,24.0
40602,6.203
80085,8.04
182766,4.395
80729,27.55
208040,22.95
108051,17.69
272747,5.676
1425,15.72
53886,13.695
292185,5.914
285326,25.66
109982,11.664
117884,16.86
153554,28.56
28147,3.336
216202,36.8
297967,16.19
162811,13.08
235614,7.773
92907,8.51
4952,22.72
259514,19.4
206130,16.9
198645,9.56
288845,23.56
154469,10.266
106039,36.9
168591,5.58
135747,3.762
18580,32.2
124737,15.05
213873,12.51
92103,34.12
230136,27.77
85768,6.99
204056,30.36
145354,30.17
157245,132.0
216199,9.02
127610,8.66
279943,6.375
263873,14.25
6864,16.77
193590,21.72
260167,17.22
119652,9.81
51566,18.05
61590,42.03
166885,43.03
20522,44.1
204241,16.22
283976,19.52
199261,10.875
56997,12.73
243762,111.0
94010,15.914
2752,43.3
54012,29.92
284730,5.3
82758,10.09
174536,7.406
202048,13.08
162381,33.56
119849,6.55
75315,12.805
237401,35.38
121834,6.477
133374,33.97
212902,20.38
257648,13.22
151562,8.92
184990,2.615
97185,26.56
186156,15.2
56718,11.016
102776,32.38
153969,9.86
163713,4.42
198559,13.414
244488,2.65
177792,20.47
212436,5.8
251399,18.7
238356,2.443
96411,37.34
255813,44.72
256971,14.49
149500,122.5
108159,17.58
56010,9.75
181756,5.84
183937,7.02
178953,4.59
116089,54.7
193637,27.27
194029,19.61
242020,14.49
7553,37.12
125645,7.473
233267,8.18
264396,8.4
181442,14.05
204636,13.95
131065,9.5
248920,7.035
149060,75.1
7111,4.773
293226,4.0
261200,15.11
66732,31.4
16862,3.508
268149,12.27
54617,16.69
69676,14.37
239949,18.55
215382,12.195
79918,8.88
231088,25.92
213850,49.78
157179,148.0
103227,13.44
225854,12.56
152908,8.0
247135,13.19
92246,34.3
25169,10.6
107248,9.06
274591,8.34
131406,12.05
73944,17.44
289633,12.05
21245,22.81
235514,27.0
180271,8.47
225843,87.94
237420,7.02
207778,20.05
51086,29.86
120249,20.34
267843,29.03
12199,11.64
112458,21.5
279839,7.117
267571,19.97
90690,9.484
207546,4.152
147340,46.25
254962,4.938
8882,8.71
27228,5.47
25258,5.773
278375,21.62
284568,4.41
219163,13.3
184405,10.445
201586,53.6
54029,12.305
4453,18.1
70854,11.84
140548,2.521
295969,3.117
175638,11.23
268422,20.47
152259,19.69
280009,23.56
142524,73.94
207998,16.31
195513,64.06
284035,23.1
15171,23.95
102591,18.81
272020,6.36
185493,10.9
53341,52.34
7053,16.55
116440,29.81
184956,7.555
252028,23.33
160321,8.16
92290,14.95
162394,20.6
188133,17.58
296829,17.88
60120,20.55
76323,5.11
121448,5.02
138608,34.66
12914,59.2
269941,20.84
26403,4.3
288881,10.625
120036,8.195
147681,37.2
66326,20.38
28800,16.25
134141,8.79
149078,14.64
78723,4.96
84487,19.05
172035,2.338
282895,7.895
269041,14.58
159219,16.38
196209,71.9
248768,5.1
236202,3.11
115434,30.84
211997,10.83
226592,16.28
151257,6.246
133025,14.83
85230,22.72
35306,2.078
12464,4.246
149277,25.97
22313,27.72
208670,20.84
110716,10.375
190660,4.7
11998,15.11
193537,15.945
243301,22.48
204641,5.043
234029,19.17
184505,11.11
260175,7.34
6909,20.42
292833,2.525
3941,8.45
122538,19.33
122155,26.34
76174,9.56
239291,5.277
107780,19.08
19856,17.14
3264,11.23
82372,3.426
278557,5.715
1229,14.58
284930,9.625
117949,30.78
17447,3.37
23161,18.39
59962,10.2
76647,12.05
68919,16.31
2929,19.36
123505,16.22
133212,4.44
132602,11.16
236130,13.47
154761,9.12
201115,12.33
285962,6.19
190031,38.62
181498,13.16
269219,7.758
2221,34.03
266205,2.81
19558,84.9
154251,6.668
235657,18.66
183699,3.178
33061,11.59
144594,4.55
60159,34.38
130180,16.8
64618,12.195
66629,8.305
33292,56.22
244972,18.1
121563,117.3
219087,50.9
236021,38.2
137415,3.113
74514,17.44
284390,11.445
137130,7.54
297781,19.28
153960,9.8
79987,4.55
165518,4.723
273342,94.06
153097,51.72
65037,17.0
143165,17.05
58844,10.31
142466,16.94
135210,19.69
50212,13.61
11367,11.26
58081,13.78
100369,31.4
284322,2.5
97643,14.43
74772,7.793
134482,9.38
140786,17.19
101075,38.78
107396,24.1
97196,36.1
218481,11.52
58327,4.535
94538,3.373
266550,4.965
35088,11.97
296181,7.082
113346,14.22
203304,10.875
115864,20.72
256039,5.664
192711,25.14
286867,14.734
214068,41.2
288510,6.637
23968,15.14
131807,18.42
232198,12.83
15451,20.84
231372,6.504
163764,13.87
166373,70.5
19305,73.06
7160,8.75
60574,21.06
202421,15.08
113100,13.08
61196,32.25
142953,24.23
224330,12.99
213203,18.36
289762,16.14
289010,21.89
155702,12.25
67854,48.4
16737,6.715
230372,7.242
181379,21.11
75048,15.33
59671,8.016
9646,13.664
160470,7.758
224494,46.34
278486,15.3
235354,130.5
253940,15.234
42186,6.31
17665,14.67
251393,8.984
296801,9.3
138459,14.95
62372,5.832
42231,7.895
278702,9.5
645,12.67
283378,7.555
296163,18.5
212135,50.5
165011,25.88
131855,15.05
243933,17.77
141376,31.8
9778,25.5
265076,14.734
275092,8.305
279681,17.5
4567,47.56
228324,14.555
207527,11.55
165635,9.24
157868,3.54
38554,6.973
198273,32.84
160747,45.88
102987,4.7
122207,23.23
244084,16.97
288041,4.793
57009,33.56
176946,103.44
186629,20.3
108985,42.53
133876,11.766
283274,4.438
117611,19.97
92340,84.56
219450,33.84
30702,1.985
176849,7.49
65266,14.46
159849,3.426
40887,7.688
151098,17.11
85675,11.28
286324,12.195
286097,17.44
241495,20.42
220115,7.83
151957,18.31
170142,27.66
142377,15.52
286177,41.28
94292,3.248
274064,2.215
181796,12.73
75191,12.484
74457,22.9
238151,34.38
279787,12.05
183746,143.4
207484,23.75
58266,10.23
50373,10.05
113612,9.38
39794,8.04
173234,2.822
165556,10.695
35215,26.72
116936,6.883
266456,70.2
141786,15.42
41456,5.465
217214,17.77
259708,28.92
295786,6.004
219570,8.45
185085,10.03
84727,10.13
142923,106.75
155196,11.06
72882,11.59
114312,54.7
244539,12.67
148893,99.8
152250,29.81
186073,10.805
234245,6.91
156745,111.94
277265,4.477
110269,34.6
298750,7.758
140795,16.6
65702,18.55
183576,5.895
81580,17.9
65708,66.7
58133,16.31
149417,31.34
296411,7.133
252617,21.84
281552,6.176
192758,21.45
282381,6.24
211983,8.91
144446,6.316
54784,4.793
187388,10.29
180586,8.234
227751,59.44
153879,4.438
279015,21.28
1986,24.19
284946,7.88
180753,4.914
211586,46.62
1907,49.7
220028,12.805
298691,30.78
75012,5.82
92334,65.4
12778,3.033
164290,18.81
167010,54.7
149642,14.1
190923,2.928
99364,107.2
137679,12.54
251127,10.67
68923,33.5
35690,14.46
292540,27.55
221458,17.8
210489,8.52
218124,11.28
190672,17.14
136268,18.58
216739,15.52
183406,6.324
103556,11.4
133009,12.27
9431,3.117
106094,30.78
63818,29.62
162935,4.926
120525,25.77
280194,13.61
192622,13.836
234050,16.66
77668,12.38
267294,12.484
290034,16.31
197386,21.4
222064,28.22
159074,18.7
52515,11.375
147407,27.0
255920,19.25
52934,17.94
134058,12.695
288056,8.66
108818,16.42
227414,10.42
248319,34.66
265111,9.8
55504,26.78
280996,8.43
141483,7.93
83857,26.23
13269,21.53
137715,12.99
214722,10.07
180664,2.266
233380,17.9
127640,28.05
94258,5.516
14612,8.484
261252,12.12
261234,10.805
189986,21.62
173033,10.266
48443,8.64
190927,7.688
71352,29.1
202899,28.56
14760,12.94
275880,6.836
27400,2.736
296691,17.08
181810,12.78
255878,4.344
110930,19.2
145771,31.1
108885,3.902
60528,21.11
172827,6.883
78880,11.445
199494,16.05
251025,9.73
80823,11.13
189692,9.12
190376,85.94
234365,14.1
195340,64.9
176148,8.414
296812,7.21
2639,101.0
225209,11.04
231422,24.44
204890,14.43
203431,26.72
209168,36.75
139223,19.52
174835,4.508
255645,15.3
100458,18.73
130184,16.6
171827,17.55
89854,5.484
269935,19.52
180023,5.656
177142,15.39
155055,13.984
181514,2.447
168307,7.67
220075,9.24
180607,17.61
242248,20.17
95981,5.742
186056,4.25
17197,23.75
88683,3.39
173112,19.36
116284,7.098
16192,15.586
197619,13.87
160620,1.799
71086,103.0
8903,12.914
254435,22.48
95934,1.622
175916,27.66
1980,56.66
76552,29.98
537,16.6
287639,3.846
240153,32.5
38100,10.78
176585,7.117
286753,15.52
284019,21.98
128325,22.81
129044,6.324
297083,12.35
205732,18.1
287695,15.88
251916,15.05
23349,22.77
8157,13.414
57012,34.6
238875,9.0
249117,42.38
244280,16.34
101159,11.375
108502,30.3
254457,2.473
113102,12.97
105635,20.77
99464,13.24
65416,5.914
71120,23.05
186293,7.504
118562,14.89
229071,28.39
139271,13.3
199372,3.578
196119,86.94
110122,7.004
206732,8.36
227581,5.688
53798,16.62
59593,9.71
145219,42.53
97164,4.977
176016,36.44
110383,13.38
11819,14.49
246888,12.016
271507,5.676
44237,10.03
237560,32.84
160344,8.29
44511,11.11
140729,4.59
184939,11.13
13302,8.18
261312,12.35
110988,10.03
73106,12.15
243808,13.836
283560,8.32
274637,4.555
86967,13.3
241509,21.31
193895,32.62
8351,5.457
231948,12.33
221157,10.31
93312,11.97
59658,25.25
8432,15.72
210714,21.84
258409,3.395
43604,44.2
7898,48.03
287619,2.752
183863,4.867
17265,10.72
224535,9.12
42115,12.695
295872,6.715
171011,22.03
79859,14.89
80748,16.97
91087,13.78
239464,5.15
275899,8.45
115718,8.87
138192,6.79
60854,26.34
128338,8.055
231588,9.44
217065,27.48
135038,7.504
95707,20.05
83349,6.21
129210,8.375
69248,28.05
62525,41.78
253021,6.867
238242,34.88
216919,16.42
226805,18.81
238720,50.6
129024,15.945
266502,10.4
277714,28.69
241806,25.1
288366,21.45
27475,18.42
20098,80.6
218131,9.336
43655,6.254
199076,16.02
267560,7.605
41474,2.76
146478,16.86
47650,22.39
41596,10.85
260515,7.965
153510,4.855
217501,17.94
247663,3.244
68309,15.88
142582,42.38
155934,33.5
152513,6.46
166416,26.03
156284,15.62
271415,24.8
21645,31.1
253080,6.125
85808,25.56
257058,9.65
69053,31.53
120056,4.96
149111,2.748
229645,39.8
291507,4.637
233586,6.668
247557,21.58
226610,7.793
193806,10.24
55061,14.37
195422,83.25
87332,4.22
115763,20.25
56436,8.62
9703,16.11
178568,8.695
55330,15.49
13796,11.305
59031,22.12
199538,13.19
181924,9.77
22709,9.22
286203,34.25
23038,17.94
42882,2.936
197610,32.2
196002,58.72
245117,14.34
232144,11.79
173854,26.78
104882,3.547
148750,53.5
295878,8.45
159920,30.05
24272,47.47
206297,29.1
229735,6.926
106459,26.72
232508,18.36
200020,7.86
51544,2.193
205855,23.42
7282,13.19
273217,11.375
35564,6.82
13549,23.52
138268,10.49
85647,18.28
18792,16.97
100904,48.12
184343,21.45
4258,6.246
270241,5.5
267506,6.23
26844,1.991
107046,3.16
39109,7.227
34173,26.94
76105,4.996
233901,43.3
164354,4.645
16552,4.605
234024,40.38
100091,21.53
241943,11.57
174311,2.459
94932,10.18
106815,10.805
269213,12.33
65696,17.11
52772,10.65
52239,9.71
4590,5.88
254536,22.2
195921,49.6
45567,4.496
114938,9.92
181695,7.914
265891,16.86
50975,22.62
191599,4.688
53535,16.11
190408,18.28
188044,5.734
295219,9.1
255644,14.92
276418,5.65
221935,11.4
45562,6.637
74852,16.52
121411,6.402
233098,12.64
94971,22.16
161825,5.63
135593,43.22
174357,22.16
220649,4.805
97616,12.62
221126,30.47
58022,20.12
13409,2.5
37606,32.3
278589,8.4
157540,108.0
49357,8.14
59048,17.66
125513,16.08
185070,12.94
246877,16.11
196610,94.44
103053,14.86
36419,7.555
199067,22.81
26503,5.332
75969,9.945
296024,10.13
5390,28.0
196571,68.56
202345,16.42
201416,11.04
241911,39.5
258474,6.266
110326,19.17
5817,28.17
41849,10.9
63109,9.55
145879,57.8
133099,8.92
65738,17.0
241856,15.72
134577,2.023
111376,24.69
181845,12.62
7604,49.3
84724,15.11
192259,12.914
136379,4.082
100434,9.04
49108,8.58
24610,52.03
116070,38.88
153573,10.51
211540,18.62
87599,3.865
52073,39.1
126803,47.94
66771,17.61
220970,14.58
103211,21.58
92534,37.94
28776,14.46
188151,6.105
98983,12.305
26965,23.75
53467,14.86
138703,21.58
56682,15.62
289334,6.562
146031,87.25
131135,7.473
60539,7.05
199212,6.715
90640,23.52
144909,12.914
103528,23.0
94265,5.363
282885,4.055
211213,9.26
34337,8.195
288043,22.2
84533,2.34
255693,6.07
52232,17.88
15494,8.945
228821,22.25
96544,8.62
70148,27.27
120759,6.926
271342,12.484
279391,18.39
40664,4.164
265491,9.44
254185,12.56
55084,13.414
87597,2.701
247543,38.72
253199,10.875
255385,11.42
164453,13.02
164575,7.54
296971,7.52
254047,9.65
13376,4.46
130101,13.75
51055,96.7
15788,18.97
31391,20.94
178681,20.1
177042,8.29
30711,9.484
295463,27.83
274487,22.08
13937,2.676
236088,23.7
130014,29.16
178217,15.08
279985,34.8
240385,12.64
147784,123.0
269076,13.13
84052,4.098
46408,17.36
260117,6.61
162377,4.79
151023,10.03
296819,17.14
151392,17.9
127215,15.75
261056,18.02
245605,71.9
30545,3.605
60216,80.0
227243,20.05
115754,15.3
171324,4.83
222316,10.875
283382,5.746
179702,11.97
83870,2.334
189954,5.98
18231,56.0
279979,9.75
242696,25.4
77240,10.336
30796,12.305
287600,3.908
263367,9.195
25118,1.8125
41221,28.39
179807,23.14
102601,52.44
213446,21.53
1706,74.5
130591,22.58
277574,21.19
85702,2.615
252844,11.99
126190,6.773
296453,7.195
198822,6.105
54936,9.9
63917,6.58
277350,12.94
188387,7.67
145713,58.97
66500,14.164
199791,9.92
200772,16.6
47259,2.48
222029,13.93
274173,78.75
170750,4.312
204028,27.48
71317,21.84
5054,15.65
139355,33.84
242220,17.0
20575,36.1
221525,21.84
212213,41.78
27156,2.975
202192,14.164
203439,20.25
184028,10.42
190808,17.9
200006,18.84
79880,7.035
262933,9.1
285314,10.47
67002,17.9
15958,6.113
256146,8.52
96265,4.66
76008,15.08
196169,66.7
171064,8.87
297917,6.008
184938,15.65
68213,9.9
186258,24.19
215028,90.44
56439,27.83
110847,7.164
198554,17.39
278180,11.57
86070,7.895
278879,14.1
67967,22.72
36155,10.53
154737,6.492
275936,5.387
98172,5.84
297866,8.805
77115,9.625
9070,13.08
295342,35.88
18043,25.92
96649,5.11
94754,16.22
88859,3.377
247279,2.752
1471,53.8
69513,26.56
184727,21.02
125298,4.215
250835,2.447
214885,23.23
237406,24.55
280738,26.14
451,26.89
212886,19.56
103748,29.5
57407,15.65
286428,22.39
150407,140.1
215555,6.758
140290,14.49
195309,62.6
296377,5.98
109009,15.88
72005,19.77
109718,22.81
173329,11.23
214592,5.08
253154,6.28
154342,6.016
134547,12.33
59175,8.67
106568,8.56
137159,11.305
158385,26.61
61401,13.61
286087,9.14
168035,8.77
175946,22.03
287616,4.062
261643,4.914
79707,25.2
240164,5.92
48731,8.695
123516,17.36
62335,13.13
266104,10.695
32286,6.07
221723,12.33
120357,12.35
138054,7.453
204427,11.52
199874,10.266
256246,19.69
185426,11.086
156358,20.89
89547,19.8
52685,9.9
237309,21.28
189894,130.0
273862,19.36
42281,2.383
13736,24.0
9642,16.42
107399,26.83
81438,3.102
22254,6.035
161339,17.25
42706,26.14
287386,8.805
35571,17.14
123574,15.586
34902,6.91
117129,26.14
31772,11.2
284954,9.1
209962,11.766
28787,4.17
12669,8.43
101688,14.64
33779,5.8
170097,41.78
297429,15.42
44561,10.49
97292,16.02
227502,12.78
128595,17.33
35587,8.87
155126,19.56
283255,22.95
52340,23.66
75066,4.465
63948,16.08
67983,14.05
38639,15.14
171571,10.9
17660,5.266
265811,5.383
37210,9.3
299431,7.742
196913,20.94
117441,15.81
160567,30.78
187858,3.041
174943,43.3
60690,9.96
191718,68.8
61353,12.64
190855,140.1
180059,25.66
210792,15.914
197968,24.14
161172,105.06
163890,14.164
6531,34.3
283943,17.61
264161,5.82
127987,14.28
251267,10.83
140487,28.97
228802,19.36
62546,30.17
76427,21.84
124128,20.12
253156,12.12
108609,12.78
2539,53.2
55700,41.44
276243,4.887
57210,25.45
263155,139.0
291148,27.77
153594,6.973
22247,7.406
76668,9.664
276022,12.695
112436,25.45
265678,18.39
72209,6.73
182241,47.0
201704,17.22
101119,7.37
54740,33.38
68517,5.742
49217,9.42
172037,10.16
122766,22.2
35241,2.193
187708,35.38
24394,22.08
179383,9.56
71504,10.49
93104,6.008
297262,13.414
79712,13.13
38541,5.99
237497,24.34
116958,15.42
99427,17.8
184821,6.23
113949,15.08
240957,18.66
265399,6.883
257177,20.34
260895,5.125
92469,23.75
238750,9.86
43406,2.107
204793,14.31
273132,8.36
192792,23.05
131172,22.86
256097,25.34
23838,6.22
136475,9.9
171566,20.17
232816,36.66
53077,9.86
118296,8.96
294744,6.184
195174,90.44
285501,5.363
169461,7.004
280914,4.69
94047,5.137
53409,10.92
3062,16.34
75043,17.33
149115,38.47
222675,12.78
242763,14.43
124045,20.8
143894,47.0
88560,5.47
244470,15.65
83554,23.14
209402,21.5
273775,59.44
120456,5.81
193381,6.58
224420,20.3
143477,45.7
56035,9.08
23115,14.164
205573,21.67
293869,23.8
44183,8.125
253134,4.93
129613,10.266
149479,76.3
238092,31.67
228749,67.2
32800,9.52
57465,10.09
189726,27.77
193171,17.39
77313,9.5
52097,13.664
293878,12.484
139598,123.0
295664,28.97
152350,25.25
60874,27.33
194637,9.65
277895,5.145
137867,27.38
146441,25.4
195757,52.75
226236,6.836
147511,16.08
185333,2.309
28185,4.91
15009,11.766
174606,7.242
112355,30.3
280328,19.97
45602,6.324
295018,8.14
118409,26.67
178841,30.6
8086,9.16
184698,15.98
199613,33.22
249983,22.9
61969,7.914
151882,3.684
190028,16.02
10004,18.5
107385,17.61
7430,3.809
72353,28.56
133918,20.67
90236,9.65
238713,8.47
167170,8.21
193684,8.04
2479,42.38
69305,10.49
274801,2.818
98328,11.695
190922,23.23
190185,12.43
262041,131.5
1076,5.363
171656,3.174
58859,49.9
141257,25.88
264966,51.0
219547,20.02
295862,20.42
123297,17.05
65123,22.39
140909,36.75
244951,18.2
23855,20.42
193365,22.39
13319,24.39
70459,40.28
161754,124.94
91354,16.42
178295,48.62
117183,13.414
204278,23.52
43953,13.75
1420,20.94
289374,21.14
32894,32.38
112613,10.72
154256,4.1
172076,8.234
34120,13.16
277119,2.863
77481,8.32
129447,8.32
63571,5.496
3846,10.625
160373,7.195
17798,17.94
27005,9.96
284023,20.6
196282,51.0
2634,47.28
41104,8.87
200630,19.33
74397,13.58
120491,15.85
177395,26.94
137776,60.16
111902,49.0
117537,10.05
153079,9.32
8338,22.67
280234,3.508
201429,17.66
25158,36.97
166040,9.14
150856,2.36
211468,9.32
85049,6.297
60403,21.14
201818,4.926
56938,10.97
272880,8.87
5720,12.64
248271,6.668
55881,3.326
64936,9.0
196892,23.84
215330,22.48
208803,8.805
261290,10.555
129549,9.75
144210,28.8
159009,19.12
267600,7.984
223289,3.5
176035,3.912
159282,4.496
276204,13.44
96682,30.05
251326,19.69
113944,10.445
274346,20.3
97764,21.31
105858,6.82
160617,5.81
32835,37.25
202556,15.78
193833,25.77
29044,21.89
228510,5.688
207692,13.414
189219,9.04
55283,9.336
69231,15.11
123793,4.996
20243,53.6
233547,17.55
213528,12.64
165680,5.223
89179,7.758
234669,46.8
133745,2.023
189244,3.842
248380,34.3
98382,2.508
29018,9.336
90177,11.47
44933,4.434
187370,12.23
171869,16.19
293328,15.72
270082,3.646
292291,11.305
31712,3.37
266027,12.86
86934,11.89
287214,5.508
273567,6.023
296770,10.6
9933,15.62
89376,17.5
102255,22.39
101261,25.81
230083,57.8
102960,16.34
209826,11.16
42634,2.246
114162,10.23
170330,6.82
137558,14.7
138498,14.25
220651,48.53
234099,12.88
240269,40.7
186668,8.56
21310,33.22
12268,37.94
213023,3.336
91931,24.3
34075,33.84
181808,17.0
135938,67.5
57198,11.26
175613,16.48
135811,12.83
269346,9.69
111377,19.69
47062,8.0
178469,8.305
124387,55.78
66107,47.56
29152,6.113
169488,22.77
76939,107.56
261940,14.25
52460,27.66
66345,6.418
216855,9.9
154684,22.53
193463,20.02
41472,24.3
228917,13.33
214463,38.1
208623,23.47
192395,3.156
298979,26.56
47611,5.496
11612,9.24
267204,8.36
215754,8.52
296538,5.11
87017,6.668
30027,35.94
229500,7.066
298346,2.715
202605,11.766
132777,7.707
5678,17.98
66064,57.34
279458,6.113
202780,7.438
41253,4.363
236835,14.58
14003,9.3
285766,15.586
75440,5.35
14287,18.39
121443,11.72
79517,14.25
171396,13.13
154558,18.42
9926,11.945
217780,120.6
70942,18.84
121752,20.02
52810,56.22
14864,8.52
126081,18.47
173658,29.56
238782,9.18
207070,12.43
37874,4.074
168620,7.406
134730,19.44
127230,81.3
238625,32.38
147712,59.2
251914,8.484
87389,13.3
278447,17.5
219058,12.88
218252,10.266
109660,22.08
17670,8.695
143932,104.6
78243,24.0
62759,31.1
103838,14.86
57773,16.9
248093,25.4
179817,7.49
130877,26.14
122140,30.42
291128,7.59
210870,4.55
161468,59.44
153816,5.37
252718,19.8
145131,24.6
1634,58.72
119271,65.6
267867,7.34
256108,6.29
49190,12.94
207759,22.16
22625,22.48
130117,17.08
98525,26.61
76177,28.0
111757,18.58
218729,25.2
240920,105.9
177952,22.2
157011,138.4
87157,17.98
106485,21.31
159852,13.75
60117,40.7
231626,110.2
156714,137.9
202032,15.17
252988,15.78
164451,5.0
166823,38.2
81795,9.46
250156,5.21
58413,14.4
226935,4.633
177507,6.58
124453,11.74
237320,18.42
173908,22.39
69468,14.61
66036,17.61
102491,22.86
140332,9.86
47284,56.22
214038,21.11
124001,11.18
233542,112.4
137530,8.234
38865,4.926
250140,21.77
97654,11.87
32827,2.467
125113,5.145
28299,4.145
200224,7.406
41787,15.33
234494,33.03
278675,20.34
295956,12.484
166241,81.3
28015,11.695
171066,50.78
67762,18.66
269161,21.45
193717,12.67
134123,10.49
66473,15.17
217687,5.812
296293,16.11
36516,7.082
298555,20.02
252697,14.49
114988,21.94
92424,18.58
262160,7.31
133496,7.324
282375,21.58
73524,66.7
292910,10.266
191838,4.547
259495,40.06
229636,7.273
192528,10.92
157333,80.3
127310,5.637
298588,6.625
105850,22.77
154506,5.848
99291,14.58
55082,11.35
18610,32.44
114687,34.38
159162,8.88
121227,15.945
10300,11.13
204950,5.008
11311,12.78
128575,97.1
76964,6.61
34422,11.47
246328,7.15
256703,10.58
285629,46.62
259525,8.945
252536,5.125
3816,98.6
165630,6.28
3468,18.42
225368,18.28
9319,5.246
52195,40.7
281725,14.4
39459,10.4
215928,22.34
92326,65.1
260272,19.33
182337,7.21
173707,15.14
284164,3.902
175205,10.875
123938,9.65
12011,13.16
158459,16.22
30401,10.72
293831,6.7
257583,8.43
114432,22.12
273713,18.7
180702,39.1
25259,7.293
12155,10.65
154115,25.66
63073,5.03
162632,14.734
21747,27.83
85184,13.13
181410,8.66
157310,125.94
218102,17.55
282271,8.4
191506,4.094
136663,9.28
126077,17.66
170899,17.66
140216,3.234
49915,7.273
258554,7.895
146388,5.508
83026,17.36
137465,8.43
82415,3.512
169645,4.645
261079,15.33
28577,7.64
182387,4.152
95987,4.42
80987,25.61
101272,58.72
261894,15.52
19734,55.34
6508,4.953
105985,16.66
288657,5.812
285421,4.78
39214,5.355
193191,14.49
200633,14.86
166561,22.62
131067,27.48
38217,8.14
172193,26.78
90721,62.1
132721,23.42
271674,24.73
246709,18.02
203940,22.67
71997,16.48
70908,11.914
144051,48.3
221714,24.19
112661,5.54
44537,14.7
73072,12.27
177628,3.889
40194,3.125
219420,3.734
271862,27.66
243551,13.19
199969,8.64
245730,32.38
40849,24.89
37487,11.305
178114,9.484
76347,24.19
176031,16.31
50756,10.945
15327,8.695
143361,16.94
80908,15.49
289907,17.28
145891,73.3
80684,8.64
254686,22.25
247610,32.84
243892,22.25
6575,24.34
47285,14.83
281011,4.676
31818,23.95
204284,48.03
3877,96.3
154161,11.13
205446,12.43
97383,14.22
257882,4.266
90868,21.31
103558,6.715
59269,14.4
97972,10.65
211045,27.27
265446,4.21
116435,41.44
202456,11.06
283547,6.297
165189,5.92
148351,46.62
141072,8.55
249524,4.17
299085,10.58
119104,35.1
1378,52.34
86891,30.47
60064,7.066
79258,46.8
5202,4.95
256043,9.73
259546,25.88
267053,33.03
82888,6.348
201961,19.72
211917,11.04
93077,25.61
969,49.2
47266,18.7
37880,9.24
236729,16.62
149519,53.6
118339,87.25
93593,21.4
130792,17.0
289332,2.947
34261,10.9
268500,15.78
14987,31.67
7304,52.66
97083,7.64
100787,38.1
47672,3.543
93481,9.24
202458,16.42
177284,33.56
106892,26.4
57109,13.08
182636,59.44
77838,4.69
171503,3.281
199336,11.26
140105,3.955
286145,4.344
267535,5.996
47405,7.62
254031,7.18
212637,6.61
57942,23.14
183560,11.18
194080,55.56
239432,6.367
133943,19.72
216206,10.29
115784,2.875
163380,6.758
53214,13.95
174304,13.75
165583,11.57
2039,47.94
192535,15.2
109657,20.8
180112,10.875
288591,7.355
94535,3.855
87057,7.258
204635,15.75
11817,12.51
34635,13.16
44221,11.445
85054,6.758
7344,135.8
26866,19.08
280408,18.36
239056,23.42
279729,12.12
228137,2.553
2420,25.97
182277,9.71
293799,17.58
258312,2.107
207232,8.77
296382,7.723
38458,9.38
101173,28.05
157889,6.492
239200,11.375
250894,14.61
20428,26.19
196502,106.75
58308,4.582
24881,13.64
149389,6.332
59207,38.94
181613,3.748
105035,14.49
260603,7.15
238374,12.35
42517,6.324
108182,10.2
170759,15.78
191157,17.36
243617,3.637
28370,7.83
36294,6.55
171811,17.55
8164,17.8
126026,15.52
170525,16.66
34798,2.97
271677,25.25
231601,2.178
162814,39.2
155812,2.654
276386,19.8
130705,22.81
163073,9.73
216453,19.4
261360,7.293
267762,30.84
151714,2.35
155022,4.52
130305,21.67
4015,8.11
18277,40.12
233689,15.33
130119,36.8
146205,9.22
78845,82.9
96500,8.36
199269,12.914
214888,20.42
37459,11.35
217610,21.5
43937,9.12
88197,27.72
171347,6.58
91818,2.047
260204,28.11
171792,16.8
46381,23.84
278364,14.92
42044,8.67
279684,12.64
292664,3.65
244460,21.8
198878,5.723
251181,19.0
76023,2.074
256680,29.03
16565,12.695
112046,18.36
252602,23.95
107716,13.61
133984,8.92
187884,18.39
27014,18.84
182730,13.02
235550,2.354
34787,2.28
158207,25.88
195895,50.0
266591,8.055
69396,56.44
259718,105.5
113049,20.42
255311,16.9
145485,16.28
26250,6.85
211282,16.66
280988,6.652
27702,6.55
12470,5.742
1825,15.555
289121,7.453
144622,6.715
17344,18.73
188429,11.79
4122,10.49
102017,67.2
161403,7.37
275927,3.197
109337,16.97
194145,6.348
290014,10.31
265809,2.559
142189,76.6
273827,6.29
30539,3.87
39927,12.17
133140,17.55
104748,15.234
17813,8.66
173595,20.89
1611,52.12
111689,34.47
230721,7.31
184943,14.4
295649,6.402
27987,12.35
121952,11.086
127899,6.008
26082,4.26
299088,10.625
288849,17.14
271718,8.92
108050,16.62
46647,4.098
162352,7.57
233886,41.84
66573,21.02
220801,16.08
142127,55.56
11721,15.72
199748,15.88
241268,15.62
4225,20.22
48484,4.832
112259,17.9
286131,7.742
53821,4.99
145614,76.3
109619,56.0
17673,60.62
44935,7.86
215649,3.56
278477,18.39
12857,8.34
203379,5.867
224903,10.51
100274,5.734
272111,29.27
160059,6.61
159331,8.67
245649,9.6
85030,6.55
112319,13.13
287601,2.818
298275,7.605
116254,7.95
278829,13.3
204781,17.11
39530,3.762
294609,8.88
229714,2.291
125934,9.06
174504,10.35
222658,12.38
126875,13.73
90577,6.066
289392,12.59
274198,5.11
268266,19.77
86700,21.23
115729,5.93
275212,6.926
257075,2.348
131024,23.0
208922,6.035
18456,58.72
245152,7.258
181607,24.84
261085,6.418
238691,41.34
294943,6.46
40431,5.895
32481,15.65
231059,14.43
272700,21.89
270460,13.02
172483,27.48
241569,9.9
271969,12.914
78027,6.195
189009,8.25
159435,4.42
154229,7.57
39566,47.47
173697,23.19
23519,63.6
59117,7.965
158002,7.914
129986,12.86
175369,11.695
31977,8.79
43327,7.164
104302,24.19
25379,8.125
213411,24.55
67959,20.34
146216,26.19
243244,47.56
167035,4.418
60384,34.38
44379,24.94
27618,22.67
85566,9.4
210339,3.98
61711,23.9
114794,17.83
230324,6.46
51656,30.9
132321,58.03
275373,19.61
236600,9.55
250152,5.043
299359,15.234
215090,11.28
275364,8.91
240984,13.22
16915,14.8
44280,22.44
169629,3.193
86184,24.1
140702,10.18
123947,13.27
152963,38.94
154154,41.34
131692,27.72
34018,30.23
231582,8.32
23039,16.38
237685,3.16
103427,12.51
51372,12.62
41182,9.28
201489,63.84
74383,14.25
59046,5.76
259595,12.46
230921,33.97
279315,17.69
259258,26.94
242407,17.05
179503,21.36
34062,24.05
193766,10.875
90139,5.86
206796,8.18
211063,19.52
95833,31.28
168702,22.81
214075,12.67
54476,7.453
248492,9.55
90888,6.133
125890,7.05
210760,3.615
292681,30.9
296360,7.723
117278,7.95
204581,25.3
197553,45.25
142009,54.7
159244,20.1
240942,3.96
232074,24.23
245567,34.25
274068,2.215
175965,64.4
67484,12.914
2590,36.22
181721,7.098
220194,9.46
286526,17.5
78267,4.13
141981,43.56
29663,12.23
190067,12.23
254398,7.555
226371,21.06
41384,6.203
142624,53.8
68466,25.5
178751,28.28
36392,59.66
175721,10.625
5663,37.94
74635,52.97
270244,5.723
273953,29.27
212471,44.53
281757,2.406
34723,12.67
123307,16.11
199790,6.375
179933,15.69
193399,8.77
17857,4.23
200415,2.623
248965,26.67
183097,12.59
245776,15.08
205471,10.4
229982,46.9
91861,11.06
92862,10.72
282838,2.117
168444,15.555
85265,12.83
189001,12.33
79941,20.34
30192,19.77
231427,4.598
196166,68.8
134868,15.49
112446,21.02
223784,1.843
87986,1.885
193532,33.62
115455,17.83
5050,14.13
296341,16.69
140288,27.38
186499,24.6
141791,17.98
33512,4.816
19507,43.12
159353,3.227
98995,22.08
147683,14.7
55919,57.12
217838,25.3
192455,23.52
221913,14.67
248586,12.484
42568,6.668
120913,23.0
7784,30.11
242975,12.86
121232,11.16
29655,3.357
153481,7.707
103722,4.535
149385,16.77
120921,8.484
110848,10.695
174847,22.81
24887,9.69
271593,8.234
229810,19.69
269341,4.1
258140,37.34
148250,21.31
148369,57.56
10272,4.41
111466,9.06
62778,15.555
178874,32.78
23178,12.27
61134,5.92
246453,6.113
186059,11.16
299136,21.77
193585,24.55
233865,78.1
4476,137.4
41482,2.572
4966,12.54
120973,13.9
255848,1.622
233761,20.05
263575,7.62
67818,16.11
251608,12.46
157182,152.8
116048,18.73
212056,13.24
36417,6.12
192702,8.75
10270,1.8125
194367,16.77
186793,14.555
94203,7.31
259004,10.78
3841,21.67
71035,19.77
201195,17.66
204381,24.64
166107,8.55
285652,2.03
3879,47.94
274841,12.64
1745,50.7
155579,11.79
143842,51.5
298983,32.25
48762,15.81
136344,8.414
178742,11.72
105737,12.94
133727,16.52
135724,9.3
169252,9.81
83299,7.895
24236,12.88
94200,15.08
285917,27.72
4334,8.62
226957,16.14
42898,14.555
20615,16.77
65035,5.09
60666,4.91
74975,2.254
248945,10.23
270127,8.77
215730,13.75
256286,14.52
38634,26.89
252428,1.693
236240,6.99
126530,11.18
249380,12.83
34121,9.0
30339,14.89
245301,7.605
41815,8.21
191309,21.84
224864,10.47
54325,29.81
47404,27.16
298269,7.42
96993,8.36
191635,10.97
237432,7.723
49409,23.42
124679,6.668
118778,16.22
140813,25.92
43086,7.066
258180,31.53
285553,14.95
23306,22.81
130204,136.2
107277,11.26
63305,10.625
208222,4.67
224350,29.81
183501,21.14
248089,18.1
71038,23.52
156018,25.4
247457,49.7
190409,6.836
141840,10.67
16263,25.92
262888,6.7
81434,5.58
55569,14.766
238282,12.805
58933,17.47
207091,17.9
111113,3.79
25090,7.605
119645,5.59
201462,31.86
123780,12.07
1304,8.75
288040,39.1
299144,20.38
424,16.31
155346,8.484
32171,16.86
220667,14.95
244443,11.62
106075,8.84
112696,12.15
192930,5.375
222172,20.47
11320,15.234
127148,9.5
235975,28.69
263025,19.77
185321,8.87
58642,19.17
17330,26.61
42987,11.33
530,15.33
211670,80.3
1833,56.0
224155,5.363
158027,13.64
211980,95.56
41986,20.77
170532,20.42
5560,32.38
267280,9.24
230582,11.49
213317,11.72
295979,9.32
191187,5.355
74797,34.88
55871,8.695
80260,14.016
114773,26.34
235787,21.89
132844,14.89
23902,22.34
263431,4.58
47582,20.64
219592,2.553
12987,13.13
45161,11.82
61377,10.03
220408,12.195
57899,14.164
105076,58.5
50368,5.418
164704,7.67
66421,17.94
112833,16.9
280232,3.96
163599,11.72
57402,14.61
51425,8.375
38795,13.93
156454,10.99
92656,8.75
84079,26.83
271246,8.016
129282,18.47
225152,11.72
147078,28.39
133878,10.53
235693,29.86
273994,7.066
264346,19.77
3477,155.1
274604,6.895
124147,8.52
174458,8.016
33743,11.13
75427,16.48
8002,8.14
142876,95.94
214480,8.34
243072,42.78
215031,18.58
15213,8.29
225472,26.78
229417,6.305
90214,38.25
151321,64.9
215045,16.55
181172,20.84
26576,12.07
210936,24.1
89606,2.924
218904,19.28
273482,9.26
176752,15.39
182403,3.156
180029,8.77
93391,9.6
54457,9.586
169924,4.426
127976,9.586
202382,14.52
207285,11.945
216511,42.53
230205,31.61
229561,14.34
23390,5.406
257974,10.53
197271,8.47
184802,6.684
27182,23.95
126170,3.955
80225,25.34
210926,33.3
140752,14.49
167858,13.33
120019,7.05
124135,12.64
209742,21.28
174141,13.52
80882,14.25
249791,9.4
108871,20.47
190040,11.74
158996,23.05
280850,2.625
107739,5.203
185123,12.51
285845,6.105
149667,10.49
203154,33.3
226445,16.31
238332,2.822
161961,3.664
252868,19.08
246605,18.05
47342,10.35
79946,26.78
60784,4.45
276682,30.3
128357,7.18
172413,39.4
127240,5.246
205404,22.53
164411,8.21
88898,11.82
4746,17.39
156118,6.805
97753,23.95
179077,133.6
156561,9.81
18243,30.53
280019,28.05
82951,21.23
19198,75.7
219983,12.97
234027,4.367
189748,19.92
269856,10.13
182545,4.93
81499,3.156
172473,2.129
158918,11.06
29346,10.16
239990,19.28
17985,76.9
280866,8.79
141186,18.7
222309,35.1
271994,18.36
56764,5.914
290365,10.99
185024,11.23
97354,4.617
138160,41.84
118179,6.316
255672,14.37
192012,5.484
289141,26.72
151170,2.203
298627,77.5
48330,14.016
255456,3.902
95384,74.8
72613,7.742
20543,13.24
137095,15.42
196326,50.2
192633,8.805
73042,8.14
186478,3.918
29715,24.05
297850,6.973
109119,10.51
202322,13.9
161845,129.5
268217,6.31
119261,8.734
291195,6.99
162958,9.22
163233,2.867
97052,4.684
267421,19.2
257057,17.33
262203,145.6
278295,15.65
239128,19.28
198752,14.61
36681,8.56
283121,23.8
196000,82.56
264952,29.69
143414,15.14
293621,5.5
41713,16.08
193545,20.84
50357,2.69
257391,27.55
137693,28.28
263116,38.3
209409,18.31
165529,9.52
199741,7.605
132216,29.69
143659,27.11
176289,10.92
88918,15.65
84946,17.39
289734,11.62
15063,21.11
119318,12.33
42262,6.535
225612,17.25
172296,5.496
155194,10.83
214529,24.55
134308,13.836
212338,13.64
148496,15.3
146477,42.7
137161,4.953
245389,12.73
21414,6.61
47577,6.156
226941,2.477
178501,131.5
230119,8.805
240776,27.77
175542,8.58
104820,10.13
222574,20.05
40058,10.555
270185,9.28
144143,3.465
289832,24.34
299003,14.22
278900,11.28
78488,2.855
237895,4.875
58639,29.86
236641,4.008
276476,2.904
212823,49.6
141985,52.44
1085,2.535
102592,3.23
45643,31.22
58951,7.035
100290,4.062
33178,16.72
175931,16.77
50374,26.19
57193,61.84
208051,31.16
41745,8.92
14418,18.66
62995,36.38
276800,11.62
176555,9.38
76949,3.889
19215,82.25
153813,6.05
221325,11.2
103018,10.42
210454,9.9
290614,9.42
234823,8.11
48435,5.684
143977,50.1
42974,9.945
250440,14.58
115407,36.16
182370,26.3
243095,33.5
169563,5.688
103655,14.555
211594,42.88
134277,15.65
169173,17.08
28478,34.66
231899,44.2
33645,25.88
54021,5.234
208267,7.02
115310,29.98
133271,10.31
146293,3.766
73480,29.98
280684,5.223
54714,5.61
719,7.406
13740,68.3
74525,9.86
59488,18.7
286014,9.836
221524,24.48
280309,2.629
51827,2.373
234818,7.258
255667,2.77
260784,3.064
124221,15.49
61457,15.05
58770,9.28
187237,21.31
54841,12.17
104919,18.58
121373,20.17
228339,16.08
32799,12.99
213699,27.27
49874,20.89
29418,2.41
214221,22.77
29295,7.453
198232,32.25
191037,9.75
34880,9.08
253116,3.076
75974,16.05
42290,11.23
33924,3.684
285474,5.137
62355,11.97
152330,25.1
55361,69.1
49849,5.78
124581,11.914
95140,4.93
217759,28.69
82990,5.727
73251,22.39
137662,5.156
55313,9.6
232686,41.84
154339,44.53
34510,13.1
130661,11.35
201632,24.3
133637,14.1
120270,16.86
154582,3.822
7838,5.617
229088,46.25
220943,2.545
206353,9.28
20140,27.11
38912,9.4
124906,16.72
62714,11.64
175225,7.57
255980,19.61
216907,4.547
298984,22.3
1963,16.05
282904,1.86
193222,13.78
29602,43.12
246150,19.77
74990,32.3
34980,7.49
74418,140.1
230765,15.945
77347,5.266
120550,6.504
22064,7.656
180838,15.65
68745,15.65
246968,2.646
98743,19.77
78711,15.78
231745,9.984
113744,15.016
248179,10.99
146450,64.06
74676,33.22
177189,6.016
18637,7.31
286025,13.836
191510,12.59
119586,13.87
45706,13.44
167570,3.088
51119,65.6
239282,18.31
249708,8.47
162013,61.6
224215,12.64
58001,13.02
252403,20.05
165675,1.877
288689,3.084
148055,30.47
2438,46.72
98039,26.14
51645,21.98
64022,12.56
207977,15.3
274244,13.93
287107,19.64
13138,29.81
207746,2.668
222368,4.863
190742,10.16
40857,15.08
50337,5.484
243415,25.2
74310,22.44
9864,12.51
249128,19.36
74492,36.1
91851,11.13
97547,8.086
67847,5.277
141321,20.77
180100,2.8
261196,12.83
96242,18.58
216426,24.64
86496,2.86
177297,2.396
109658,25.92
45097,14.4
66794,20.47
49008,6.715
201671,13.35
40733,2.99
26534,6.91
227961,142.9
37855,4.375
113057,10.97
1694,48.8
244335,39.56
268688,4.69
296845,2.34
245824,35.44
180626,18.42
297909,10.445
125626,6.637
205532,23.75
178152,35.88
53520,57.34
146162,125.94
88074,1.937
218474,8.695
233470,30.66
230092,24.94
269283,11.914
291215,5.684
95352,36.9
104777,20.12
58552,31.28
71727,19.52
142207,90.06
47878,8.91
132639,14.25
287808,15.65
81122,3.045
269432,7.293
169632,3.54
96621,1.788
216942,21.45
123299,13.9
92776,20.6
240705,38.94
61410,30.84
28273,30.36
202138,12.67
99473,14.22
232647,38.94
57995,23.7
8195,15.016
186502,33.5
245518,4.484
201984,53.6
198511,9.86
41057,15.62
200657,19.33
96421,2.062
254268,7.83
215340,13.61
49314,22.44
182159,5.848
51500,9.16
264250,9.3
43677,1.713
50094,20.3
128295,16.22
244187,8.0
16489,37.2
198989,37.72
32121,15.2
25433,22.39
191021,7.758
84738,3.56
51044,14.86
83452,11.35
77932,14.766
273399,19.72
275631,60.38
265467,9.38
262671,55.56
176636,24.84
97812,11.74
52142,10.12
254551,20.84
165693,10.13
113286,7.93
167956,20.1
66535,7.293
75147,29.16
88890,11.55
106945,26.89
297335,7.21
30996,7.035
23694,6.535
58204,17.33
43998,8.75
250690,26.5
130522,11.086
157642,10.6
251176,14.61
97357,5.043
83804,7.688
251287,40.78
150267,7.18
234625,12.38
237464,9.0
141779,23.75
41410,30.72
138148,15.234
173873,27.72
277637,6.043
87160,18.23
115925,16.05
216452,12.59
90153,12.12
210376,6.14
76313,10.83
34247,7.164
222424,38.47
31275,25.05
204775,11.89
140350,11.72
69694,10.375
269789,14.43
213058,15.33
159045,9.08
64005,9.945
81560,6.73
254743,12.805
155337,6.61
48017,10.695
13181,21.58
156484,10.945
80543,5.902
167953,15.586
150348,10.35
7101,20.64
76497,4.016
217789,32.56
280199,12.88
89831,27.89
188338,5.94
113389,13.75
126560,2.982
223410,28.28
273445,18.05
91150,35.16
132430,20.55
58185,27.72
3659,30.97
93676,11.914
86366,8.88
216937,32.2
298924,14.46
101639,2.162
298958,6.562
238350,7.227
218423,7.965
297711,15.36
56625,8.21
1112,51.4
297177,11.23
70648,44.25
76022,2.254
74888,19.33
148079,4.363
107732,5.246
119779,5.516
62979,8.84
264131,5.312
70949,10.23
218153,10.78
10728,2.598
189681,14.64
193953,16.05
42738,21.8
110670,19.8
281594,29.98
34725,11.87
11171,5.95
170801,2.895
245526,5.598
291981,8.66
199307,19.08
118025,58.28
36894,14.07
71519,9.14
147215,20.5
181370,9.984
39952,19.52
134556,5.812
206737,64.6
273591,1.919
149911,144.0
45217,2.807
94449,14.016
269192,20.6
246797,10.336
136243,5.277
65214,14.016
260851,42.1
204482,12.78
792,18.23
133005,38.62
244955,14.13
116972,14.28
135701,28.28
190276,23.1
154756,13.38
140940,23.05
66013,21.36
254988,6.91
3436,11.766
265968,9.836
49592,21.67
123546,118.75
187494,8.414
234051,18.84
292653,9.52
162372,51.72
297882,23.95
198462,20.12
171926,4.316
260775,43.38
20195,80.6
4333,49.2
135673,19.33
209421,29.5
274089,38.78
223080,10.72
259073,17.39
17580,15.65
84859,7.83
87601,10.4
181894,25.14
128307,19.0
153415,8.25
66141,23.84
34094,11.49
197872,11.16
160631,8.484
98331,6.79
277143,2.467
72468,19.89
225571,29.33
120756,6.773
272830,65.9
125812,8.984
227894,11.74
195647,89.75
194666,11.42
4370,18.89
86284,1.997
70687,4.637
207593,8.43
212810,13.49
231560,4.78
279811,7.984
163479,7.42
208929,11.72
248053,5.16
294141,24.89
220851,51.9
52494,26.03
138621,8.07
291764,81.3
99233,19.84
228464,24.19
267759,19.4
201107,6.098
179815,21.02
74134,22.03
54512,8.52
98354,12.305
281658,6.168
75675,27.05
251536,21.14
292548,42.88
62167,20.02
257156,16.11
175918,26.78
60616,13.75
293604,20.72
191112,11.59
211177,12.33
87846,4.254
177800,81.3
51319,29.69
104649,11.47
137166,15.17
146452,23.14
105137,26.19
174811,7.098
52330,30.36
140880,66.94
185431,23.1
153627,5.188
176225,7.15
262072,3.605
127048,19.84
231898,50.38
205658,24.05
34571,23.7
180402,3.326
205,10.67
60021,14.49
38469,4.42
133672,10.805
233259,21.4
245869,43.9
23758,16.77
61700,16.38
615,15.72
58650,24.89
32600,2.975
274233,5.97
204674,11.52
120754,5.664
119558,7.57
173104,24.23
11628,14.49
144177,28.45
50,9.3
282128,11.57
282387,3.326
172022,41.28
292063,32.7
209061,73.06
283392,9.195
20193,59.44
104755,16.45
190375,21.4
3625,97.5
173625,27.89
68896,29.45
182506,3.395
76737,36.53
982,40.22
221538,29.81
110282,31.67
254295,3.734
24507,8.62
178050,9.55
41163,101.4
15231,14.13
217850,16.77
115792,111.44
59612,12.35
155205,5.35
130843,56.9
292602,5.8
76519,26.45
33282,6.52
145991,65.1
82168,2.086
235237,133.6
39913,23.52
46659,14.58
131310,12.88
221582,9.46
268092,5.01
206068,16.22
111115,1.991
161919,158.2
181921,19.8
168990,5.246
85997,9.38
96344,7.59
205407,15.914
292716,14.766
138470,18.23
187160,9.44
265508,56.44
46057,27.66
140517,4.52
168904,5.742
85141,24.55
81443,4.254
217544,40.12
271767,27.0
102420,2.86
167157,6.184
218023,10.67
251529,9.836
52832,7.164
29328,16.22
2056,15.85
24067,38.78
268159,22.12
94583,3.809
176239,29.5
173226,25.3
209527,8.91
293585,101.4
99423,94.44
154805,37.12
169695,5.21
9179,5.32
161928,153.9
284850,7.05
129692,6.066
30215,31.03
99770,5.156
293467,13.52
214460,15.14
58906,19.48
280446,10.6
247496,20.47
296964,8.43
290520,10.23
94452,14.43
76620,10.67
219343,3.361
152093,23.84
177485,11.57
207780,28.69
271639,43.8
60285,11.945
115637,10.2
173167,14.1
121035,15.75
249240,10.18
158621,23.75
248719,16.34
266933,20.8
62325,32.56
168862,7.88
271601,22.08
53629,23.61
132715,18.73
147349,58.5
189668,19.77
36136,6.61
192527,8.67
149712,15.05
258019,10.12
240787,7.098
162246,3.795
43095,6.867
46073,6.14
138966,9.26
120484,22.2
14629,11.35
104668,21.84
83460,2.998
298415,102.6
33519,24.8
13418,9.36
205202,9.42
293290,26.03
88378,8.91
14718,60.16
231876,28.05
116583,15.17
245195,2.16
191026,10.42
224320,14.4
44864,6.19
217815,33.16
98171,4.773
164628,14.28
142195,56.9
47951,6.297
177071,21.28
36180,8.62
256492,3.256
198343,36.44
296774,1.902
8734,16.02
69770,14.64
297915,18.12
287419,2.36
231360,29.16
290701,5.793
94231,6.305
139489,42.2
114688,27.16
48242,10.16
267606,2.895
260114,16.02
150595,16.45
198879,8.11
140039,7.117
267800,97.5
23908,8.58
233597,53.2
97069,11.04
100245,26.23
202500,11.766
141123,40.06
278369,6.55
138213,8.32
244090,63.1
283054,26.89
229789,20.55
175725,49.78
115675,26.94
239139,5.508
184193,8.71
81271,4.137
131735,27.05
44258,17.39
99790,7.035
136692,7.67
268803,2.764
239285,16.83
155925,13.75
15583,7.035
91070,36.66
66046,12.88
97180,1.678
80664,11.18
213065,10.47
27949,15.33
10960,19.92
117639,17.58
210103,15.39
102077,26.83
71641,14.43
264946,5.477
9145,8.195
47728,43.03
87007,20.6
134718,6.758
173441,17.61
255623,15.2
293662,15.62
41516,8.79
288251,26.03
151243,17.14
217733,4.74
186280,18.17
128544,23.75
43794,5.996
22820,16.28
264818,10.375
239101,2.254
283891,24.84
170116,3.271
108277,25.4
274703,15.05
75276,12.914
290869,10.09
90693,4.824
120648,12.33
75952,28.45
285433,1.928
163645,15.2
104570,16.02
157306,93.7
16905,16.52
14323,42.62
140119,111.44
201290,92.6
202541,50.2
44941,6.31
2953,14.83
101041,24.14
13944,11.086
293694,16.52
139363,7.86
173312,37.12
283197,36.16
91954,27.66
214417,30.11
86545,23.56
16148,21.62
256196,22.3
125019,48.4
244944,27.77
114869,19.36
117512,43.56
205426,20.64
167806,10.695
195552,41.94
159402,14.19
218480,8.51
106948,4.074
107437,15.11
195507,54.7
137022,7.64
123252,8.086
144457,12.09
194399,14.31
54918,16.86
231296,13.555
135793,16.77
278210,4.62
65994,17.28
127838,18.81
94978,9.8
169162,29.56
189300,17.05
173806,33.3
126440,11.49
38233,14.734
231362,24.0
49079,4.742
24935,71.6
59395,25.61
241851,7.406
88636,8.75
115957,10.99
126788,17.47
139461,19.61
37739,23.9
221578,11.11
151171,10.9
213168,27.66
166234,138.4
155955,10.74
85237,21.11
151619,8.55
85666,13.93
183309,9.1
131572,4.438
133407,6.504
77001,5.81
113114,12.41
278796,2.275
53968,19.97
94242,10.2
187213,4.41
17373,32.9
209944,48.72
129980,7.21
123108,20.84
142298,27.61
207979,130.0
236107,14.37
81673,12.12
155161,21.94
23814,15.3
49282,12.33
192136,4.76
283446,6.39
271959,4.59
63969,69.4
167856,3.97
275087,5.83
145949,57.34
58528,17.9
246209,60.62
290226,19.8
229632,13.08
48415,10.445
201703,24.05
104493,24.44
186964,25.92
49334,35.38
291687,31.16
67388,28.28
10663,4.26
204470,14.95
242951,8.375
220079,6.402
139333,19.25
174563,9.26
12279,21.19
251420,5.656
28887,7.39
155355,19.36
139334,17.39
183403,21.19
297178,9.625
290493,4.645
14990,15.69
80145,11.97
119952,28.69
203114,10.266
243990,18.1
261484,10.13
216197,2.645
141248,49.7
68582,6.52
176660,4.844
40658,2.31
80337,7.52
163148,6.79
266401,7.64
14281,27.33
150716,54.03
139830,5.742
120650,16.28
130704,34.25
127441,24.23
298410,15.65
218259,6.7
80520,9.69
165882,4.8
116775,14.13
24194,12.56
15154,30.17
194499,9.12
100956,18.31
247547,14.734
60262,10.76
127872,5.637
201657,141.1
44588,18.92
86491,4.16
166730,18.7
59919,8.34
145807,6.07
53149,64.4
196511,45.53
5316,57.8
203623,26.34
90141,15.555
224842,20.84
43888,8.6
210190,24.14
178996,15.98
90485,6.418
26296,18.42
79030,4.605
225648,20.94
32664,10.35
62175,13.22
118576,16.34
199151,10.78
134137,9.71
164838,6.156
158829,18.89
196339,56.9
225962,23.84
226845,21.14
133451,6.805
17545,19.08
115370,20.72
194068,17.66
89244,27.38
62969,9.1
200154,12.17
269537,6.383
34142,7.035
103182,7.39
221648,4.633
100965,16.77
196979,17.55
107772,11.49
187823,11.914
50697,148.6
39244,3.87
279176,60.62
119667,12.805
252641,3.598
190856,10.35
18242,57.34
213718,23.56
56955,14.83
89788,9.71
283303,8.125
108417,25.45
30982,11.79
174272,6.637
186404,27.55
171150,9.36
18330,5.715
49607,7.02
20860,77.5
289292,6.7
18228,59.66
222785,11.55
103070,7.742
69377,10.555
233553,47.84
15115,18.12
175778,4.375
290209,12.78
135973,17.08
18383,17.55
287129,11.664
290098,6.58
260800,8.945
279860,50.5
277259,6.492
9290,8.92
79777,17.22
139322,10.875
5362,8.695
62497,34.47
115391,82.9
204830,6.445
288671,12.305
18318,14.28
149481,19.64
74893,19.52
167967,16.38
264052,9.56
219699,12.83
279228,14.34
142957,65.4
178417,10.375
195078,7.49
91426,15.17
288086,3.799
37355,12.97
76614,23.61
280621,37.25
67261,18.17
130011,27.27
255549,10.07
134405,20.17
98706,13.05
136450,20.3
197270,10.625
155136,11.33
35572,21.8
41091,19.61
36509,25.88
248751,18.92
210496,10.945
42637,8.07
200671,13.22
96554,6.668
289635,14.28
172648,2.256
273485,62.1
192249,14.19
171871,7.793
14425,35.8
15065,20.67
194237,2.188
4521,54.9
272951,10.51
285369,4.27
52756,71.06
58249,12.695
293819,7.62
297276,18.97
188362,14.83
115266,23.61
33550,7.324
148269,22.77
46221,14.05
247766,28.28
62398,24.05
130672,51.6
234648,60.16
51782,9.5
218592,5.215
9597,19.05
178527,12.484
245420,23.14
216223,15.33
270656,14.22
103612,12.07
14507,30.05
282517,2.764
126745,28.34
203474,52.12
56614,13.81
132672,6.625
259201,5.54
153652,5.0
155586,7.164
103536,8.984
58334,29.62
45206,20.05
23027,21.45
23798,8.88
31566,12.67
46698,12.73
58704,10.6
212584,29.2
201330,73.06
42756,5.598
194202,17.55
234315,3.852
166811,74.2
172922,11.375
111597,29.1
41721,16.9
159327,13.52
37403,2.184
112293,14.37
22525,26.08
52044,25.81
155739,6.82
294328,16.86
169290,49.5
168354,14.19
121649,49.6
120355,19.72
104817,15.14
277533,18.42
233670,14.61
62651,20.1
85834,12.23
295510,21.19
107345,6.434
113583,10.9
251442,15.42
140931,12.484
78930,18.36
141140,10.945
32735,4.16
189432,15.39
214051,81.94
153290,3.398
51943,12.805
16772,26.19
167198,25.66
233265,5.363
175508,24.64
259853,28.56
287251,18.47
139570,20.67
203426,9.36
253730,20.02
254232,9.02
220319,2.895
118384,22.2
143092,29.03
107071,23.38
99656,10.47
215196,14.28
84437,27.0
289712,15.78
69903,28.28
285445,5.63
182214,25.97
99252,6.176
67156,24.48
153325,12.27
105669,10.42
90450,23.28
123775,9.81
169770,17.58
97289,42.03
73809,27.33
162767,3.67
48786,11.74
13698,1.808
107252,3.566
182075,16.42
158566,20.38
25801,9.484
248577,6.94
4329,9.86
291344,5.82
173412,25.05
84731,23.7
3657,108.44
8981,49.9
242730,39.66
177198,29.03
149747,103.44
104132,5.08
27086,28.86
165369,15.69
71074,61.84
258392,113.7
130577,6.94
97898,7.62
248850,7.57
1845,74.8
294016,32.84
192543,14.43
5452,54.9
210813,15.08
256356,26.78
265693,8.96
1766,47.47
105454,19.33
152363,19.84
52275,10.266
271787,1.843
96453,12.07
203045,17.0
9665,24.19
149544,97.5
207537,49.0
89590,7.605
9675,13.19
185715,8.51
88377,11.375
285139,8.484
257339,25.97
285840,22.16
15389,26.34
103613,11.84
262170,17.11
43815,11.664
169911,8.43
78000,10.35
280759,36.38
252990,45.16
80591,7.066
71062,12.41
45891,2.166
286788,20.1
48634,6.805
118968,9.38
27597,1.644
146246,4.2
148388,50.7
227276,15.33
226273,28.11
36972,12.62
196437,59.2
168902,15.46
107578,17.33
58282,14.555
184215,10.01
222360,21.36
146474,48.53
222115,16.83
185217,11.16
31276,33.38
200211,3.512
186670,11.016
57941,13.47
160094,58.5
84553,5.21
292923,10.695
81748,8.34
93012,8.07
84335,22.34
261538,13.61
68607,24.1
222322,20.64
229901,3.928
268558,14.31
150619,5.258
180685,8.32
262584,11.87
251981,30.42
18909,42.53
267014,13.61
213877,13.58
281767,2.71
236887,12.88
258063,7.555
160353,19.36
27219,7.984
12875,4.703
242821,13.87
59799,18.31
124564,8.52
4454,14.25
236109,34.75
125772,30.42
22560,20.22
26567,13.664
28522,17.98
17959,79.4
43016,6.297
240140,2.818
86978,3.932
177398,28.8
286475,7.066
76421,2.967
225997,14.58
105494,16.6
56132,103.44
170458,34.53
59332,26.72
176978,8.14
18394,11.016
167131,22.81
189913,135.8
16488,54.9
205558,30.84
298422,5.34
159547,2.057
110401,7.355
235486,31.73
121449,19.97
22650,13.1
162586,9.3
222129,23.0
28004,4.805
223059,6.348
213053,24.94
14407,21.53
87342,14.07
133014,15.78
220521,9.73
124714,24.19
3889,15.85
13672,21.98
270114,9.586
179238,2.607
233127,10.97
63924,26.56
22222,13.78
182296,7.67
278606,5.54
10110,24.19
278098,6.24
243153,15.3
88771,7.688
277941,13.93
99811,7.707
214209,35.6
13338,20.05
36080,4.016
21825,21.89
20557,4.08
81696,18.1
82641,15.05
31817,25.45
199803,7.656
33055,20.47
296860,19.92
45313,2.936
66330,18.55
149333,29.56
272530,2.92
91788,10.945
269006,5.867
20662,30.78
118523,15.42
249220,2.594
142645,86.25
242726,6.535
137901,19.61
55904,5.008
255745,20.1
28670,7.707
139148,18.89
200123,24.05
123447,11.57
296655,5.246
152842,3.383
64442,12.17
45520,5.54
21832,11.086
9404,37.78
205719,20.6
107181,37.94
232275,31.34
102339,49.4
297099,8.695
23466,127.44
2673,20.38
38886,6.684
19995,76.0
271127,6.39
224321,10.31
272201,25.81
154522,15.17
196945,33.97
57042,15.586
195630,49.7
23645,24.23
190732,8.71
114463,16.77
280412,9.92
278411,11.4
24815,13.08
120278,21.45
123323,15.2
61600,3.193
297555,9.86
113566,7.605
295357,22.2
216249,2.309
105312,101.8
256463,5.895
120179,5.203
997,46.25
252365,17.61
229303,9.625
143755,73.3
65839,46.34
56879,18.31
222067,36.97
203225,13.64
203877,23.75
106960,6.15
127319,3.39
227257,43.66
170715,4.293
267544,55.12
128824,89.4
65642,19.12
88552,2.525
231897,16.94
209896,20.5
227300,21.67
140926,7.93
45,20.3
266891,21.98
51048,8.0
164340,19.84
213165,5.15
254351,14.164
173497,4.234
196879,25.0
78038,5.02
113805,21.58
15330,31.16
3273,14.95
209047,13.555
208072,17.69
206084,10.4
125093,10.13
85548,2.068
138783,12.75
89196,47.56
42192,47.75
26014,46.06
240746,10.53
148977,14.984
293442,9.14
125407,8.79
68879,32.84
156547,6.492
135678,21.98
168767,28.69
158964,14.555
99919,9.04
33541,9.336
116475,10.74
57287,29.81
8831,24.0
278245,24.3
38485,8.91
226833,10.555
162812,29.1
94835,17.25
18226,56.0
138691,20.72
132290,12.56
215280,17.05
90073,11.11
58235,16.05
237230,11.62
220629,13.3
252508,12.805
148515,80.6
155927,25.4
235572,24.94
121284,25.81
206422,26.89
179300,26.4
52181,4.27
38575,8.83
62508,10.78
249863,10.53
193529,7.773
44420,26.94
158502,16.94
295815,8.92
54380,10.85
133909,5.35
15861,12.41
129236,24.64
81397,8.34
279275,2.662
44989,9.36
117744,18.55
60481,7.066
206205,20.8
191707,22.48
255139,10.92
207791,35.88
116737,9.6
152110,23.52
117363,7.86
151633,7.18
16997,27.05
8078,11.16
199888,4.312
238161,14.89
13429,4.18
251749,8.79
167364,6.625
69072,24.34
192949,2.305
172507,14.05
201081,12.35
7274,6.94
2016,29.16
120623,2.951
290203,8.87
272672,16.77
126011,18.5
62583,16.72
159245,5.312
45215,8.125
133461,23.38
35183,5.06
179504,21.84
14817,11.695
47046,21.89
191799,2.615
162948,5.934
135024,5.0
128344,13.78
46996,16.8
93616,4.902
249434,14.984
162217,3.281
230487,13.35
279477,10.01
